topic,event_id,label,tweet_id,text,clean,toxicity,flag_0.5,flag_0.7,flag_0.8
Misc,EN34,False,1508157033119457288,"Zuckerberg, Soros, Gates &; other wealthy people flood elections with money all over the country in order to get people with their values &; interests elected to office.

Milwaukee Officials Sued in Zuckerberg-Related Election Bribery Case https://t.co/EwBAg9AujF via @epochtimes","Zuckerberg, Soros, Gates &; other wealthy people flood elections with money all over the country in order to get people with their values &; interests elected to office. Milwaukee Officials Sued in Zuckerberg-Related Election Bribery Case via",0.12240000000000001,0,0,0
Misc,EN35,False,1511297133630083073,"Sussmann's lie to Baker was always in writing. 

There was a text message and Durham held it back until now.

Should be noted that Hillary Clinton via her campaign &; the DNC was paying these private cyber contractors to spy on Trump during the 2016 Presidential campaign, and the","Sussmann's lie to Baker was always in writing. There was a text message and Durham held it back until now. Should be noted that Hillary Clinton via her campaign &; the DNC was paying these private cyber contractors to spy on Trump during the 2016 Presidential campaign, and the",0.08984,0,0,0
Misc,EN33,False,1506447640267202560,"Bill Gates has done more to damage human life than any other person on earth, he literally tried to block out the sun, claim all of your data on Microsoft computers as his own, promoted mandating experimental gene therapy, organized a world war. And morons are saying ""Putler"".","Bill Gates has done more to damage human life than any other person on earth, he literally tried to block out the sun, claim all of your data on Microsoft computers as his own, promoted mandating experimental gene therapy, organized a world war. And morons are saying ""Putler"".",0.8028000000000001,1,1,1
Misc,EN32,False,1316479807941566465,@LaurelCottageMa @SenKamalaHarris You mean their Antifa supporters who start forest fires?,You mean their Antifa supporters who start forest fires?,0.06264,0,0,0
Misc,EN32,Other,1325518022438756356,"@ramencult I've mentioned once or twice before. The lack of Federal response to the wildfires on the west coast was especially galling to me given that much of the land is under Federal management.
https://t.co/WGlDGlHLig",I've mentioned once or twice before. The lack of Federal response to the wildfires on the west coast was especially galling to me given that much of the land is under Federal management.,0.0896,0,0,0
Misc,EN35,False,1509986902086144008,"Why is it that Mrs. Bill Clinton and the DNC are not being tried for treason for misinforming the public for 5 years about President Trump, using taxpayer dollars to spy on a political opponent and defame him?  If a Republican did this there would be a very different outcome.","Why is it that Mrs. Bill Clinton and the DNC are not being tried for treason for misinforming the public for 5 years about President Trump, using taxpayer dollars to spy on a political opponent and defame him? If a Republican did this there would be a very different outcome.",0.12936,0,0,0
Misc,EN31,Other,1327335803249278977,"@FrancaRose33 @Tampke @johnralloa @FrankTompkins1 @photoartist9 @badjin_rank @Peaches_Sabrina @kittyst0mper @CoxsTench @extremecompute @yammerapple @garner_forest @FlynDutchman466 @theHazelverse @rincewind_t @it_is_me_GH @RomanthaAries @mikeinmarlton @kristenschaaled @TheJeffBradley @insaneknight85 @BidenInsultBot Franca, we're nearly a year into this thing, and Trumpers still don't have a clue as to the basics of virus suppression &; mitigation. It's a testament to Trump's nonexistent crisis management &; poor leadership. He left his own supporters defenseless to the slaughter.","Franca, we're nearly a year into this thing, and Trumpers still don't have a clue as to the basics of virus suppression &; mitigation. It's a testament to Trump's nonexistent crisis management &; poor leadership. He left his own supporters defenseless to the slaughter.",0.08232,0,0,0
Misc,EN36,Other,1495527965937090569,@RockyMountViews Grapefruit and banana so far.,Grapefruit and banana so far.,0.10696,0,0,0
Misc,EN33,Other,1493057408502951939,"@gyneth007 @1_TMF_ @_Lost_My_Way_ @Theresa1Voyce @TheWhogg @abrashashapirus @TerranceandPhi1 @Rhianno40418828 @JaggerMickOZ @KCTaz @awright_1983 @swcrisis @ErikPar51701323 @AustralisPiper @Michael_D_Crow @TakeThatDarwin @Tokyo_Tom @earthisaglobe @ElQuesoSabio @MartinDn1001 @NoelTurner194 @Enigma_2626 @3GHtweets @dunvirkin @Kenneth72712993 @Camburnclimate @EthonRaptor @coolvideolights @lapogus1 @LisaMarOz @ellecam7 @Patrickohennes4 @Cole44749821 @CEF_1914 @chuzbucket @GillesnFio @NikolovScience @grantde @CymaticWave @Gladfly1 @dvibrationz @Cosmic_Engineer @prodreamer1 @ADevotedYogi @bjames280961 @badmoonrising11 @elmarveerman @Achilles_1985 @PolAnimalAus @roberto_cojones agreed ""Professor David Keith Admits Many Thousands will Die from Harvard Solar Geoengineering Program 2018""    https://t.co/6UfBbS8Z4k","agreed ""Professor David Keith Admits Many Thousands will Die from Harvard Solar Geoengineering Program 2018""",0.10848000000000001,0,0,0
Misc,EN31,Other,1327761825849438208,"@cathmckenna @TurnbullMalcolm Your a fucking idiot, of course climate is changing, it always has and always will, you, the rat turdeau  , butts your friends and the rest of you cronies are vested in green energy under the guise of climate change but in actuality it’s for further enrichment, on taxpayers backs","Your a fucking idiot, of course climate is changing, it always has and always will, you, the rat turdeau , butts your friends and the rest of you cronies are vested in green energy under the guise of climate change but in actuality it’s for further enrichment, on taxpayers backs",0.52392,1,0,0
Misc,EN38,Other,1494091233395892226,"@PaulcBitcoin @KonstantinKisin Been listening to bill gates a little too much, eh? I’m guessing you’re also a big fan of abortion?","Been listening to bill gates a little too much, eh? I’m guessing you’re also a big fan of abortion?",0.10216,0,0,0
Misc,EN39,Other,1511387840407560193,The Last Word with Matt Cooper https://t.co/q7Vq2yeBEv via @todayfm The State of Alaska is in a state of disbelief that Sara Palin is running for office from her perch looking over at Russia.,The Last Word with Matt Cooper via The State of Alaska is in a state of disbelief that Sara Palin is running for office from her perch looking over at Russia.,0.36312,0,0,0
Misc,EN32,False,1318442386175873025,"@WakeupAmerica9 
#Communist #AntifaTerrorists #blmterrorist #antifamurderers #antifafires look the #DomesticTerrorist group that started the forest fires this summer are back to setting the cities on fire.
https://t.co/keprickKts https://t.co/tDIjZbMV5L",Communist AntifaTerrorists blmterrorist antifamurderers antifafires look the DomesticTerrorist group that started the forest fires this summer are back to setting the cities on fire.,0.31368000000000007,0,0,0
Misc,EN37,Other,1495186188990308360,"@BillKristol Just after the 2016 election, a trump guy told me: 'President Obama gave too many rights to women, POC, &; the LGBTQ. You know why trump is going to be POTUS? Bc you all need to relearn your place under the white man.'
I've heard this in different ways 1,000's of times since. https://t.co/qzgz5xjJeQ","Just after the 2016 election, a trump guy told me: 'President Obama gave too many rights to women, POC, &; the LGBTQ. You know why trump is going to be POTUS? Bc you all need to relearn your place under the white man.' I've heard this in different ways 1,000's of times since.",0.11560000000000001,0,0,0
Misc,EN33,False,1508116173489008644,"@RepThomasMassie Bill Gates is a lunatic.
He owns more of America's farmland than farmers.
He is friends with CCP who also own a lot of American farmland. I'm sure Gates made that happen.
He wants to block out the sun to slow ""climate change""
How idiotic is that?
Bill Gates is a threat to America","Bill Gates is a lunatic. He owns more of America's farmland than farmers. He is friends with CCP who also own a lot of American farmland. I'm sure Gates made that happen. He wants to block out the sun to slow ""climate change"" How idiotic is that? Bill Gates is a threat to America",0.50056,1,0,0
Misc,EN36,True,1470605515814162432,@SpoopBee @VeganHonk666 it is kind of a confusing topic.  This is probably the best rundown on drugs that are and are not safe to use with grapefruit https://t.co/UC28nOCNnU,it is kind of a confusing topic. This is probably the best rundown on drugs that are and are not safe to use with grapefruit,0.09944,0,0,0
Misc,EN37,Other,1495185097670201345,@1AmKa3 Mocks Obama in every gesture. She been hanging out with the clown. Watch her on tv and come back and tell me dieffrent,Mocks Obama in every gesture. She been hanging out with the clown. Watch her on tv and come back and tell me dieffrent,0.07752,0,0,0
Misc,EN39,Other,1511464025225367552,"@Hari2Seldon @RT_com That's an idiotic approach.
More escalation would cause more damages to Ukraine.
I love to see this happens between #RUSSIA and #USA  over Alaska.
That would be fun to watch from a distance, and of course giving stupid ideas sitting at home.","That's an idiotic approach. More escalation would cause more damages to Ukraine. I love to see this happens between RUSSIA and USA over Alaska. That would be fun to watch from a distance, and of course giving stupid ideas sitting at home.",0.95,1,1,1
Misc,EN37,Other,1494870772116037635,"@krismeloche Birther bullshit and unoriginal at that. Obama was a Kenyan Marxist; Trudeau is a Cuban Marxist. Inb4 Trump makes it a campaign plank to demand PMJT's birth certificate from ""Cue-bek"" written in ""Spanglais.""","Birther bullshit and unoriginal at that. Obama was a Kenyan Marxist; Trudeau is a Cuban Marxist. Inb4 Trump makes it a campaign plank to demand PMJT's birth certificate from ""Cue-bek"" written in ""Spanglais.""",0.26384,0,0,0
Misc,EN37,Other,1495185497324498950,"@nheilman @KillsburyShow @AP So then where’s the years long investigations into Bush or Obama and even Biden. They’ve all broken the law multiple times, yet I don’t hear about how they’re being called into court or a new investigation is started for them every other week","So then where’s the years long investigations into Bush or Obama and even Biden. They’ve all broken the law multiple times, yet I don’t hear about how they’re being called into court or a new investigation is started for them every other week",0.1076,0,0,0
Misc,EN31,False,1325800050732232706,"2018 Amid Californian forest fires US President Donald Trump accuses state forest management of ""gross mismanagement"", threatens to withhold funding
#OnThisDay","2018 Amid Californian forest fires US President Donald Trump accuses state forest management of ""gross mismanagement"", threatens to withhold funding OnThisDay",0.32848000000000005,0,0,0
Misc,EN33,False,1504301125792669697,"Bill Gates Goes Full Sci-Fi With Global Warming Plan to &;#8216;Block Out the Sun&;#8217; https://t.co/RGE1UDLSrh via @relevant

Sadly too late. 
Been going on for DECADES.
#Frankenskies the movie.",Bill Gates Goes Full Sci-Fi With Global Warming Plan to &;8216;Block Out the Sun&;8217; via Sadly too late. Been going on for DECADES. Frankenskies the movie.,0.6165600000000001,1,0,0
Misc,EN38,True,1484653415443701762,"@2006Giuliana @TestamentOfDark @BowieArt @DavidBowieReal @drinkwa76472468 @TheNomiGirl @Brooshski @LadySta48470651 @colacrom @Franklyaghost @thenextday13 @virtualalien Jul, thank you for this pic!😍💖💜⚡️ David and a game called Omikron ))
https://t.co/BZWAjkRWxl","Jul, thank you for this pic!😍💖💜⚡️ David and a game called Omikron ))",0.08816,0,0,0
Misc,EN34,False,1509710743490412547,"🚨Milwaukee Acting Mayor Cavalier Johnson, former Milwaukee Mayor Tom Barrett, and Milwaukee City Clerk Jim Owczarski violated Wisconsin’s election bribery law, Statute § 12.11, by accepting private money from the Mark Zuckerberg-funded Center https://t.co/dNHuf5Sftn","🚨Milwaukee Acting Mayor Cavalier Johnson, former Milwaukee Mayor Tom Barrett, and Milwaukee City Clerk Jim Owczarski violated Wisconsin’s election bribery law, Statute § 12.11, by accepting private money from the Mark Zuckerberg-funded Center",0.10736,0,0,0
Misc,EN38,Other,1478110547371610112,"@scuffsy @YourGloriousSun @ENDTHISSHITSHOW @XyL0nJaY @MingGao26 @Feenielives4him Omicron variant spread at anime convention NYC

MANY Greek “O” Omega AND omicrons in anime gaming https://t.co/hUpZtesutk

1999 game Omikron is “about demons pretending to be humans and harvesting their souls” 😳

coincidence?  https://t.co/jYM5gbWL0J 

https://t.co/Srh8cBFw73 https://t.co/0glfrRvomQ",Omicron variant spread at anime convention NYC MANY Greek “O” Omega AND omicrons in anime gaming 1999 game Omikron is “about demons pretending to be humans and harvesting their souls” 😳 coincidence?,0.13616,0,0,0
Misc,EN36,Other,1494827242530168836,"@elshin19 @WSisFraud @YALiberty @joerogan I'm high risk (lung issues), so I took everything I could short of the poke. A,C,D, Zinc, NAC, Quercetin, Mullein, Garlic, Nigella Sativia, &; Holy Basil.  For a few days a nasal spray with Xylitol, Grapefruit Seed extract.  Covid didn't touch my lungs, was like having allergies.","I'm high risk (lung issues), so I took everything I could short of the poke. A,C,D, Zinc, NAC, Quercetin, Mullein, Garlic, Nigella Sativia, &; Holy Basil. For a few days a nasal spray with Xylitol, Grapefruit Seed extract. Covid didn't touch my lungs, was like having allergies.",0.08128,0,0,0
Misc,EN33,False,1507461417766588418,Bill Gates hatches 'horribly stupid' plan to block out Sun - just like Mr Burns https://t.co/lstaYUmY7r,Bill Gates hatches 'horribly stupid' plan to block out Sun - just like Mr Burns,0.26568,0,0,0
Misc,EN36,Other,1483498606678192134,"@Grapefruit_Juce @AnasSarwar @Keir_Starmer 'With/of covid' &; manipulation of numbers biggest lie. Any death, any cause, sad.. Clock running 22 months on SARS-Cov2  to get numbers high, trial stage injections sold as safe, risks to 99%+ grossly exaggerated Lockdowns useless &; dreadful harms incl.delayed treatments,abuse++","'With/of covid' &; manipulation of numbers biggest lie. Any death, any cause, sad.. Clock running 22 months on SARS-Cov2 to get numbers high, trial stage injections sold as safe, risks to 99%+ grossly exaggerated Lockdowns useless &; dreadful harms incl.delayed treatments,abuse++",0.32224,0,0,0
Misc,EN35,False,1510794312073682945,@hardmeat_brick How do you feel about the proven DNC Clinton campaign’s fund paying for Russia’s fake Steele dossier to illegally spy on trump and attemp to say the election…? What are your thoughts on those widely proven facts?,How do you feel about the proven DNC Clinton campaign’s fund paying for Russia’s fake Steele dossier to illegally spy on trump and attemp to say the election…? What are your thoughts on those widely proven facts?,0.35488000000000003,0,0,0
Misc,EN34,False,1508963473513975815,"@maggieNYT 

Take a peek of some the shocking results of the audit revelations from 2020 election in the Wisconsin. The corruption that incurred by Zuckerberg’s money alone is astronomical.",Take a peek of some the shocking results of the audit revelations from 2020 election in the Wisconsin. The corruption that incurred by Zuckerberg’s money alone is astronomical.,0.126,0,0,0
Misc,EN39,Other,1511385084213047307,"@lawfareblog @RatlSecurity @ARozenshtein @qjurecic https://t.co/e8UJSSa2I7 

To all #Conservative #Trump #Republicans #GOP #QAnon voters
An Interesting verse from a catchy song by Putin Hitler-Jugend propaganda in Russia
‘We’ll bring Alaska back‘ 

#StopRussia #StopPutin",To all Conservative Trump Republicans GOP QAnon voters An Interesting verse from a catchy song by Putin Hitler-Jugend propaganda in Russia ‘We’ll bring Alaska back‘ StopRussia StopPutin,0.95,1,1,1
Misc,EN33,False,1509010757471678467,@elonmusk Why does bill gates want to block the sun ?,Why does bill gates want to block the sun ?,0.11736,0,0,0
Misc,EN32,False,1308476302073102339,"@LovelyGigi33 Fires, most wild but some arson started, have killed and destroyed, billions of dollars in damage,how many were potentially caused  by this terror group?In Oregon,resident home of the step-child of antifa, not-so-antuffa, there have been arrests of arsonists but none with brains.","Fires, most wild but some arson started, have killed and destroyed, billions of dollars in damage,how many were potentially caused by this terror group?In Oregon,resident home of the step-child of antifa, not-so-antuffa, there have been arrests of arsonists but none with brains.",0.31528000000000006,0,0,0
Misc,EN39,False,1502356540157837322,@RepMTG Breaking News: I just read that Biden is selling Alaska to the Russians so that we can start drilling there.,Breaking News: I just read that Biden is selling Alaska to the Russians so that we can start drilling there.,0.69488,1,0,0
Misc,EN40,Other,1497957164198993920,High accuracy solar and lunar positions make for a better compass than the Earth's magnetic field. https://t.co/1F0KUZgutE #PolarisCompass #FindYourCar https://t.co/hNUBCaoWna,High accuracy solar and lunar positions make for a better compass than the Earth's magnetic field. PolarisCompass FindYourCar,0.27352000000000004,0,0,0
Misc,EN31,False,1326170302926217218,"553. 11/10/18 – Trump blamed the Camp Fire, the deadliest blaze in California’s history, on poor forest management. In a tweet, he threatened the state: “Remedy now, or no more Fed payments!”
https://t.co/RIWVymDcTW","553. 11/10/18 – Trump blamed the Camp Fire, the deadliest blaze in California’s history, on poor forest management. In a tweet, he threatened the state: “Remedy now, or no more Fed payments!”",0.29168000000000005,0,0,0
Misc,EN37,Other,1495068686121684999,"@Dumbrod5 @elletamora @Verizon @thatonequeen @SamsungMobileUS The GOP made it publicly known that they would obstruct anything he does and the President who came after, still shouts about Obama's birth certificate. Obama's run brought out the polite racists who couldn't hide it anymore.","The GOP made it publicly known that they would obstruct anything he does and the President who came after, still shouts about Obama's birth certificate. Obama's run brought out the polite racists who couldn't hide it anymore.",0.11152000000000001,0,0,0
Misc,EN37,False,1495010583208464386,"@seanhannity Even Durham said it was fake.  Just add this to the BS list with Seth Rich, Roy Epps, Benghazi, crowdstrike, the Obama birth certificate report, the KRAKEN, crossfire hurricane, burisma, the Barr report, Dominion voting machines, etc…the list is endless","Even Durham said it was fake. Just add this to the BS list with Seth Rich, Roy Epps, Benghazi, crowdstrike, the Obama birth certificate report, the KRAKEN, crossfire hurricane, burisma, the Barr report, Dominion voting machines, etc…the list is endless",0.06952,0,0,0
Misc,EN36,Other,1495547050884308998,"@EMPERORV__ I love pink salt...oooh, on grapefruit!","I love pink salt...oooh, on grapefruit!",0.07376,0,0,0
Misc,EN31,Other,1325485562686369792,"@CharliefromNYC @fourgregs @WalterFoyt @atrupar Sure. It's similar to climate change knowing to only cause the wildfires within the California, Oregon, and Washington borders...It doesn't spread into Idaho, Utah, or Canada (where forest management is a thing).","Sure. It's similar to climate change knowing to only cause the wildfires within the California, Oregon, and Washington borders...It doesn't spread into Idaho, Utah, or Canada (where forest management is a thing).",0.41584,0,0,0
Misc,EN33,False,1504164796161306627,Bill Gates-funded project proposes to block the sun with dust https://t.co/XegHchb9L0,Bill Gates-funded project proposes to block the sun with dust,0.10608000000000001,0,0,0
Misc,EN40,Other,1511480186960764933,@blackarchsw20 @SciencePorn1 The earth is flat and those are the borders 😁,The earth is flat and those are the borders 😁,0.061200000000000004,0,0,0
Misc,EN37,False,1495033699401826305,"@PogueMoran @jason01418742 @everclay1 @EducatingTrump2 @neal_cowboy @TxPatriot4Trump @Symonsez13 @BSHerrle @loudthorpe @Bidenhuffsgas @InfoGuru16 @angryturbo @yakityxax @AngryFleas @TheMattBoyScout @McDonnellMJ @KelownaLuke @battle_bullshit @NickDone8 @LeChocker @EricR42 @Trump_is_a_lock @John_iwas_ @LittleBigTop3 @EarthOne_13 @FrankModeo @DeblanchDon @princesspbbaby @Higg09 @roboticshoe72 @PaulR97503570 @SwanIndependent @teamphil @Joes94CrimeBill @denialanderson @RawkRari @JimlikesBB @604Raincouver @modernista64 @BillGroner1 @FighterTh @Mr_Keith_Stoned @FreddiMercury1 @leftspanker2020 @scottp33 @jfy @TanyaYoakum @OutOfFucksQween @R5Philly @AtomicPopy I see someone is still paying you to defend Obama's birth certificate 24/7.  I mean, after 10 years you still spend much of your day on that issue?

Or maybe, or maybe, you really are insane.

Yeah, that's the other possibility.","I see someone is still paying you to defend Obama's birth certificate 24/7. I mean, after 10 years you still spend much of your day on that issue? Or maybe, or maybe, you really are insane. Yeah, that's the other possibility.",0.37392000000000003,0,0,0
Misc,EN34,Other,1511484577134559240,"I've just signed the @foxglovelegal open letter to Mark Zuckerberg, demanding an end to Facebook's exploitative treatment of content moderators. Pls sign too! https://t.co/0GAiQM0rVZ","I've just signed the open letter to Mark Zuckerberg, demanding an end to Facebook's exploitative treatment of content moderators. Pls sign too!",0.10784,0,0,0
Misc,EN40,False,1495131632856010753,"The Compass Proves FLAT EARTH https://t.co/phePb1AiDt via @YouTube  so simple really... oh, and of course water doesn't curve either... but I digress...just think about it...weird huh?  we've been lied to for so long...","The Compass Proves FLAT EARTH via so simple really... oh, and of course water doesn't curve either... but I digress...just think about it...weird huh? we've been lied to for so long...",0.56208,1,0,0
Misc,EN37,Other,1495185493570555907,@Logically_JC Barrack Obama was never impeached he never took classified documents from the white house he never tried to over throw an election,Barrack Obama was never impeached he never took classified documents from the white house he never tried to over throw an election,0.33920000000000006,0,0,0
Misc,EN37,Other,1495185651788128264,"@socialiststeve6 Obama was the biggest disappointment for me, because I bought his hope message. It’s so disheartening to see how hostile he is to leftists, but it’s what the right-wing does: Masquerade as further left than they are to gain power, then screw over the people who voted for them.","Obama was the biggest disappointment for me, because I bought his hope message. It’s so disheartening to see how hostile he is to leftists, but it’s what the right-wing does: Masquerade as further left than they are to gain power, then screw over the people who voted for them.",0.12040000000000001,0,0,0
Misc,EN32,False,1307695361293717504,"@SenBlumenthal And thats different from what? You have allowed ANTIFA to run wild in Dim cities, Riot, Loot, Destroy property, Start fires and hurt people.  

You've already blown your wad.  And we aren't afraid of any of you cowards.","And thats different from what? You have allowed ANTIFA to run wild in Dim cities, Riot, Loot, Destroy property, Start fires and hurt people. You've already blown your wad. And we aren't afraid of any of you cowards.",0.5532,1,0,0
Misc,EN35,False,1511473238563512322,Past Hillary Clinton tweets loom amid accusations her campaign paid to spy on Trump #truth she’s a #traitor  https://t.co/Ay9awbShAt,Past Hillary Clinton tweets loom amid accusations her campaign paid to spy on Trump truth she’s a traitor,0.11056,0,0,0
Misc,EN37,True,1495093381525028864,Barack Obama’s birth certificate is no problem.,Barack Obama’s birth certificate is no problem.,0.08928,0,0,0
Misc,EN35,False,1511420146472169475,"@metaldrummer67 @wikileaks What???????
Have you not even read anythong on the fake dossier, spying on Trump, russia gate and he stolen election.
Take the blinders off in Jesus Name.
Here, let me help you!
https://t.co/BKxG5rcBcB

https://t.co/9ZdD0VrwgC

https://t.co/vSpJN06bdv","What??????? Have you not even read anythong on the fake dossier, spying on Trump, russia gate and he stolen election. Take the blinders off in Jesus Name. Here, let me help you!",0.34712,0,0,0
Misc,EN31,False,1327149480844652550,"@AlboMP Bulls**t. You damn well it's to do with forest management policy, environmental policy and what starts most of it, arson. Climate change my a*se. You rats do nothing more than push globalist elite agendas.","Bulls**t. You damn well it's to do with forest management policy, environmental policy and what starts most of it, arson. Climate change my a*se. You rats do nothing more than push globalist elite agendas.",0.29632000000000003,0,0,0
Misc,EN34,False,1509304307891511301,"@sensiblemiddle Another viewpoint:
https://t.co/m5CHbiEaKy",Another viewpoint:,0.0876,0,0,0
Misc,EN34,Other,1511480418729709568,@egoraptor Literally the giant plant from Battle Kid. Or Mark Zuckerberg himself.,Literally the giant plant from Battle Kid. Or Mark Zuckerberg himself.,0.09992000000000001,0,0,0
Misc,EN35,False,1509613225058447360,@eliehonig @thelauracoates @SIRIUSXM @CedricLeighton @WhitneyWReports @JohnAvlon @kyledcheney @julianzelizer I had so much more to say!!!  What I wanted to say was the most hilarious part. And the reason I really cool din was.. When you said why would the DOJ not release this before the election.... 🤣🤣🤣🤣 the  Same DOJ That colluded with Hillary Clinton to spy on trump's campaign,I had so much more to say!!! What I wanted to say was the most hilarious part. And the reason I really cool din was.. When you said why would the DOJ not release this before the election.... 🤣🤣🤣🤣 the Same DOJ That colluded with Hillary Clinton to spy on trump's campaign,0.35656,0,0,0
Misc,EN37,Other,1495185866255446018,@tragic_endings_ Or that the Obama admin actually had a policy where men with 2 digits of age are counted as combatants during drone strikes.,Or that the Obama admin actually had a policy where men with 2 digits of age are counted as combatants during drone strikes.,0.08056,0,0,0
Misc,EN33,False,1510392217944600581,A Bill Gates Venture Aims To Spray Dust Into The Atmosphere To Block The Sun. What Could Go Wrong? #billgates spraying #poison and #toxins constantly bad for nature and human health #enoughisenough #chemtrails  https://t.co/ngfQJoTDY3,A Bill Gates Venture Aims To Spray Dust Into The Atmosphere To Block The Sun. What Could Go Wrong? billgates spraying poison and toxins constantly bad for nature and human health enoughisenough chemtrails,0.12688,0,0,0
Misc,EN31,Other,1327762529934848005,@jimcramer Aiding climate change and endangering animals -,Aiding climate change and endangering animals -,0.08472,0,0,0
Misc,EN34,False,1510452852631777289,Wisconsin's election findings. Mark Zuckerberg spent 9 million $ but used that money in 5 democrat stronghold district. According to the report he broke Wisconsin election laws on bribery. Sadly he will probably get away with it. But here's to hoping. https://t.co/rWHYHlacmk,Wisconsin's election findings. Mark Zuckerberg spent 9 million $ but used that money in 5 democrat stronghold district. According to the report he broke Wisconsin election laws on bribery. Sadly he will probably get away with it. But here's to hoping.,0.06728,0,0,0
Misc,EN36,Other,1495525178423582721,"🪄 SHOWER SUCCESS SPELL 🪄

Play music in 528 Hz. As u shower, use lemongrass/grapefruit/ginger soap. Wash your abdomen (solar plexus chakra) in clockwise motions. Repeat, 

“I am energized, motivated, confident &; productive. I make strides toward success.” x3 total.🚿

✨💛⚡️💫","🪄 SHOWER SUCCESS SPELL 🪄 Play music in 528 Hz. As u shower, use lemongrass/grapefruit/ginger soap. Wash your abdomen (solar plexus chakra) in clockwise motions. Repeat, “I am energized, motivated, confident &; productive. I make strides toward success.” x3 total.🚿 ✨💛⚡️💫",0.8144,1,1,1
Misc,EN40,Other,1496168425428860935,"@AaronOfTheWild The earth is a circle, not flat.
Isaiah 40:22 It is He That sitteth upon the circle of the earth...
Proverbs 8:27 When He prepared the heavens, I was there: When He set a compass (Circle) upon the face of the depth...","The earth is a circle, not flat. Isaiah 40:22 It is He That sitteth upon the circle of the earth... Proverbs 8:27 When He prepared the heavens, I was there: When He set a compass (Circle) upon the face of the depth...",0.33632000000000006,0,0,0
Misc,EN31,False,1325167377944899585,"@RealDonaldTrump #lie : 'There is no reason for these massive, deadly and costly forest fires in California except that forest management is so poor.' #Trump #MAGA #RacistInChief #RapistInChief https://t.co/I0veZDXSJM","lie : 'There is no reason for these massive, deadly and costly forest fires in California except that forest management is so poor.' Trump MAGA RacistInChief RapistInChief",0.32672000000000007,0,0,0
Misc,EN38,Other,1494093920585670660,"Thiel stand-up:
The next Bill Gates will not start an operating system.

The next Larry Page won't start a search engine.

The next Mark Zuckerberg won't start a social network company.

The next CEO will be an Indian https://t.co/CSBhEPZTHY",Thiel stand-up: The next Bill Gates will not start an operating system. The next Larry Page won't start a search engine. The next Mark Zuckerberg won't start a social network company. The next CEO will be an Indian,0.12968000000000002,0,0,0
Misc,EN33,False,1508970070180982784,@elonmusk @BBCScienceNews What about Bill Gates trying to block out the sun?,What about Bill Gates trying to block out the sun?,0.10144,0,0,0
Misc,EN32,False,1307674499660361730,@atensnut Maybe the birds left from the ANTIFA/BLM forest fires started by @TheDemocrats chaos army. Stop the #BidenRiots,Maybe the birds left from the ANTIFA/BLM forest fires started by chaos army. Stop the BidenRiots,0.13136,0,0,0
Misc,EN36,False,1471132941589917701,if it can cause an overdose does it mean grapefruit is an antidepressant? https://t.co/0vBt9YBgQm,if it can cause an overdose does it mean grapefruit is an antidepressant?,0.12456,0,0,0
Misc,EN33,False,1509270280278986755,Why does this dude rule our lives? Sweden cancels Bill Gates funded test to block sun https://t.co/pSkbB7knFQ,Why does this dude rule our lives? Sweden cancels Bill Gates funded test to block sun,0.12336000000000001,0,0,0
Misc,EN33,Other,1506616766306217994,"Global Security and Solar Geoengineering
3/25/22
12-1 PM EST
Ofer 401 + Virtual

Elizabeth Chalecki, @UNOmaha 

Stewart Patrick, @CFR_org

https://t.co/nEm72ZDp4r https://t.co/vDYYzAlBTT","Global Security and Solar Geoengineering 3/25/22 12-1 PM EST Ofer 401 + Virtual Elizabeth Chalecki, Stewart Patrick,",0.6198400000000001,1,0,0
Misc,EN33,False,1495755814736388098,@feketedios @CartlandDavid Possibly a survey plane. Chem-trails aren’t a conspiracy though. It’s called Solar Geoengineering. Bill gates has funded Harvard university to test spraying calcium carbonated dust into the atmosphere. Google it.,Possibly a survey plane. Chem-trails aren’t a conspiracy though. It’s called Solar Geoengineering. Bill gates has funded Harvard university to test spraying calcium carbonated dust into the atmosphere. Google it.,0.12928,0,0,0
Misc,EN40,Other,1511491774899843073,"kpop i getting boring i miss those days where they used to just k1ll men in mv's, talk about flat earth or sticking panties out and oily hair, dances that used to be easy as fuck, etc. why they all act in love now its disgusting.","kpop i getting boring i miss those days where they used to just k1ll men in mv's, talk about flat earth or sticking panties out and oily hair, dances that used to be easy as fuck, etc. why they all act in love now its disgusting.",0.26104000000000005,0,0,0
Misc,EN39,Other,1511424676966322185,"Nirvana, wie die Utopie, liegt nirgendwo anders als in Ihnen selbst. Looking for Nirvana in Russia from Alaska. It can't be seen with binoculars, through rose-colored glasses, night vision goggles or VR headsets. . #KurtCobain #China #Ukraine #tiktok #CHERNOBYL #fukushima https://t.co/vvzVxCnSr3","Nirvana, wie die Utopie, liegt nirgendwo anders als in Ihnen selbst. Looking for Nirvana in Russia from Alaska. It can't be seen with binoculars, through rose-colored glasses, night vision goggles or VR headsets. . KurtCobain China Ukraine tiktok CHERNOBYL fukushima",0.8471200000000001,1,1,1
Misc,EN32,Other,1310597087231311872,@SenJeffMerkley HERE’S MY VOICE! Is it hard to ride a high horse so well? OR is literally burning because you won’t support forest MANAGEMENT like fire breaks &; Portland that’s being destroyed by your Antifa friends. Get off your horse and start doing something for our environment &; people.,HERE’S MY VOICE! Is it hard to ride a high horse so well? OR is literally burning because you won’t support forest MANAGEMENT like fire breaks &; Portland that’s being destroyed by your Antifa friends. Get off your horse and start doing something for our environment &; people.,0.08064,0,0,0
Misc,EN40,False,1507138694615953433,"On a globe magnetic compass needles would be pulled towards the sky from Australia.

😎👊:  #level #plane https://t.co/JtgWIErxjb",On a globe magnetic compass needles would be pulled towards the sky from Australia. 😎👊: level plane,0.7476,1,1,0
Misc,EN33,Other,1502818762009059329,"#Cambridge #jobs #hiring #opportunity @ Harvard University (Cambridge, MA) - Executive Director, Harvard Solar Geoengineering Research Program https://t.co/m3jx3kIbdv","Cambridge jobs hiring opportunity @ Harvard University (Cambridge, MA) - Executive Director, Harvard Solar Geoengineering Research Program",0.13768,0,0,0
Misc,EN39,False,1509700367256150018,"Breaking: Biden in negotiations to sell Alaska to the Chinese 
so we can afford to re supply the Strategic Petroleum Reserve

😉",Breaking: Biden in negotiations to sell Alaska to the Chinese so we can afford to re supply the Strategic Petroleum Reserve 😉,0.11824000000000001,0,0,0
Misc,EN33,False,1508794589758599179,"@KimDotcom like Bill Gates &; Co who are spraying aluminum, barium, strontium and sulphur in our sky (to block the sun) every day???","like Bill Gates &; Co who are spraying aluminum, barium, strontium and sulphur in our sky (to block the sun) every day???",0.07008,0,0,0
Misc,EN35,False,1511043125418020869,@TimHannan Hilary Clinton spied on the Trump campaign. Let that sink…,Hilary Clinton spied on the Trump campaign. Let that sink…,0.13304,0,0,0
Misc,EN36,True,1473439121725181952,"Grapefruit comes with some risks, but no evidence it’s fatal with antidepressants https://t.co/HrfSarNuYx","Grapefruit comes with some risks, but no evidence it’s fatal with antidepressants",0.11144000000000001,0,0,0
Misc,EN38,Other,1494094258416066562,Beginning to think Bill Gates has him on a commission $ per million vax plan. https://t.co/6tmZD4ey0i,Beginning to think Bill Gates has him on a commission $ per million vax plan.,0.0908,0,0,0
Misc,EN36,False,1490813658112217092,"@veganfuture A couple things:
1. The grapefruit we eat is a GMO
2. When consuming with incompatible drugs, a grapefruit may cause drug overdose toxicity","A couple things: 1. The grapefruit we eat is a GMO 2. When consuming with incompatible drugs, a grapefruit may cause drug overdose toxicity",0.30072000000000004,0,0,0
Misc,EN38,True,1485995430848700420,FACT CHECK: Did Bill Gates and Microsoft Develop the Videogame ‘Omikron: The Nomad Soul’ in 1999? https://t.co/aObhuXwD1o #businessNews,FACT CHECK: Did Bill Gates and Microsoft Develop the Videogame ‘Omikron: The Nomad Soul’ in 1999? businessNews,0.12824,0,0,0
Misc,EN31,True,1327424648917770240,"@Trumpis33007858 @DailyCaller trump has been doing the same thing for all Blue states his whole tenure as president. When the West Coast was on fire he blamed poor forest management, when it is impossible to manage thousands of acres of land, and made them beg for federal aid.","trump has been doing the same thing for all Blue states his whole tenure as president. When the West Coast was on fire he blamed poor forest management, when it is impossible to manage thousands of acres of land, and made them beg for federal aid.",0.1388,0,0,0
Misc,EN40,Other,1511347146674561031,@ken_caudle @keigh_see @DanielB59756947 Using a compass on the map commonly used on a flat earth map gives incorrect distances. The distances are compressed closer to the centre. They do not match the distances we get driving or flying.,Using a compass on the map commonly used on a flat earth map gives incorrect distances. The distances are compressed closer to the centre. They do not match the distances we get driving or flying.,0.33992000000000006,0,0,0
Misc,EN34,False,1508511152896024576,"Milwaukee officials face Zuckerberg-related election bribery lawsuit

https://t.co/gUBPFTgnHV

I found this article on MxM News--a new app without media bias or censorship. Download it here: https://t.co/AYigU4oiOY",Milwaukee officials face Zuckerberg-related election bribery lawsuit I found this article on MxM News--a new app without media bias or censorship. Download it here:,0.11208000000000001,0,0,0
Misc,EN35,False,1510453952999051264,@RSBNetwork Well biden and democrats had 1 yr to do a good job.instead biden made gas now 7.00$ a gal.inflation making food rise $. Europes at war. Hunter bidens under investigation again 4 real this time.hillary Clinton spied and lied on our president.hillary has 2 pay trump in lawsuit.,Well biden and democrats had 1 yr to do a good job.instead biden made gas now 7.00$ a gal.inflation making food rise $. Europes at war. Hunter bidens under investigation again 4 real this time.hillary Clinton spied and lied on our president.hillary has 2 pay trump in lawsuit.,0.8362400000000001,1,1,1
Misc,EN34,False,1509310899940732933,Milwaukee officials face Zuckerberg-related election bribery lawsuit https://t.co/j8s2Oy5G2v via @JustTheNews,Milwaukee officials face Zuckerberg-related election bribery lawsuit via,0.08928,0,0,0
Misc,EN31,Other,1327762961377554432,@vanOnselenP Is it a clash of climate change policy or just a local member standing up for his constituents who people want to put out of a job with no solid plan ???,Is it a clash of climate change policy or just a local member standing up for his constituents who people want to put out of a job with no solid plan ???,0.06232000000000001,0,0,0
Misc,EN37,True,1494467528214687757,"You can probably just add this story to the long list of fake narratives ginned up by the Fox/GOP outrage machine, i.e. Benghazi, her e-mails, Hunter's laptop, Biden's Ukraine trip, Seth Rich, Obama's birth-certificate, etc. https://t.co/YjVWhh3Mjk","You can probably just add this story to the long list of fake narratives ginned up by the Fox/GOP outrage machine, i.e. Benghazi, her e-mails, Hunter's laptop, Biden's Ukraine trip, Seth Rich, Obama's birth-certificate, etc.",0.35368,0,0,0
Misc,EN37,False,1495037179772375044,"@PogueMoran @ASK_Esq29 @DimensioT @Alwaysaloha2021 @bennyjohnson Obama’s Hawaiian birth certificate wasn’t released in 1961, Fuddy released it in April 2011. You can see the white around the letters showing it was photoshop.","Obama’s Hawaiian birth certificate wasn’t released in 1961, Fuddy released it in April 2011. You can see the white around the letters showing it was photoshop.",0.06544,0,0,0
Misc,EN35,Other,1510626690954715140,"Trump Files Federal SPYGATE Lawsuit; Uses Durham&;apos;s Findings; Sues Clinton, DNC, British Spy https://t.co/ksyjhrTRuc","Trump Files Federal SPYGATE Lawsuit; Uses Durham&;apos;s Findings; Sues Clinton, DNC, British Spy",0.13056,0,0,0
Misc,EN36,Other,1495541724424331264,I'm drinking craft lean in a custom pint glass with my name on it. It's a west coast style with hints of pine and grapefruit https://t.co/SB2gXKmgvp,I'm drinking craft lean in a custom pint glass with my name on it. It's a west coast style with hints of pine and grapefruit,0.26808000000000004,0,0,0
Misc,EN32,Other,1307421669129162753,"When the IWW started organizing logging workers in the Pacific Northwest in the early 20th century, our union was also scapegoated for starting forest fires, because it was easier to blame a militant union that won demands from boss than accept blame.

https://t.co/qA6zSttQ1H","When the IWW started organizing logging workers in the Pacific Northwest in the early 20th century, our union was also scapegoated for starting forest fires, because it was easier to blame a militant union that won demands from boss than accept blame.",0.06432,0,0,0
Misc,EN36,Other,1495538419656708097,Grapefruit Amsterdam???? Yea that’s why https://t.co/4Fp5CYtOfW,Grapefruit Amsterdam???? Yea that’s why,0.09096000000000001,0,0,0
Misc,EN39,False,1502770461507211265,"Today's #conspiracytheory 

Joe Biden is going to sell Alaska back to the Russians, in exchange for a new top of the range Peloton","Today's conspiracytheory Joe Biden is going to sell Alaska back to the Russians, in exchange for a new top of the range Peloton",0.6876,1,0,0
Misc,EN34,Other,1511492197794807808,@OnTheGoGV @Katpa73 You mean like Mark Zuckerberg?,You mean like Mark Zuckerberg?,0.09344000000000001,0,0,0
Misc,EN39,Other,1504102649767075844,@1990_ck_29f Did you see Russia wants Alaska back? I imagine Biden saying “That’s great! We’ll give it back to them then I’ll beg them to drill in ANWR and sell us the oil. That way we’ll still be setting the green energy example for the world by not drilling!”,Did you see Russia wants Alaska back? I imagine Biden saying “That’s great! We’ll give it back to them then I’ll beg them to drill in ANWR and sell us the oil. That way we’ll still be setting the green energy example for the world by not drilling!”,0.35008,0,0,0
Misc,EN39,Other,1511466698699857922,"@TheView Lisa needs Dems to win in Alaska 

Mealy mouth Mitt thinks he will one day be President and that coward couldn’t take the Blacklash he would 
would receive he got a small dose this past week and it had him shook

Collins doesn’t want her husband caught up in Russia shenanigans",Lisa needs Dems to win in Alaska Mealy mouth Mitt thinks he will one day be President and that coward couldn’t take the Blacklash he would would receive he got a small dose this past week and it had him shook Collins doesn’t want her husband caught up in Russia shenanigans,0.8960800000000001,1,1,1
Misc,EN33,Other,1503259128990367746,"#Jobopportunity: Executive Director opening -- Harvard's Solar Geoengineering Research Program
Organization:  Harvard University
Link:👇🏿
https://t.co/Y14NpSxVYO",Jobopportunity: Executive Director opening -- Harvard's Solar Geoengineering Research Program Organization: Harvard University Link:👇🏿,0.10664,0,0,0
Misc,EN32,False,1311819508487610368,"@RepAndyBiggsAZ Anwer: Biden supporters will never condemn Antifa bcuz they are Biden's voter base.  He cannot win without them!
Oddly, he cannot win with them either. They have done too much evil: violence against innocent Americans, destruction of average Joe's business, started forest fires.","Anwer: Biden supporters will never condemn Antifa bcuz they are Biden's voter base. He cannot win without them! Oddly, he cannot win with them either. They have done too much evil: violence against innocent Americans, destruction of average Joe's business, started forest fires.",0.07352,0,0,0
Misc,EN31,True,1326024920694861824,@TommyWolfe02 @mred006 @JoeDefrancia @DonaldJTrumpJr Forest management is not raking the forest floor as Trump advocates. Yes controlled burns are a good management solution but people are wary of the associated smoke. Trump seems to not realize that most of the fire is burning on National forest land that he’s responsible for.,Forest management is not raking the forest floor as Trump advocates. Yes controlled burns are a good management solution but people are wary of the associated smoke. Trump seems to not realize that most of the fire is burning on National forest land that he’s responsible for.,0.95,1,1,1
Misc,EN37,Other,1494630687525289985,@cdnrefusenik It's on Hunter's laptop with Trump's health plans and Obama real birth certificate.,It's on Hunter's laptop with Trump's health plans and Obama real birth certificate.,0.35752,0,0,0
Misc,EN31,Other,1327761117918031873,"A devastating story about rural poverty and environmental injustice in Alabama, USA.

'The official cause of death was Covid-19, but the underlying causes of her suffering were poverty, environmental injustice, climate change, race, and health disparities.'

@ACOSS @RuralDocsVIC https://t.co/GoS01jBpRB","A devastating story about rural poverty and environmental injustice in Alabama, USA. 'The official cause of death was Covid-19, but the underlying causes of her suffering were poverty, environmental injustice, climate change, race, and health disparities.'",0.0988,0,0,0
Misc,EN34,False,1508899697334882309,"Facts Matter (March 2): Special Counsel Finds Mark Zuckerberg’s Election Money Violated Wisconsin Bribery Laws

https://t.co/1BXTWqZIkv",Facts Matter (March 2): Special Counsel Finds Mark Zuckerberg’s Election Money Violated Wisconsin Bribery Laws,0.09040000000000001,0,0,0
Misc,EN33,False,1508219284861833217,A Bill Gates Venture Aims To Spray Dust Into The Atmosphere To Block The Sun. What Could Go Wrong? https://t.co/wkmJ2myF3H,A Bill Gates Venture Aims To Spray Dust Into The Atmosphere To Block The Sun. What Could Go Wrong?,0.13848,0,0,0
Misc,EN38,True,1479047930346901509,FACT CHECK: Did Bill Gates and Microsoft Develop the Videogame ‘Omikron: The Nomad Soul’ in 1999? https://t.co/nY75liI5Wn,FACT CHECK: Did Bill Gates and Microsoft Develop the Videogame ‘Omikron: The Nomad Soul’ in 1999?,0.09480000000000001,0,0,0
Misc,EN35,False,1509927898416881664,"@wallpaid4bymex1 @KNOLLSIE @kathleenalice4 @ChuckGrassley I’m sure you had no problem with the FBI lying to a FISA court in order to spy on Trump. I’m sure you had no problem with H. Clinton campaign and Fusion GPS making up a document and acting like it was Russian intelligence, all to smear Trump.","I’m sure you had no problem with the FBI lying to a FISA court in order to spy on Trump. I’m sure you had no problem with H. Clinton campaign and Fusion GPS making up a document and acting like it was Russian intelligence, all to smear Trump.",0.6367200000000001,1,0,0
Misc,EN34,Other,1511492374098235399,Somebody at the newspaper will be a computer science major. Tell ‘em Mark Zuckerberg will do 10 hours of free programming.,Somebody at the newspaper will be a computer science major. Tell ‘em Mark Zuckerberg will do 10 hours of free programming.,0.08088000000000001,0,0,0
Misc,EN38,False,1488078095290675202,@Smirre2013 Jail for this bitch. Said from day one its a scam. Named by Gates just like his 1989 video game OMIKRON.,Jail for this bitch. Said from day one its a scam. Named by Gates just like his 1989 video game OMIKRON.,0.32656,0,0,0
Misc,EN38,Other,1494094476717039617,@SouthernRipW @RBReich Jealous capitalism makes people rich. Does he complain about Bill Gates or the Wizard of Wall Street too. Short-term rage.,Jealous capitalism makes people rich. Does he complain about Bill Gates or the Wizard of Wall Street too. Short-term rage.,0.11936000000000001,0,0,0
Misc,EN39,False,1503026171285540865,The Biden Administration plans to resolve our energy crisis. As soon as sanctions are lifted from Russia we will sell Alaska back to them for what we paid. Then we can import all the Alaskan oil we want without harming the environment with domestic drilling! What could go wrong? https://t.co/b2A0x0J9Ct,The Biden Administration plans to resolve our energy crisis. As soon as sanctions are lifted from Russia we will sell Alaska back to them for what we paid. Then we can import all the Alaskan oil we want without harming the environment with domestic drilling! What could go wrong?,0.3608,0,0,0
Misc,EN36,True,1473411418955423750,"RT @FactSparrow: Can eating grapefruit while on antidepressants cause a fatal overdose?

Fortunately, NO, there's no evidence to corroborate this claim @LeadStoriesCom confirms ⬇️💊

#antidepressants #grapefruit 
https://t.co/rT0RDNqJd0","RT : Can eating grapefruit while on antidepressants cause a fatal overdose? Fortunately, NO, there's no evidence to corroborate this claim confirms ⬇️💊 antidepressants grapefruit",0.10528,0,0,0
Misc,EN38,Other,1473854390586855424,Was there a video game created in 1999 called ‘Omikron’?,Was there a video game created in 1999 called ‘Omikron’?,0.11352000000000001,0,0,0
Misc,EN34,False,1511229982726508550,Report: Zuckerberg’s Election Money Violated Wisconsin Bribery Laws https://t.co/K1tVtaOtlR,Report: Zuckerberg’s Election Money Violated Wisconsin Bribery Laws,0.11048000000000001,0,0,0
Misc,EN37,Other,1494793100463644679,@joncoopertweets Fox News will probably just switch over to the Obama birth certificate segment.,Fox News will probably just switch over to the Obama birth certificate segment.,0.1288,0,0,0
Misc,EN37,Other,1494766143294349312,But Hunter’s laptop!  Obama’s birth certificate!  Hilary’s emails…. What about Slick Willy’s cigaaaaaaaar!?!?! 😱😱😱 https://t.co/6vwrLcGf5d,But Hunter’s laptop! Obama’s birth certificate! Hilary’s emails…. What about Slick Willy’s cigaaaaaaaar!?!?! 😱😱😱,0.126,0,0,0
Misc,EN40,Other,1504970885999910912,"""Flat Earth Theory"" is just an expression of the compass and giant ruler in the low-frequency material world.
Most ""flat heads"" are obsessed with it. https://t.co/x9AHMkoxqj","""Flat Earth Theory"" is just an expression of the compass and giant ruler in the low-frequency material world. Most ""flat heads"" are obsessed with it.",0.29152000000000006,0,0,0
Misc,EN35,False,1511397031813734407,"@PoliticalCorruption
With Hillary Clinton being fined for lieing about the Steele dossier, leading to the Russian collusion. After years of putting the American people thru hell,I truly hope that Trump gets some satisfaction about this. Trump was correct when he said they spied","With Hillary Clinton being fined for lieing about the Steele dossier, leading to the Russian collusion. After years of putting the American people thru hell,I truly hope that Trump gets some satisfaction about this. Trump was correct when he said they spied",0.65976,1,0,0
Misc,EN39,True,1504721570891431938,"@KGarliv @reliefman1 @daveburch12 @DevDevDevYo @JackPosobiec How about this?

https://t.co/xc8rKRnEcB",How about this?,0.13576,0,0,0
Misc,EN39,Other,1502061739898200066,"@stevesmithsnoq Because when Biden cancelled the pipeline, and drilling on federal lands and giving out new oil leases and telling Alaska they can't sell their oil, PEOPLE LOST THEIR COMPOSURE AND STARTED HOARDING OIL AND RAISING THE PRICES. They sure do lie to us as if we were stupid.","Because when Biden cancelled the pipeline, and drilling on federal lands and giving out new oil leases and telling Alaska they can't sell their oil, PEOPLE LOST THEIR COMPOSURE AND STARTED HOARDING OIL AND RAISING THE PRICES. They sure do lie to us as if we were stupid.",0.27672,0,0,0
Misc,EN36,Other,1495526022816559104,@BraydenCreation Pink Rose with Grapefruit. https://t.co/0oMhhNEyec,Pink Rose with Grapefruit.,0.08808,0,0,0
Misc,EN40,Other,1508671472927223810,"TIL that Earth's magnetic field shifts fast enough that the FAA rechecks them every five years, e.g., changing Fairbanks 1L-19R to 2L-20R in 2009. This corresponds to a magnetic compass heading of 10 degrees changing to 20 degrees (the runway orientation) https://t.co/Bhx16mpofG","TIL that Earth's magnetic field shifts fast enough that the FAA rechecks them every five years, e.g., changing Fairbanks 1L-19R to 2L-20R in 2009. This corresponds to a magnetic compass heading of 10 degrees changing to 20 degrees (the runway orientation)",0.27192000000000005,0,0,0
Misc,EN34,False,1508928292245708805,Breaking: Special Counsel Finds Mark Zuckerberg’s Election Money Violated Wisconsin Bribery Laws https://t.co/LZg2NlJqGy,Breaking: Special Counsel Finds Mark Zuckerberg’s Election Money Violated Wisconsin Bribery Laws,0.09072000000000001,0,0,0
Misc,EN40,Other,1511493372204179458,"@MiamiHerald Miami Herald journalists with their BA in Early French Lit struggle with the difference between fake (Putin disinfo, Fusion GPS RussiaGate nonsense, Flat Earth ‘proof,’ MSNBC C19 advice, etc) and spoof (Onion, Bee, Monty Python). You should really get the basics down first, kids.","Miami Herald journalists with their BA in Early French Lit struggle with the difference between fake (Putin disinfo, Fusion GPS RussiaGate nonsense, Flat Earth ‘proof,’ MSNBC C19 advice, etc) and spoof (Onion, Bee, Monty Python). You should really get the basics down first, kids.",0.9352800000000001,1,1,1
Misc,EN34,False,1508872635152834573,"Special Counsel: Zuckerberg Money ""Took Over The Election"" In 2020 In Green Bay, Wisconsin
https://t.co/aWhED60lbS","Special Counsel: Zuckerberg Money ""Took Over The Election"" In 2020 In Green Bay, Wisconsin",0.1228,0,0,0
Misc,EN40,Other,1501250960739512325,@PrismPrime Oh make no mistake I hope this place ain’t round. Just because. But that’s the one spot I haven’t looked into too much but the magnet on the flat earth map making the compass read east all of the wag around it was incredible.  Which brought me to the isogonic lines. They may b bs,Oh make no mistake I hope this place ain’t round. Just because. But that’s the one spot I haven’t looked into too much but the magnet on the flat earth map making the compass read east all of the wag around it was incredible. Which brought me to the isogonic lines. They may b bs,0.27888,0,0,0
Misc,EN35,True,1509573818947301380,"@RIPcastleByers @Mushy_Sparrow @mattgaetz What does an inaccurate and false opinion piece have to do with what we're discussing? Changing the subject doesn't stop you from being a hypocrite.

https://t.co/CTb3MQIE85",What does an inaccurate and false opinion piece have to do with what we're discussing? Changing the subject doesn't stop you from being a hypocrite.,0.09848,0,0,0
Misc,EN38,False,1480122767236378626,"#Breaking Message

5/5

1999 Game #BillGates “had created”

#Omikron 

Wake Up #COVIDIOTS 
#COVID19 https://t.co/7NVLvC48fV",Breaking Message 5/5 1999 Game BillGates “had created” Omikron Wake Up COVIDIOTS COVID19,0.31336,0,0,0
Misc,EN40,Other,1493318247340560388,@shieldsnatcher @vyrnsuit did you know that foxes can sense the magnetic field of the earth but their internal compass is a few degrees off,did you know that foxes can sense the magnetic field of the earth but their internal compass is a few degrees off,0.28280000000000005,0,0,0
Misc,EN32,False,1307651395026288641,@FromKalen Antifa and other rioters are gonna get Donald Trump reelected.  Voters from all political parties love 💕 dogs 🐕.  If you Start harming animals or lighting forest 🌳 fires 🔥 then your movement is toast.  Sickening.,Antifa and other rioters are gonna get Donald Trump reelected. Voters from all political parties love 💕 dogs 🐕. If you Start harming animals or lighting forest 🌳 fires 🔥 then your movement is toast. Sickening.,0.10384000000000002,0,0,0
Misc,EN38,False,1488046519110750208,"A video game was released in 1999 called ""Omikron"". Watch the video to find out who it was made by. Please share and retweet
https://t.co/1uw6QLr4V5","A video game was released in 1999 called ""Omikron"". Watch the video to find out who it was made by. Please share and retweet",0.06424,0,0,0
Misc,EN36,Other,1479616109850640384,"@Vidian6 I wanted to smush half a grapefruit in Alito's face too when he kept badgering Biden's Solicitor to get her to bluntly state the obvious, which is that the Covid vaccines have *some* risks attached to them.
Yeah, Justice, they do. Of course they do. Just like EVERY vaccine, ever!","I wanted to smush half a grapefruit in Alito's face too when he kept badgering Biden's Solicitor to get her to bluntly state the obvious, which is that the Covid vaccines have *some* risks attached to them. Yeah, Justice, they do. Of course they do. Just like EVERY vaccine, ever!",0.10504,0,0,0
Misc,EN35,Other,1511487194518720517,@Gritty20202 Hilary Clinton choosing Donald Trump as her opponent then losing to him is the best end anyone could have written to her political career. An honest movie about it all would be amazing.,Hilary Clinton choosing Donald Trump as her opponent then losing to him is the best end anyone could have written to her political career. An honest movie about it all would be amazing.,0.10344,0,0,0
Misc,EN32,Other,1307791656024973315,"With the fires still raging, President Donald Trump visits California and blames the blazes on poor forest management, not climate change. “It will start to get cooler,” Trump said. “Just you watch.”  https://t.co/vEV1owUcq4","With the fires still raging, President Donald Trump visits California and blames the blazes on poor forest management, not climate change. “It will start to get cooler,” Trump said. “Just you watch.”",0.11304,0,0,0
Misc,EN32,False,1307682724455514114,"@tedwheeler @PortlandAudubon How about massive forest fires, some started by ANTIFA arsonists. Are they harmful to humans, plants and migrating birds?","How about massive forest fires, some started by ANTIFA arsonists. Are they harmful to humans, plants and migrating birds?",0.32952000000000004,0,0,0
Misc,EN32,Other,1324752726719401985,It’s actually crazy that trump supporters chant “fake news” but the moment trump says something or they hear something with zero evidence- they spread fAkE nEwS on a copy and paste train via Facebook faster than the west coast wildfires,It’s actually crazy that trump supporters chant “fake news” but the moment trump says something or they hear something with zero evidence- they spread fAkE nEwS on a copy and paste train via Facebook faster than the west coast wildfires,0.07968,0,0,0
Misc,EN31,Other,1327762772835364864,'We packed long underwear and never wore it': Arctic scientists shocked at warming https://t.co/PzAo8viwOt,'We packed long underwear and never wore it': Arctic scientists shocked at warming,0.5721600000000001,1,0,0
Misc,EN39,True,1504212886662619146,Fact check: Satirical claim that Biden is selling Alaska to Russia https://t.co/ka4dIWY8Fe,Fact check: Satirical claim that Biden is selling Alaska to Russia,0.38672,0,0,0
Misc,EN32,False,1321877543092445184,"EVERYDAY i'm blessed 2 B seeing MORE people standing up &; saying ENOUGH IS ENOUGH &; realizing that its NOT Trump thats the bad guy-it's the WHOLE corrupt RADICAL LEFT they've lied, created ANTIFA 2 harm, vandalize&; start forest fires &; he STILL moves America forward. THANK YOU🙏 https://t.co/r0moyR06vU","EVERYDAY i'm blessed 2 B seeing MORE people standing up &; saying ENOUGH IS ENOUGH &; realizing that its NOT Trump thats the bad guy-it's the WHOLE corrupt RADICAL LEFT they've lied, created ANTIFA 2 harm, vandalize&; start forest fires &; he STILL moves America forward. THANK YOU🙏",0.8227200000000001,1,1,1
Misc,EN31,False,1325494410163990529,"@GeorgeTakei Forest management - that's all it takes to get rid of fires 🙄 He's so crazy
And Trump has simply never been in order himself.",Forest management - that's all it takes to get rid of fires 🙄 He's so crazy And Trump has simply never been in order himself.,0.08608,0,0,0
Misc,EN31,Other,1326495443136753664,"Fact 4 of #ScienceWeek is ready!

Did you know? Good forest management can help fight against the effects of climate change. We replanted over 9,000 hectares of new forests in 2019. 

Learn more: https://t.co/YCQdCtAABK

#ScienceWeek https://t.co/MkV6Dljb0E","Fact 4 of ScienceWeek is ready! Did you know? Good forest management can help fight against the effects of climate change. We replanted over 9,000 hectares of new forests in 2019. Learn more: ScienceWeek",0.1368,0,0,0
Misc,EN35,Other,1511487673227120645,"President Trump Requests Clinton Judge Who Was Assigned to Oversee His ""Russiagate"" Lawsuit Against Hillary Clinton Be Removed https://t.co/Aiu2VW2VzZ via @gatewaypundit","President Trump Requests Clinton Judge Who Was Assigned to Oversee His ""Russiagate"" Lawsuit Against Hillary Clinton Be Removed via",0.5476800000000001,1,0,0
Misc,EN35,False,1510732586225745921,"@RonFancy @VinceGottalotta @MJB24681 @vinniediego @lostandlovinit @HuntersArtWork @IZMKS44 @alshadowdancer @angry_mema @Klee34036780 @CarIosLopez_ @TastyMorsel6 @JAlan21813286 @Godslightangel7 @ghost321 @najjar_richard @howienudet @jimaw63 @Billenjoylife @AngryFleas @NatForTrump2024 @tallnblonde1 @BuildBetta @ShellyRKirchoff @charliedaniel06 @nitros1954 @VickiBevins @HamRadioJoe @rebelvanhalen @SalsaPrice @Huckleberry1023 @FrankGillilan13 @MusubiBrand @Annie20554592 @MattGla43952282 @izmks16 @LifeNyc2 @jbizzy6969 @2_drac @PETERSARLENE @JamesLauder12 @ThereseOSulliv2 @BlakDragonClaw @dogsdontliket @tRick_the_only @realZacharyKent @JamesCa45920153 @SiLvErKnIfEo3i1 @ShepsuTera @45SusanSC Is Mother Jones or David Corn(a communist DNC meida operative) John McCain?
Do you ever get your facts right?🤭

A Veteran Spy Has Given the FBI Information Alleging a Russian Operation to Cultivate Donald Trump – Mother Jones
https://t.co/RtP2DF2rkO

https://t.co/GSSn1IQKRv https://t.co/M92gDq4Q2P",Is Mother Jones or David Corn(a communist DNC meida operative) John McCain? Do you ever get your facts right?🤭 A Veteran Spy Has Given the FBI Information Alleging a Russian Operation to Cultivate Donald Trump – Mother Jones,0.63216,1,0,0
Misc,EN39,False,1503476553652572171,"@townhallcom Biden took step to increasing domestic oil production by selling Alaska back to Russia, reports the Babylon Bee
“Folks, nobody wants to ruin America’s beautiful Alaskan wilderness with oil truck drilling rigs. But I’ve never had a problem getting oil from Russia” go get him!","Biden took step to increasing domestic oil production by selling Alaska back to Russia, reports the Babylon Bee “Folks, nobody wants to ruin America’s beautiful Alaskan wilderness with oil truck drilling rigs. But I’ve never had a problem getting oil from Russia” go get him!",0.39264,0,0,0
Misc,EN33,False,1508183435160006665,@Veritatem2021 Good point Mark but if you are looking at the cloud seeding idea of Bill Gates to block out the sun then we will very likely take us back to how life was during the little ice age!!! Little sun ...not many crops...much😭 starvation!...eat insects and grass!,Good point Mark but if you are looking at the cloud seeding idea of Bill Gates to block out the sun then we will very likely take us back to how life was during the little ice age!!! Little sun ...not many crops...much😭 starvation!...eat insects and grass!,0.32824000000000003,0,0,0
Misc,EN37,Other,1494623366082269186,"@FishMe26 @NBCOlympics Where is Obama's birth certificate???

🤣🤣🤣🤣🤣🤣🤣🤣🤣🤣",Where is Obama's birth certificate??? 🤣🤣🤣🤣🤣🤣🤣🤣🤣🤣,0.1172,0,0,0
Misc,EN39,True,1501996893089550341,"@AnaFaguy @USATODAY So they really, like... pay you for this? Congrats on the easy gig

https://t.co/eDqiKYVl2E","So they really, like... pay you for this? Congrats on the easy gig",0.34944000000000003,0,0,0
Misc,EN37,Other,1494543509562478592,Barack Obama’s birth certificate is that politics is the other candidates — they gonna happen.,Barack Obama’s birth certificate is that politics is the other candidates — they gonna happen.,0.07208,0,0,0
Misc,EN38,Other,1494094104891998218,Don’t ask for money I don’t want to lose you.     ~Bill Gates,Don’t ask for money I don’t want to lose you. ~Bill Gates,0.06688,0,0,0
Misc,EN39,Other,1511492741800218628,"The demands include the return of Alaska, which the U.S. purchased from the Russian Empire in 1867 as part of the Alaska Purchase, and the former Russian settlement of Fort Ross, California, 90 miles north of San Francisco. 3-15-2022 https://t.co/Q38tCUFkqD","The demands include the return of Alaska, which the U.S. purchased from the Russian Empire in 1867 as part of the Alaska Purchase, and the former Russian settlement of Fort Ross, California, 90 miles north of San Francisco. 3-15-2022",0.68384,1,0,0
Misc,EN34,False,1509335114056151045,"Milwaukee officials face Zuckerberg-related election bribery lawsuit 👏🏾
 ""The evidence in this complaint is overwhelming and condemning,"" a Thomas More Society attorney said Just The News https://t.co/9K229JXWWO","Milwaukee officials face Zuckerberg-related election bribery lawsuit 👏🏾 ""The evidence in this complaint is overwhelming and condemning,"" a Thomas More Society attorney said Just The News",0.10352000000000001,0,0,0
Misc,EN38,Other,1480175320619700225,"Right now, anyone who may have seemed to know in the past, what we're seeing now, are being pointed out. Like Mel Gibson. Bowie has a video game, or something to that affect, from 2013, called Omikron. Spelled different. Probably why his name is making rounds. https://t.co/h4hWN7l80A","Right now, anyone who may have seemed to know in the past, what we're seeing now, are being pointed out. Like Mel Gibson. Bowie has a video game, or something to that affect, from 2013, called Omikron. Spelled different. Probably why his name is making rounds.",0.13864,0,0,0
Misc,EN38,Other,1485341570299691009,"""OMIKRON"" - DAVID BOWIE - (1999 VIDEO GAME)

#Omicron https://t.co/P9b6HhzFGj","""OMIKRON"" - DAVID BOWIE - (1999 VIDEO GAME) Omicron",0.06816,0,0,0
Misc,EN36,Other,1473873614814343172,"@bardic_lady @bpal That is very good to know! I don’t do it often so I imagine my risk would be pretty low, but I’m with you. And I do enjoy my grapefruit ménage when summer encroaches.","That is very good to know! I don’t do it often so I imagine my risk would be pretty low, but I’m with you. And I do enjoy my grapefruit ménage when summer encroaches.",0.07272,0,0,0
Misc,EN33,Other,1502324110575218693,"Just got this email...
Harvard’s Solar Geoengineering Research Program (SGRP) is seeking an experienced leader and manager from the realm of environmental public policy to serve as its Executive Director. We would greatly appreciate your help with publicizing the opportunity.",Just got this email... Harvard’s Solar Geoengineering Research Program (SGRP) is seeking an experienced leader and manager from the realm of environmental public policy to serve as its Executive Director. We would greatly appreciate your help with publicizing the opportunity.,0.3508,0,0,0
Misc,EN39,False,1506008906979454977,@Travis_in_Flint @VinMan17 I’m currently in a 30 day ban from Facebook for posting a Babylon Bee article about Biden selling Alaska back to Russia so America can start oil drilling here again. I captioned it “Dasvidaniya you stupid Americans!” 👋😃 Facebook called it hate speech and banned me for 30 days.,I’m currently in a 30 day ban from Facebook for posting a Babylon Bee article about Biden selling Alaska back to Russia so America can start oil drilling here again. I captioned it “Dasvidaniya you stupid Americans!” 👋😃 Facebook called it hate speech and banned me for 30 days.,0.76336,1,1,0
Misc,EN31,Other,1326579076614643712,New: Colorado has a $4.2 billion backlog of “urgent” wildfire mitigation work in forests that are increasingly under threat due to climate change — and no one’s going to do it for free: https://t.co/tG9bLQBgJ4,New: Colorado has a $4.2 billion backlog of “urgent” wildfire mitigation work in forests that are increasingly under threat due to climate change — and no one’s going to do it for free:,0.272,0,0,0
Misc,EN36,Other,1470840559858241539,A near-fatal case of scurvy being the only reason I can imagine drinking something with grapefruit juice in it.,A near-fatal case of scurvy being the only reason I can imagine drinking something with grapefruit juice in it.,0.08384,0,0,0
Misc,EN35,Other,1510654934609395716,"@KyleMartinsen_ @StephenM He is not like Trump, remember the record #150 of Pardons Trump handed out! REVEALED: Newly indicted Russian spy, Elena Branson,was helping to promote Donald Trump, and spread lies/propaganda about Hillary Clinton and Biden. https://t.co/H5DIqBsxBP","He is not like Trump, remember the record 150 of Pardons Trump handed out! REVEALED: Newly indicted Russian spy, Elena Branson,was helping to promote Donald Trump, and spread lies/propaganda about Hillary Clinton and Biden.",0.8352,1,1,1
Misc,EN35,Other,1511491155917037573,"@mjdix8 @danielsgoldman I agree Bill Clinton did wrong. In his case, the cover-up was way worse then his initial crime (extramarital affair).

But trump.... whooooa. You do know that a lot happened after Mueller?

Let me ask you this; Do you believe the 2020 election was stolen?","I agree Bill Clinton did wrong. In his case, the cover-up was way worse then his initial crime (extramarital affair). But trump.... whooooa. You do know that a lot happened after Mueller? Let me ask you this; Do you believe the 2020 election was stolen?",0.08272,0,0,0
Misc,EN33,False,1507569100427571204,@iamtexture Did Bill Gates say something akin to creating a global dust bowl to block the sun's radiation? Was Bill's father a a eugenicist? Does Bill Gates know what is best for the world? Is he benevolent? More weirdo questions asked by expendable low iq stupid people.,Did Bill Gates say something akin to creating a global dust bowl to block the sun's radiation? Was Bill's father a a eugenicist? Does Bill Gates know what is best for the world? Is he benevolent? More weirdo questions asked by expendable low iq stupid people.,0.32416000000000006,0,0,0
Misc,EN36,Other,1495524371091316738,@ohlcchlo that’s awesome i love grapefruit,that’s awesome i love grapefruit,0.12832,0,0,0
Misc,EN39,Other,1511409418218266629,@AccountableGOP I wonder if MGT could find Alaska on a map.  Would she just try to find Russia and turn right?,I wonder if MGT could find Alaska on a map. Would she just try to find Russia and turn right?,0.35032,0,0,0
Misc,EN36,Other,1495539110374686728,"@Teremana, well you’re my new best friend. Great on your own and secret ingredient in mixers. This gem is equal parts Teremana, Pooches and Palomas mix, and Fresca; plus the juice of 1/2 of a grapefruit. It is so good it’s dangerous. Cheers! https://t.co/vpjkEzX5wH",", well you’re my new best friend. Great on your own and secret ingredient in mixers. This gem is equal parts Teremana, Pooches and Palomas mix, and Fresca; plus the juice of 1/2 of a grapefruit. It is so good it’s dangerous. Cheers!",0.1024,0,0,0
Misc,EN37,Other,1495024934103531523,"@JacquelineManos I would have to argue Obama is not American, I saw his birth certificate.","I would have to argue Obama is not American, I saw his birth certificate.",0.13584000000000002,0,0,0
Misc,EN39,True,1501987022772260878,Fact check: Satirical claim that Biden is selling Alaska to Russia https://t.co/FA30PSeEdo via @usatoday,Fact check: Satirical claim that Biden is selling Alaska to Russia via,0.40808,0,0,0
Misc,EN32,Other,1325363731359010816,"I’ve Lived Through Wildfires Before, But Nothing Compares To This: A Letter From The West Coast https://t.co/wFZ6GaI2X7 via @cogwbur","I’ve Lived Through Wildfires Before, But Nothing Compares To This: A Letter From The West Coast via",0.13896,0,0,0
Misc,EN40,Other,1493880057101750274,"@Emmalouisajones But, on a more serious note, it could be something to do with interference in the Earth’s magnetic field, which migrating birds use to create an internal compass. 😪","But, on a more serious note, it could be something to do with interference in the Earth’s magnetic field, which migrating birds use to create an internal compass. 😪",0.27720000000000006,0,0,0
Misc,EN34,Other,1511480263657807880,@PPathole @elonmusk @Erdayastronaut I like the way @lexfridman got Mark Zuckerberg to identify he was a human - maybe something like that?,I like the way got Mark Zuckerberg to identify he was a human - maybe something like that?,0.07104,0,0,0
Misc,EN32,False,1313217354004787200,"@FungalGrowth @gaystone27 @zkanSheol @soilysound @abbieasr @Matt_Dillahunty @yourewrongabout @CT_Bergstrom @jonathanstea @nataliexdean @slpng_giants @franklinleonard @MaraWilson @RexChapman @pattonoswalt In fact, the leap from Antifa starts fires (which they do; have a look at Portland on nearly any night now) to Antifa starting WILD fires isn't far fetched at all. The only reason it's improbable is that they normally target government buildings instead of government forests.","In fact, the leap from Antifa starts fires (which they do; have a look at Portland on nearly any night now) to Antifa starting WILD fires isn't far fetched at all. The only reason it's improbable is that they normally target government buildings instead of government forests.",0.07680000000000001,0,0,0
Misc,EN35,Other,1511487461779595265,@AmandaUtley2 @Seitanic__Panic @conscriptedOne @GMC_59 @TheLeoTerrell No actually. But trump did do weird things with the Russians didn’t he? Like having them in the Oval Office with other usa officials there but him? If biden or Clinton or Obama did that you trump idiots would be freaking out.,No actually. But trump did do weird things with the Russians didn’t he? Like having them in the Oval Office with other usa officials there but him? If biden or Clinton or Obama did that you trump idiots would be freaking out.,0.8240800000000001,1,1,1
Misc,EN33,False,1505568529478787081,"Bill Gates wants to inject everyone and block out the sun, seems like a nice guy.","Bill Gates wants to inject everyone and block out the sun, seems like a nice guy.",0.07744000000000001,0,0,0
Misc,EN33,False,1505040157409435650,"@CatJova Whether Julian Assange is released or not, I just got a feeling once the warm weather period hits from like May-September, Bill Gates can try to block out the sun all he wants, but we will see wild stuff go down imho. But I'll just be making goof around roller blading videos haha","Whether Julian Assange is released or not, I just got a feeling once the warm weather period hits from like May-September, Bill Gates can try to block out the sun all he wants, but we will see wild stuff go down imho. But I'll just be making goof around roller blading videos haha",0.77064,1,1,0
Misc,EN35,False,1510822149287727104,@Aarondx @crazycarmen194 @LucilleRitacco @OccupyDemocrats @POTUS Suck it up buttercup. Hillary Clinton spied on the Trump campaign. @POTUS is a simpleton with cognitive issues. Is Susan Rice the acting president?  75% of the voters think that the country is in the wrong direction.,Suck it up buttercup. Hillary Clinton spied on the Trump campaign. is a simpleton with cognitive issues. Is Susan Rice the acting president? 75% of the voters think that the country is in the wrong direction.,0.11040000000000001,0,0,0
Misc,EN39,True,1502194213919805443,"No, President Biden is not selling Alaska back to Russia – HotAir https://t.co/BTqa1mHlE7","No, President Biden is not selling Alaska back to Russia – HotAir",0.39424000000000003,0,0,0
Misc,EN35,Other,1511489278546636804,"Big Hillary Clinton FEC fine could be very bad news for Trump's $770 million campaign fund scheme
https://t.co/nipbCEhloJ",Big Hillary Clinton FEC fine could be very bad news for Trump's $770 million campaign fund scheme,0.11008000000000001,0,0,0
Misc,EN32,False,1316551665361723392,@johniadarola Armed Vigilantes gangs roaming near forest fires looking 4 antifa they were convinced started fires.  Terrifying everyone else w/road blocks demanding ID.  Holding weapons to reporter’s head and telling them to get out.  Holding blck mom/kids “you don’t look like u belong here”,Armed Vigilantes gangs roaming near forest fires looking 4 antifa they were convinced started fires. Terrifying everyone else w/road blocks demanding ID. Holding weapons to reporter’s head and telling them to get out. Holding blck mom/kids “you don’t look like u belong here”,0.12592,0,0,0
Misc,EN40,Other,1507485251412664333,"@AustralisPiper @mrjaybeevee @RidzwanKurio @TheFlatEartherr In the center of flat earth here is a giant black magnet. Black Rock (go figure). This location is also where the swastika symbol originated—well before the Nazis. that is why when you’re using a compass, the magnetic pole will always take you “north” which is towards the center.","In the center of flat earth here is a giant black magnet. Black Rock (go figure). This location is also where the swastika symbol originated—well before the Nazis. that is why when you’re using a compass, the magnetic pole will always take you “north” which is towards the center.",0.95,1,1,1
Misc,EN37,Other,1495185116284751872,@johnpilger More Js &; Gays propaganda. In WW2 Ukrainians wanted freedom from J Commies. Now they want freedom from Russia. Russia was supporting Syria despite their strange relationship with Israel where the J Commies now Neo Cons went. The Zios obviously approved the Obama Ukraine plan.,More Js &; Gays propaganda. In WW2 Ukrainians wanted freedom from J Commies. Now they want freedom from Russia. Russia was supporting Syria despite their strange relationship with Israel where the J Commies now Neo Cons went. The Zios obviously approved the Obama Ukraine plan.,0.95,1,1,1
Misc,EN35,False,1509569615294304256,"@Discordia49 @andrea823901331 @DineshDSouza OK sure, just like hillary didn't sell uranium to the Russians, the democrats never spied on trump ,  and Bill Clinton never had sexual relations with Monica","OK sure, just like hillary didn't sell uranium to the Russians, the democrats never spied on trump , and Bill Clinton never had sexual relations with Monica",0.65024,1,0,0
Misc,EN33,False,1507561123461009411,"@v2_jeff Bill Gates is a wacko
He also wants to block out the sun to slow ""climate change""
Something happens to people when they get rich.
They want to control everything.
Bill Gates wants to control the world
He is a friend to Chinese Communist Party as is Mark Zuckerberg","Bill Gates is a wacko He also wants to block out the sun to slow ""climate change"" Something happens to people when they get rich. They want to control everything. Bill Gates wants to control the world He is a friend to Chinese Communist Party as is Mark Zuckerberg",0.12144,0,0,0
Misc,EN35,Other,1511491060182052865,@USAPat4DJT @NYCLee5 @Erica7016 @Fed_Up_JS @SoniaWi56 @reesew0667 @gparkhurst61 @backtheblu14 @Zeppy32815542 @BeardedFarmer2 @BeyondContesta1 @Jack__Daniel___ @GunslingerColt @OnealBobby2 @Duke3God @Sandy4DT @47angb @63redb @JJeff77 @re4joe More heat being brought down today on the Wicked W_I_T_C_H Hillary Clinton by Durham...Trump will be back in the White House in 2024!,More heat being brought down today on the Wicked W_I_T_C_H Hillary Clinton by Durham...Trump will be back in the White House in 2024!,0.07160000000000001,0,0,0
Misc,EN33,False,1508109010838376458,"Bill Gates wants to block the sun, ban eating meat and make people eat insects instead.

I can only think of one person who would do that.","Bill Gates wants to block the sun, ban eating meat and make people eat insects instead. I can only think of one person who would do that.",0.13184,0,0,0
Misc,EN40,False,1494304388856246272,"@KyleH90451923 @Superpaperclip @Smith26Ti @BaronVnOttomatc @benshapiro With that logic, every compass and map on earth is clear evidence the earth is flat.  Wow… and you are an engineer?","With that logic, every compass and map on earth is clear evidence the earth is flat. Wow… and you are an engineer?",0.33496000000000004,0,0,0
Misc,EN33,False,1507248409840795650,Isn't this about climate hoax and Bill Gates wanting to shoot something at the sun to block it if we as a world cannot lock these vermin up we are doomed we need to lockstep together and lock up every complicit person  inflicting genocide on the world https://t.co/PaO4ws4mEA,Isn't this about climate hoax and Bill Gates wanting to shoot something at the sun to block it if we as a world cannot lock these vermin up we are doomed we need to lockstep together and lock up every complicit person inflicting genocide on the world,0.5744800000000001,1,0,0
Misc,EN40,Other,1509184938662371340,"#Funfact
Earth actually has two North Poles. One is the magnetic pole, where the compass needles point. The other is the pole that the Earth's meridians cross. #facts https://t.co/CBgaYNiPLn","Funfact Earth actually has two North Poles. One is the magnetic pole, where the compass needles point. The other is the pole that the Earth's meridians cross. facts",0.26648000000000005,0,0,0
Misc,EN35,False,1509692669659811865,CLINTON SPIED on PRESIDENT TRUMP According to NEW DURHAM Filing https://t.co/MR4elnATfo via @YouTube,CLINTON SPIED on PRESIDENT TRUMP According to NEW DURHAM Filing via,0.11896000000000001,0,0,0
Misc,EN40,Other,1511488912727986180,"What we can learn from people who take the Flat Earth theory seriously
 https://t.co/OpOfbhOasA",What we can learn from people who take the Flat Earth theory seriously,0.13712000000000002,0,0,0
Misc,EN39,True,1501969848271876101,"@TheBabylonBee @USATODAY The Babylon Bee describes its site as “the world’s best satire site, totally inerrant in all its truth claims.” USA TODAY has previously fact-checked out-of-context headlines from the website.

There is no evidence Biden said he plans to sell Alaska.","The Babylon Bee describes its site as “the world’s best satire site, totally inerrant in all its truth claims.” USA TODAY has previously fact-checked out-of-context headlines from the website. There is no evidence Biden said he plans to sell Alaska.",0.09680000000000001,0,0,0
Misc,EN33,False,1510245696183672833,"@wilescape @UN_News_Centre @WMO We'll be OK for a few million years  , bill gates said hes going to block the sun 😂","We'll be OK for a few million years , bill gates said hes going to block the sun 😂",0.08688000000000001,0,0,0
Misc,EN31,Other,1324840071988613121,"@HeddyNajjar @MickeyBlowtorch Dumb indeed. Having witnessed radical environmentalism instead of reasonable forest management all in the name of climate change and the eco system first hand CA became one of the biggest air polluters on planet earth. 
Their ideology does not care about reality. 
Super DUMB!🤬",Dumb indeed. Having witnessed radical environmentalism instead of reasonable forest management all in the name of climate change and the eco system first hand CA became one of the biggest air polluters on planet earth. Their ideology does not care about reality. Super DUMB!🤬,0.57752,1,0,0
Misc,EN40,Other,1507008725092954128,"🌊 Sea turtles return to the exact spot where they were born to mate and lay their own eggs. 
🌊 They can detect the earth’s magnetic field and use it as a compass.",🌊 Sea turtles return to the exact spot where they were born to mate and lay their own eggs. 🌊 They can detect the earth’s magnetic field and use it as a compass.,0.29504,0,0,0
Misc,EN32,Other,1324439215757811717,@nyylewis13 @Icemann_21 @Prod1gy199 @BNightengale i usually dont respond to ppl who dont know what theyre talking about but like.... the dust bowl the west coast wildfires the loss of gulf coast wetlands that protected inland residents from hurricanes.... have entered the chat lmao,i usually dont respond to ppl who dont know what theyre talking about but like.... the dust bowl the west coast wildfires the loss of gulf coast wetlands that protected inland residents from hurricanes.... have entered the chat lmao,0.11528000000000001,0,0,0
Misc,EN35,False,1511466186801922050,"@3ad8600a99194ff @Lovicksr1 @WSJ Try another one...
https://t.co/giBb99Vs67",Try another one...,0.06528,0,0,0
Misc,EN40,Other,1507285409268592640,"In our blog we explain how a compass interacts with the Earth's magnetic field &; why the North Pole is not 'True North' #compass #Science #magneticfields #Earthscience #blog 
https://t.co/IIBp8FxdbX",In our blog we explain how a compass interacts with the Earth's magnetic field &; why the North Pole is not 'True North' compass Science magneticfields Earthscience blog,0.29264000000000007,0,0,0
Misc,EN40,Other,1511491509136240642,@ijwtmiyambs The earth is actually flat!,The earth is actually flat!,0.09488,0,0,0
Misc,EN38,Other,1481884409783541760,"World: Microsoft founder Bill Gates became a prophet. He forecasts the end of the pandemic. It may happen soon, by the end of 2023! As stated by Omikron, it will be treated like a normal flu. https://t.co/5OKX7vTvgO","World: Microsoft founder Bill Gates became a prophet. He forecasts the end of the pandemic. It may happen soon, by the end of 2023! As stated by Omikron, it will be treated like a normal flu.",0.12344000000000001,0,0,0
Misc,EN39,Other,1511391453917892614,@Rainmaker1973 Make take from this is how close Russia is to the USA (Alaska).,Make take from this is how close Russia is to the USA (Alaska).,0.38472,0,0,0
Misc,EN31,Other,1327761567950237696,@tankandsam @girlsreallyrule @PressSec What's your position on climate change?,What's your position on climate change?,0.10608000000000001,0,0,0
Misc,EN31,Other,1327762021962706946,@SandDancer9 @PrisonPlanet Also climate change but I'm not sure you believe in that.,Also climate change but I'm not sure you believe in that.,0.066,0,0,0
Misc,EN40,Other,1511432258086920200,"@disclosetv Here is the application that shows the flat earth system with a Sky domed!

Because our sky is a perfect clock and compass !

https://t.co/KdIK13iisJ",Here is the application that shows the flat earth system with a Sky domed! Because our sky is a perfect clock and compass !,0.33192000000000005,0,0,0
Misc,EN39,Other,1511463999832961024,@AnthonyLyons007 @lapatina_ Which countries are the two very darkest spots?And the dark area in Central America? Is the dark area next to Alaska Russia? Alaska and Canada are pretty cold yet…,Which countries are the two very darkest spots?And the dark area in Central America? Is the dark area next to Alaska Russia? Alaska and Canada are pretty cold yet…,0.65,1,0,0
Misc,EN40,Other,1506030342897025028,@DarqueJacques @destructo9000 actually yeah I 100% agree with this. Holding a map to face the NStar or with a magnetic Compass in the corner is entirely logical and would likely arise again even with a factory reset of earth.,actually yeah I 100% agree with this. Holding a map to face the NStar or with a magnetic Compass in the corner is entirely logical and would likely arise again even with a factory reset of earth.,0.31736000000000003,0,0,0
Misc,EN33,Other,1487888147753099265,"Now SRM is being put into Integrated Assessment Models,  producing 'optimally delayed mitigation' (which they claims is 'distinct from moral hazard'). 
https://t.co/x2ZP0Kyi6L","Now SRM is being put into Integrated Assessment Models, producing 'optimally delayed mitigation' (which they claims is 'distinct from moral hazard').",0.27192000000000005,0,0,0
Misc,EN32,Other,1324810612229185538,Actual Photos of the Effects of the West Coast Wildfires! #wcw https://t.co/tvuUWEVRG8,Actual Photos of the Effects of the West Coast Wildfires! wcw,0.08032,0,0,0
Misc,EN40,Other,1504655777650421761,@boyfromdixie Electro Magnetic Propulsion…controlled lightening…Earth is a magnet south to north outside magnetic flux…reason why compass points north.,Electro Magnetic Propulsion…controlled lightening…Earth is a magnet south to north outside magnetic flux…reason why compass points north.,0.29752000000000006,0,0,0
Misc,EN39,True,1502008300862324736,"USA Today “fact checks” a Babylon Bee post: Fact check: Satirical claim that Biden is selling Alaska to Russia. (USA Today solemnly informed readers, this was a satirical headline. Boy, you can't fool those guys at USA Today.)","USA Today “fact checks” a Babylon Bee post: Fact check: Satirical claim that Biden is selling Alaska to Russia. (USA Today solemnly informed readers, this was a satirical headline. Boy, you can't fool those guys at USA Today.)",0.35128,0,0,0
Misc,EN39,False,1503581198555230209,Biden should sell Alaska back to the Russians so digging for oil can start up again,Biden should sell Alaska back to the Russians so digging for oil can start up again,0.668,1,0,0
Misc,EN40,Other,1495568332375793664,"@CroweDM @frankelly08 @PatsKarvelas The level of ""hawkishness"" the LNP are exhibiting are only explained by one thing to me.  Below is the 2019 Political Compass.  I can only guess that in the intervening years, they're gone even further to the right, to the extent they've tipped over the edge of their flat earth. https://t.co/itdrP81p8u","The level of ""hawkishness"" the LNP are exhibiting are only explained by one thing to me. Below is the 2019 Political Compass. I can only guess that in the intervening years, they're gone even further to the right, to the extent they've tipped over the edge of their flat earth.",0.31960000000000005,0,0,0
Misc,EN34,False,1508434567262138370,#ElectionIntegrity #VoteFraud Nothing to see here. Move along. https://t.co/5W7BDhfxqe,ElectionIntegrity VoteFraud Nothing to see here. Move along.,0.09784000000000001,0,0,0
Misc,EN31,Other,1327293605506068480,"Remember? Trump said ""FOREST MANAGEMENT"" Remember that.. https://t.co/7cWgEUuYRY","Remember? Trump said ""FOREST MANAGEMENT"" Remember that..",0.10824,0,0,0
Misc,EN35,False,1511364753033248771,@AmbRice46 @POTUS @VP @BarackObama Your boss never left office. He's been running things behind the scenes. All of Joe's policies are just a return to the American hating Obama policies. Obama illegally spied on Trump and did nothing to correct Hillary Clinton and the DNCs Russian hoax lies.,Your boss never left office. He's been running things behind the scenes. All of Joe's policies are just a return to the American hating Obama policies. Obama illegally spied on Trump and did nothing to correct Hillary Clinton and the DNCs Russian hoax lies.,0.6784,1,0,0
Misc,EN34,False,1510877776374644738,"@CavalierJohnson @MayorOfMKE @JimOwczarski

Couldn’t happen to a nicer group of guys!

What goes around comes around.

The Democrat horse is out of the barn.

Milwaukee officials face Zuckerberg-related election bribery lawsuit | Just The News https://t.co/w3TZ86hLgm",Couldn’t happen to a nicer group of guys! What goes around comes around. The Democrat horse is out of the barn. Milwaukee officials face Zuckerberg-related election bribery lawsuit | Just The News,0.12040000000000001,0,0,0
Misc,EN33,False,1507401189243199491,@edthetechie That's why Bill Gates wants to spray dust into the atmosphere to block out the sun. Three birds with one stone.,That's why Bill Gates wants to spray dust into the atmosphere to block out the sun. Three birds with one stone.,0.11728,0,0,0
Misc,EN35,False,1511314880497963015,"@Breaking911 Meanwhile Hunters Laptop, Hillary Clinton colluding to spy on Trump with Obama, Joe Biden and the @FBI is like https://t.co/Bv676UGdnU","Meanwhile Hunters Laptop, Hillary Clinton colluding to spy on Trump with Obama, Joe Biden and the is like",0.08864,0,0,0
Misc,EN31,Other,1327761499495026688,"Public Banks Urged to Invest in Farmers Battered by Climate Change
https://t.co/kMTxHZaGbp",Public Banks Urged to Invest in Farmers Battered by Climate Change,0.06312000000000001,0,0,0
Misc,EN34,Other,1511480018513371142,"This list includes:

- Howard Hughes
- Bill Gates
- Sheldon Adelson
- Mark Zuckerberg 
- Michael Dell,

and goes to show that you don't necessarily need a college degree to have a major impact in the world. https://t.co/Pfiwbtg9OQ","This list includes: - Howard Hughes - Bill Gates - Sheldon Adelson - Mark Zuckerberg - Michael Dell, and goes to show that you don't necessarily need a college degree to have a major impact in the world.",0.6045600000000001,1,0,0
Misc,EN36,True,1472123316467023877,New post on @LeadStoriesCom: Fact Check: NO Evidence That Mixing Grapefruit And Antidepressants Can Cause Fatal Overdose -- Combo MAY Cause Other Adverse Effects https://t.co/UDk4xj5xCi,New post on : Fact Check: NO Evidence That Mixing Grapefruit And Antidepressants Can Cause Fatal Overdose -- Combo MAY Cause Other Adverse Effects,0.13408,0,0,0
Misc,EN32,Other,1324882901389996039,"@teresahart54 @LabyrinthWeaver @DrJtoplay It’s possible, therefore, not as funny as Exploding Trees 😳. Yet another cause for CA/West Coast wildfires according to our stable genius.","It’s possible, therefore, not as funny as Exploding Trees 😳. Yet another cause for CA/West Coast wildfires according to our stable genius.",0.10744000000000001,0,0,0
Misc,EN40,Other,1511484698077315075,"Thomas Dolby, The Flat Earth https://t.co/YaQzpnCBTR","Thomas Dolby, The Flat Earth",0.13504,0,0,0
Misc,EN37,False,1494568641043615744,"@tuff_skinz @Ramoncoin @newsmax Hunters laptop, Hillarys emails, Obama tan suit and birth certificate and a global pandemic recovery.
Plus no relief on student loans, no voting rights, no change in immigration law, no increase tax on the rich.","Hunters laptop, Hillarys emails, Obama tan suit and birth certificate and a global pandemic recovery. Plus no relief on student loans, no voting rights, no change in immigration law, no increase tax on the rich.",0.10192000000000001,0,0,0
Misc,EN40,Other,1511493108546121728,"@theobro4sammich Oh and the earth is flat, right???","Oh and the earth is flat, right???",0.13440000000000002,0,0,0
Misc,EN38,False,1478536909039321088,"Omikron or AKA Omicron (just change the K to a C, they won’t notice), a video game about a demon who feeds on souls. A video game created by Microsoft, who’s created by Bill Gates, who’s acquaintances with Anthony Fauci, who’s besties with Joe Biden.

Hmmm 🤔🤔🤔","Omikron or AKA Omicron (just change the K to a C, they won’t notice), a video game about a demon who feeds on souls. A video game created by Microsoft, who’s created by Bill Gates, who’s acquaintances with Anthony Fauci, who’s besties with Joe Biden. Hmmm 🤔🤔🤔",0.09784000000000001,0,0,0
Misc,EN37,Other,1495054946382843908,"@dreadGodshand @AllyFos09470566 @Cameronmarxxen @LoloCraiger29 @RyanAFournier He also said he'd release them when Obama released his birth certificate. Is he still under audit? LOL

He'd be happy to release them...yet now he is fighting the release in court. Yeah, totally makes sense, doesn't it?   Is he still under audit, Matthew?
https://t.co/HACBPT63eG","He also said he'd release them when Obama released his birth certificate. Is he still under audit? LOL He'd be happy to release them...yet now he is fighting the release in court. Yeah, totally makes sense, doesn't it? Is he still under audit, Matthew?",0.08736000000000001,0,0,0
Misc,EN34,Other,1511480080803184642,Mark Zuckerberg and Elon Musk are the same. They tried to create platform for shitty people,Mark Zuckerberg and Elon Musk are the same. They tried to create platform for shitty people,0.26128000000000007,0,0,0
Misc,EN37,Other,1495072972201246728,"First ladies Michelle Obama and Jill Biden have multiple degrees and professional licenses between them, but the only thing Melania has is a birth certificate. And both are very classy women. https://t.co/lCP40Iso9W","First ladies Michelle Obama and Jill Biden have multiple degrees and professional licenses between them, but the only thing Melania has is a birth certificate. And both are very classy women.",0.29416000000000003,0,0,0
Misc,EN31,Other,1326102645162061825,"RT @PEFC: Great blog piece by @sfiprogram for @CGF_The_Forum on our recent Special Session at the #SRS2020 all about forest management, #ClimateAction and carbon emissions for a #ForestPositive future. 🌳🌲
👇
https://t.co/NboPtCC4gC","RT : Great blog piece by for on our recent Special Session at the SRS2020 all about forest management, ClimateAction and carbon emissions for a ForestPositive future. 🌳🌲 👇",0.07192000000000001,0,0,0
Misc,EN32,Other,1325591576593092608,"Hi Corey,
A Californian here.  Does Four Seasons Total Landscaping sell rakes?  Perhaps you and your small-handed boss can send some to the West Coast so we can get to working raking our 47.8M acres of FEDERAL LAND to minimize wildfires??? https://t.co/luFe71sNFY","Hi Corey, A Californian here. Does Four Seasons Total Landscaping sell rakes? Perhaps you and your small-handed boss can send some to the West Coast so we can get to working raking our 47.8M acres of FEDERAL LAND to minimize wildfires???",0.13304,0,0,0
Misc,EN37,Other,1495185725062590471,"@maggieNYT At least he provided them, Obama administration failed to respond to FOIA requests for years.

https://t.co/L4oc6IPxAn","At least he provided them, Obama administration failed to respond to FOIA requests for years.",0.12040000000000001,0,0,0
Misc,EN40,Other,1500375439700860928,"@MasihBlissful @sureshrao36 @KremlinRussia_E Besides, each year the magnetic poles move because of the shift in Earth's core. This means you have to compensate for the shift when using navigational maps, if you use a magnetic compass for navigation.

https://t.co/h1P4dAXf6P","Besides, each year the magnetic poles move because of the shift in Earth's core. This means you have to compensate for the shift when using navigational maps, if you use a magnetic compass for navigation.",0.27536000000000005,0,0,0
Misc,EN39,Other,1511433499168976907,"I guess the Masked Singer money dried up (it's like paste-eating endorsing glue-sniffing)
https://t.co/dpvd5mgF1y 
#comedy #jokes #Trump #SarahPalin #Alaska #Russia #Putin #CarlJung #psychology @MaskedSingerFOX #kimmel #FallonTonight",I guess the Masked Singer money dried up (it's like paste-eating endorsing glue-sniffing) comedy jokes Trump SarahPalin Alaska Russia Putin CarlJung psychology kimmel FallonTonight,0.67408,1,0,0
Misc,EN39,Other,1511474938758275073,Last verse is about bringing Alaska ‘home’ to Russia. JFC the Russians are absolutely batshit.  https://t.co/pivbIQm6F7,Last verse is about bringing Alaska ‘home’ to Russia. JFC the Russians are absolutely batshit.,0.8908000000000001,1,1,1
Misc,EN31,False,1325919999760936961,"November 9, 2018 Amid Californian forest fires @realDonaldTrump accuses state forest management of ""gross mismanagement"", threatens to withhold funding

""you gotta clean your floors, you gotta clean your forests"" trump

January 20, 2021 can't come soon enough https://t.co/8IQxZBpB3b","November 9, 2018 Amid Californian forest fires accuses state forest management of ""gross mismanagement"", threatens to withhold funding ""you gotta clean your floors, you gotta clean your forests"" trump January 20, 2021 can't come soon enough",0.28384000000000004,0,0,0
Misc,EN38,False,1488558470932701189,DId you know Microsoft ( bill Gates) brought out a game in 1999 about a City in lockdown that was patrolled by nazi thug like police. Its name. Omikron. Voice over by Bowie. https://t.co/x5Q7jdvL7l,DId you know Microsoft ( bill Gates) brought out a game in 1999 about a City in lockdown that was patrolled by nazi thug like police. Its name. Omikron. Voice over by Bowie.,0.26000000000000006,0,0,0
Misc,EN32,Other,1324402099636064264,"“What Impacts Do the West Coast Wildfires, Smoke Have on Crops?
In the midst of weeks of poor air quality, wine grape and cannabis growers try to assess the damage of the ash and smoke on their crops, as well as to human health.” https://t.co/bgmUNyCrHP","“What Impacts Do the West Coast Wildfires, Smoke Have on Crops? In the midst of weeks of poor air quality, wine grape and cannabis growers try to assess the damage of the ash and smoke on their crops, as well as to human health.”",0.27336000000000005,0,0,0
Misc,EN37,Other,1495185948732129281,See Viola Davis play Michelle Obama in new trailer https://t.co/v3fi6lSece,See Viola Davis play Michelle Obama in new trailer,0.12784,0,0,0
Misc,EN40,Other,1496236427050377222,"Be unafraid. The earth turns guided by magnetic COMPASS*IONS of Divine SOURCE. Mercifully, for as Christ said ""they KNOWNOT what they do"". 
Return to where your conscious communications with us were clear, where the plug was pulled from your ARCHCORE &; the cup of wisdom poisoned","Be unafraid. The earth turns guided by magnetic COMPASS*IONS of Divine SOURCE. Mercifully, for as Christ said ""they KNOWNOT what they do"". Return to where your conscious communications with us were clear, where the plug was pulled from your ARCHCORE &; the cup of wisdom poisoned",0.32176000000000005,0,0,0
Misc,EN38,Other,1494093126276984835,"@HeyTammyBruce The CDC said whatever Bill Gates tells the to say
He and his NWO buddies are at the bottom of this Plandemic",The CDC said whatever Bill Gates tells the to say He and his NWO buddies are at the bottom of this Plandemic,0.3122400000000001,0,0,0
Misc,EN36,Other,1495525225605173250,@adoreyoujena and something not food is their pink pomelo  grapefruit hand soap 🤌,and something not food is their pink pomelo grapefruit hand soap 🤌,0.06352,0,0,0
Misc,EN32,Other,1324511362811310081,@RotoPat *like the wildfires engulfing the west coast,*like the wildfires engulfing the west coast,0.10664,0,0,0
Misc,EN33,Other,1503370364407099392,Harvard’s Solar Geoengineering Research is seeking an experienced leader and manager from the realm of environmental public policy to serve as its Executive Director. https://t.co/adkTtsdu65,Harvard’s Solar Geoengineering Research is seeking an experienced leader and manager from the realm of environmental public policy to serve as its Executive Director.,0.34024,0,0,0
Misc,EN35,False,1510817080844636169,"HILLARYGATE: Techs Allegedly Used by Hillary Clinton and the DNC to Spy on Donald Trump Worked for the Defense Advanced Research Projects Agency (DARPA)

https://t.co/fiJEFzJj3q",HILLARYGATE: Techs Allegedly Used by Hillary Clinton and the DNC to Spy on Donald Trump Worked for the Defense Advanced Research Projects Agency (DARPA),0.06864,0,0,0
Misc,EN37,Other,1494482770374144015,"@Acyn I thought you were talking about Roy Epps or Seth Rich or Benghazi, Deep state, Benghazi, fast and furious, Seth rich, Jade Helm, Spy Gate, IRS scandal, Pizza Hut basement sex ring, Uranium one, Obama Birth Certificate Report, the Horowitz report, crowdstrike, crossfire hurricane","I thought you were talking about Roy Epps or Seth Rich or Benghazi, Deep state, Benghazi, fast and furious, Seth rich, Jade Helm, Spy Gate, IRS scandal, Pizza Hut basement sex ring, Uranium one, Obama Birth Certificate Report, the Horowitz report, crowdstrike, crossfire hurricane",0.06416,0,0,0
Misc,EN31,Other,1325891331823177730,The East Oregonian offers another take on how forest management can help combat climate change in Eastern Oregon. https://t.co/i34COcXbFm,The East Oregonian offers another take on how forest management can help combat climate change in Eastern Oregon.,0.0988,0,0,0
Misc,EN39,Other,1511417539091648512,"@POTUS YOUR EVERY THREATENING 

TO  RUSSIA  IS  THE CYNICISM dog-like 

WHAT U.S./ UNO did 

FOR THE WORLD 🌎 PEACE 

GENOCIDE IN 
- AUSTRALIA 🇦🇺 
- NEWZEALAND 🇦🇷 
- ARGENTINA 🇦🇷 
- ALASKA 🇦🇷 
- CANADA 🇨🇦 
- UNITED STATES 🇺🇸 
- DENMARK 🇩🇰
- UNITED KINGDOM 🇬🇧 
- SWEDEN 🇸🇪 
- https://t.co/8eiMtEaXdh",YOUR EVERY THREATENING TO RUSSIA IS THE CYNICISM dog-like WHAT U.S./ UNO did FOR THE WORLD 🌎 PEACE GENOCIDE IN - AUSTRALIA 🇦🇺 - NEWZEALAND 🇦🇷 - ARGENTINA 🇦🇷 - ALASKA 🇦🇷 - CANADA 🇨🇦 - UNITED STATES 🇺🇸 - DENMARK 🇩🇰 - UNITED KINGDOM 🇬🇧 - SWEDEN 🇸🇪 -,0.95,1,1,1
Misc,EN36,Other,1494930158062555136,"Scientific studies indicate that, choosing to regularly eat  lycopene- rich fruits such as papayas ,tomatoes, apricots, pink grapefruit, watermelon and guavas may reduce man's risk of developing prostate cancer, Eat these lycopene rich foods daily for a dose of antioxidants. https://t.co/HqGlAqWkkl","Scientific studies indicate that, choosing to regularly eat lycopene- rich fruits such as papayas ,tomatoes, apricots, pink grapefruit, watermelon and guavas may reduce man's risk of developing prostate cancer, Eat these lycopene rich foods daily for a dose of antioxidants.",0.10304,0,0,0
Misc,EN38,Other,1494089407435100164,@sophielouisecc Has anyone asked him about his past connections with Bill Gates and the WEF?,Has anyone asked him about his past connections with Bill Gates and the WEF?,0.12216,0,0,0
Misc,EN33,Other,1495993901593030656,"@JordanSchachtel solar shield has been in effect since 2017.   watch out you might realize what's been happening.

https://t.co/lICYhhm6MC",solar shield has been in effect since 2017. watch out you might realize what's been happening.,0.38808,0,0,0
Misc,EN34,False,1508449549681057792,Milwaukee officials face A Zuckerberg-related ELECTION BRIBERY lawsuit https://t.co/FhfqFIPWsp via @JustTheNews,Milwaukee officials face A Zuckerberg-related ELECTION BRIBERY lawsuit via,0.13536,0,0,0
Misc,EN33,False,1504146707864436739,"@TheBabylonBee Insane Bill Gates wants to block out the sun to slow ""climate change""  That's no parody. He really wants to.
That's how insane he is.","Insane Bill Gates wants to block out the sun to slow ""climate change"" That's no parody. He really wants to. That's how insane he is.",0.39792,0,0,0
Misc,EN35,Other,1511301291150123013,"Connection of Trump and Russia banks on trial. 

British spy Christopher Steele may be called as witness in trial of former Clinton attorney: court filings - Raw Story - Celebrating 18 Years of Independent Journalism https://t.co/Z5g7JDeTVl",Connection of Trump and Russia banks on trial. British spy Christopher Steele may be called as witness in trial of former Clinton attorney: court filings - Raw Story - Celebrating 18 Years of Independent Journalism,0.34928,0,0,0
Misc,EN34,False,1508962552793145345,"Milwaukee officials face Zuckerberg-related election bribery lawsuit
""The evidence in this complaint is overwhelming and condemning,"" a Thomas More Society attorney said 

https://t.co/RX0Ueg79AI https://t.co/RZL5tvMCJv","Milwaukee officials face Zuckerberg-related election bribery lawsuit ""The evidence in this complaint is overwhelming and condemning,"" a Thomas More Society attorney said",0.13272,0,0,0
Misc,EN32,Other,1311817177440415746,"@JODKERS_WILD @SierraMagyar @MichaelDeLauzon In some cases they’re in plain view, stirring up trouble with Antifa. The FBI found that the George Floyd protests were actually started by a white supremacist setting fire to a business.","In some cases they’re in plain view, stirring up trouble with Antifa. The FBI found that the George Floyd protests were actually started by a white supremacist setting fire to a business.",0.09872,0,0,0
Misc,EN39,Other,1511399607187787776,"Either Russia's head is messed up, or they still think they're a great country. 

Here, they are demanding Alaska back.
There's no need to even comment on that.

#ukraine #poland #russia #breakingnews #breaking #war #ukrainewar #Krieg #polska #ukraina #putin https://t.co/BT5mejaMFo","Either Russia's head is messed up, or they still think they're a great country. Here, they are demanding Alaska back. There's no need to even comment on that. ukraine poland russia breakingnews breaking war ukrainewar Krieg polska ukraina putin",0.95,1,1,1
Misc,EN34,False,1508288854389927938,"The Wisconsin election website states that 2020 ""Presidential results are still subject to change due to litigation.""

Milwaukee officials face Zuckerberg-related election bribery lawsuit https://t.co/aZ4Gj4g2q1 via @JustTheNews","The Wisconsin election website states that 2020 ""Presidential results are still subject to change due to litigation."" Milwaukee officials face Zuckerberg-related election bribery lawsuit via",0.12240000000000001,0,0,0
Misc,EN37,True,1495090426814029826,"@RonFilipkowski When Trump's Obama birth certificate theory wasn't outright rejected by the GOP, he knew he could convince them of any lie.","When Trump's Obama birth certificate theory wasn't outright rejected by the GOP, he knew he could convince them of any lie.",0.12848,0,0,0
Misc,EN32,True,1308189784968364032,"@Shelby99319176 @JMac0987 @KeithCamarata77 @joerogan When its common knowledge it doesnt need sources.  YOU can confirm these points as valid w a simple search.

I CANNOT validate that ""all the fires are arson"" or ""antifa started the forest fires"" with a simple google search because THOSE ARENT FACTS.","When its common knowledge it doesnt need sources. YOU can confirm these points as valid w a simple search. I CANNOT validate that ""all the fires are arson"" or ""antifa started the forest fires"" with a simple google search because THOSE ARENT FACTS.",0.12488000000000002,0,0,0
Misc,EN31,Other,1326552089724559365,"@JimOnCities Also need marine sinks for carbon, too, such as in kelp forest management. https://t.co/s1LCDRRE14","Also need marine sinks for carbon, too, such as in kelp forest management.",0.07912,0,0,0
Misc,EN32,Other,1324875310995660800,@SanjayFBPEUK @KellyBacon @bloo127 There are other non covid reasons to need the male also though.  Wood working and on the west coast just simply breathing in September due to the wildfires.,There are other non covid reasons to need the male also though. Wood working and on the west coast just simply breathing in September due to the wildfires.,0.10408,0,0,0
Misc,EN37,Other,1495185112501297152,"@WalshFreedom I hear this type of redirect all the time! 

Fact: Under Obama/Biden, Russia annexed Crimea.

Fact: under Trump, Russia/Putin had to mind his manners. 

Fact: Biden is back in the circle of power, Russia starts up taking territory, again. 

🤷🏽‍♂️","I hear this type of redirect all the time! Fact: Under Obama/Biden, Russia annexed Crimea. Fact: under Trump, Russia/Putin had to mind his manners. Fact: Biden is back in the circle of power, Russia starts up taking territory, again. 🤷🏽‍♂️",0.6492,1,0,0
Misc,EN39,False,1503676796830724098,"Wouldn’t surprise me if The biden Regime sells Alaska to Russia so They  can pump oil and sell it to us , because he can save money on shipping ! 

#FJBiden 
#BidenIsADisgrace https://t.co/GOZlQu2lK4","Wouldn’t surprise me if The biden Regime sells Alaska to Russia so They can pump oil and sell it to us , because he can save money on shipping ! FJBiden BidenIsADisgrace",0.35544,0,0,0
Misc,EN32,Other,1324787357288116224,"@BlackBernieBabe Not to mention an economic crisis on par with the Great Depression, wildfires that burned the entire West Coast, a looming housing crisis where 28 million are on the verge of eviction, massive protests, etc. Even with all that Biden just barely won and the Dems lost seats.","Not to mention an economic crisis on par with the Great Depression, wildfires that burned the entire West Coast, a looming housing crisis where 28 million are on the verge of eviction, massive protests, etc. Even with all that Biden just barely won and the Dems lost seats.",0.27720000000000006,0,0,0
Misc,EN35,Other,1509558259497140228,"Trump had the audacity to ask a foreign dictator to spy on Hillary Clinton, but now he's asking the same brutal mass murderer to spy on the president's son. How the HELL is this not treachery? https://t.co/5Lj6XtT9cx","Trump had the audacity to ask a foreign dictator to spy on Hillary Clinton, but now he's asking the same brutal mass murderer to spy on the president's son. How the HELL is this not treachery?",0.29208000000000006,0,0,0
Misc,EN34,Other,1511492105079775235,"mark zuckerberg looks less like a human and more like a decommissioned droid from irobot  every time a new pic comes out. pay attention bc this look will become the foundation of “meta face,” the future of Instagram Face https://t.co/KNe0jDw6CL","mark zuckerberg looks less like a human and more like a decommissioned droid from irobot every time a new pic comes out. pay attention bc this look will become the foundation of “meta face,” the future of Instagram Face",0.08776,0,0,0
Misc,EN36,Other,1495522377115246593,@maskuliny Ik but I love grapefruit and kinda dislike lavender ngl,Ik but I love grapefruit and kinda dislike lavender ngl,0.11712,0,0,0
Misc,EN38,Other,1494090199193772036,"@patrickmason007 YET is a key word you are missing, im taking a line from your almighty leader Bill Gates, ""if you want to know the side effects of a vaccine after 2 years, you have to wait 2 years""","YET is a key word you are missing, im taking a line from your almighty leader Bill Gates, ""if you want to know the side effects of a vaccine after 2 years, you have to wait 2 years""",0.09744000000000001,0,0,0
Misc,EN32,Other,1311141151223746560,"@SenSchumer Well, the Forest mismanagement and Antifa started fires did play a large part","Well, the Forest mismanagement and Antifa started fires did play a large part",0.13728,0,0,0
Misc,EN37,False,1494586289622036481,"Barack Obama’s birth certificate is unattractive, both inside and beautiful, as, it really doesn’t matter what the election","Barack Obama’s birth certificate is unattractive, both inside and beautiful, as, it really doesn’t matter what the election",0.37424,0,0,0
Misc,EN34,False,1508910269220667393,"""Wisconsin’s voters deserve to know the truth, and they need to be assured that the corruption has been eliminated"" AGREED! #stopthesteal 
Milwaukee Officials Sued in Zuckerberg-Related Election Bribery Case https://t.co/oBND9LD3aU via @epochtimes","""Wisconsin’s voters deserve to know the truth, and they need to be assured that the corruption has been eliminated"" AGREED! stopthesteal Milwaukee Officials Sued in Zuckerberg-Related Election Bribery Case via",0.31344000000000005,0,0,0
Misc,EN40,Other,1511493689423527938,"@orndorf77 @TheKavernacle Sociology is a science, and it says trans identities are valid.

There's also biology, which specifically claims to have no direct relation to gender, meaning anything physical is automatically bad evidence.

Again, if you want to think the earth is flat thats your right","Sociology is a science, and it says trans identities are valid. There's also biology, which specifically claims to have no direct relation to gender, meaning anything physical is automatically bad evidence. Again, if you want to think the earth is flat thats your right",0.08376,0,0,0
Misc,EN38,Other,1481483322484215808,"@monsterating i wish it was Omikron, the underrated 90's video game guest starring David Bowie (who also wrote the theme song) instead, that kicked my ass","i wish it was Omikron, the underrated 90's video game guest starring David Bowie (who also wrote the theme song) instead, that kicked my ass",0.31232000000000004,0,0,0
Misc,EN40,Other,1504765552652259330,"There's non compass navigation.  Then also area or range specific navigation.  If your in a flat earth the compass for an orb would look the same but calibrate and function different.  Same with cube, flat square, triangle, fractal, and cymatic.

https://t.co/5PowXEV2ps","There's non compass navigation. Then also area or range specific navigation. If your in a flat earth the compass for an orb would look the same but calibrate and function different. Same with cube, flat square, triangle, fractal, and cymatic.",0.30912000000000006,0,0,0
Misc,EN39,False,1502390172847063052,@Alfred_StatesX I'm waiting for Biden to sell Alaska back to Russia so they can drill for oil and sell it to us. 😂,I'm waiting for Biden to sell Alaska back to Russia so they can drill for oil and sell it to us. 😂,0.344,0,0,0
Misc,EN35,False,1509850354279669765,"@RepAdamSchiff You may have missed it this week as your head is so far up @SpeakerPelosi ‘s back side, but the FEC fined the Clinton campaign and the DNC for hiring a foreign spy to create the fake dossier. The Trump / Russia ‘collusion’ was a hoax you continue to peddle those lies","You may have missed it this week as your head is so far up ‘s back side, but the FEC fined the Clinton campaign and the DNC for hiring a foreign spy to create the fake dossier. The Trump / Russia ‘collusion’ was a hoax you continue to peddle those lies",0.38488,0,0,0
Misc,EN35,Other,1511485817180499969,@DavidAFrench What standards are we holding Trump and Clinton to?,What standards are we holding Trump and Clinton to?,0.13672,0,0,0
Misc,EN35,False,1509629797953159177,"FEC has fined the campaign, the DNC, and others for lying about the money they paid to create the infamous Steele Dossier, the smear assembled by a British spy to wreck Trump’s candidacy.
https://t.co/jeV4OOB5QA","FEC has fined the campaign, the DNC, and others for lying about the money they paid to create the infamous Steele Dossier, the smear assembled by a British spy to wreck Trump’s candidacy.",0.33392000000000005,0,0,0
Misc,EN34,Other,1511486259977494531,"@TheBeatWithAri @MelissaJPeltier @ChaiKomanduri Yup, Donald Trump, Rupert Murdoch &;  Mark Zuckerberg caused anger &; division. But before them we had Glenn Beck, Hannity, &; Limbaugh. They started the radicalization of today’s R voters and primed them for the racist divisive Trump.","Yup, Donald Trump, Rupert Murdoch &; Mark Zuckerberg caused anger &; division. But before them we had Glenn Beck, Hannity, &; Limbaugh. They started the radicalization of today’s R voters and primed them for the racist divisive Trump.",0.09104000000000001,0,0,0
Misc,EN32,False,1314381403836964864,@Reuters California endorses antifa to start forest fires and cause chaos. That mega earthquake aint coming soon enough.,California endorses antifa to start forest fires and cause chaos. That mega earthquake aint coming soon enough.,0.1184,0,0,0
Misc,EN40,Other,1511483393468338183,@azhooah @WatermelonFat68 @eajones2k22 @FlatEarthOrg Of course! And I can help explain away any questions you have about the Earth being round and try to disprove anything from a flat Earth model you think is true. I have an agenda but I don’t want to attack. Just convince. :),Of course! And I can help explain away any questions you have about the Earth being round and try to disprove anything from a flat Earth model you think is true. I have an agenda but I don’t want to attack. Just convince. :),0.32936000000000004,0,0,0
Misc,EN35,Other,1511485057323745283,@panda_personal @unusual_whales @elonmusk 80 million people don’t like trump. Many were duped into believing falsely Clinton family is a crime syndicate.,80 million people don’t like trump. Many were duped into believing falsely Clinton family is a crime syndicate.,0.08336,0,0,0
Misc,EN36,False,1471551525340209153,Reminder to all my anti-depressant taking peeps not to eat grapefruit or drink grapefruit juice because it can affect how you metabolize your medicine and cause overdose. Ok love u bye.,Reminder to all my anti-depressant taking peeps not to eat grapefruit or drink grapefruit juice because it can affect how you metabolize your medicine and cause overdose. Ok love u bye.,0.12016,0,0,0
Misc,EN40,Other,1511481397449572352,"Today, I've been told that:
Putin is the next Jesus who will save the world from WEF and that poles aren't shifting because the earth is actually flat.
It's only a Tuesday, but cheers! 😌🍺🥃","Today, I've been told that: Putin is the next Jesus who will save the world from WEF and that poles aren't shifting because the earth is actually flat. It's only a Tuesday, but cheers! 😌🍺🥃",0.4116,0,0,0
Misc,EN36,Other,1483730931949228035,"whitebaybeer, Falling Through Space, New England Double IPA, 8% abv, limited release. A big heavy beer this one (not sure how I got it to float like that...), with an overdose of galaxy and vic secret hops providing a powerful grapefruit finish. I... https://t.co/LYCucZRE6B https://t.co/6HYVTNKGTC","whitebaybeer, Falling Through Space, New England Double IPA, 8% abv, limited release. A big heavy beer this one (not sure how I got it to float like that...), with an overdose of galaxy and vic secret hops providing a powerful grapefruit finish. I...",0.41856,0,0,0
Misc,EN37,Other,1495186234267910144,@Bluertwo Jackie Kennedy then Michelle Obama then Jill Biden,Jackie Kennedy then Michelle Obama then Jill Biden,0.13784000000000002,0,0,0
Misc,EN31,Other,1327763175413075968,@jimcramer I agree with preserving our fossil fuels - we will need them to fertilize our food supply. The faster we transition to the sun the better. But this secular humanist apocalyptic cult being created by the climate change alarmists is absurd.,I agree with preserving our fossil fuels - we will need them to fertilize our food supply. The faster we transition to the sun the better. But this secular humanist apocalyptic cult being created by the climate change alarmists is absurd.,0.10656,0,0,0
Misc,EN33,False,1507722134956748812,@BM25464555 Nope .they been spraying our skies to block out the sun and cool the earth (so they say) the chemicals are harmful and it's funded by the devil himself bill gates,Nope .they been spraying our skies to block out the sun and cool the earth (so they say) the chemicals are harmful and it's funded by the devil himself bill gates,0.12824,0,0,0
Misc,EN36,Other,1481223178525368320,"The antioxidant Lycopene is what makes a tomato red or grapefruit pink. It is best known for its role in reducing risk of prostate cancer.  

It also protects against:

-Obesity
-Diabetes
-Neuropathy

Lycopene also an important nutrient for #longevity.

#lycopene #inflammation https://t.co/OgWyyRR0Xd",The antioxidant Lycopene is what makes a tomato red or grapefruit pink. It is best known for its role in reducing risk of prostate cancer. It also protects against: -Obesity -Diabetes -Neuropathy Lycopene also an important nutrient for longevity. lycopene inflammation,0.0844,0,0,0
Misc,EN31,Other,1326934117955596288,"TONIGHT! Expert panelists, including Prof. @airscottdenning, will discuss climate change, forest management, disaster resiliency and environmental policy related to Colorado wildfires. Prof. @ScienceEmily will moderate. RSVP for Zoom link: https://t.co/W5qv4zRffi https://t.co/3tSJqhLfji","TONIGHT! Expert panelists, including Prof. , will discuss climate change, forest management, disaster resiliency and environmental policy related to Colorado wildfires. Prof. will moderate. RSVP for Zoom link:",0.061680000000000006,0,0,0
Misc,EN35,False,1511296695434465280,@elonmusk now would be a good time to reinstate Donald J. Trump’s account. Hillary Clinton has a Twitter account and she spied on a sitting President.,now would be a good time to reinstate Donald J. Trump’s account. Hillary Clinton has a Twitter account and she spied on a sitting President.,0.08416000000000001,0,0,0
Misc,EN35,False,1509985837861195785,"@GaryGensler The SEC IS corrupt.  Gary sits on his ass tweeting while millions of retail are exposing crimes on a daily basis. 

Gary was also the money man behind the Clinton campaign who spied on Trump as a citizen and as a sitting president.

My money says Gary is going to jail either way",The SEC IS corrupt. Gary sits on his ass tweeting while millions of retail are exposing crimes on a daily basis. Gary was also the money man behind the Clinton campaign who spied on Trump as a citizen and as a sitting president. My money says Gary is going to jail either way,0.26192000000000004,0,0,0
Misc,EN33,False,1504907448993435660,"Ook dit wil Bill Gates!
A Bill Gates Venture Aims To Spray Dust Into The Atmosphere To Block The Sun. What Could Go Wrong?
Als je veel geld hebt kan dat allemaal.
De aarde zal niet meer te warm worden toch?
😌",Ook dit wil Bill Gates! A Bill Gates Venture Aims To Spray Dust Into The Atmosphere To Block The Sun. What Could Go Wrong? Als je veel geld hebt kan dat allemaal. De aarde zal niet meer te warm worden toch? 😌,0.6182400000000001,1,0,0
Misc,EN35,False,1511491333713588225,"@GeorgetownJD @GeorgePapa19 We know your ilk are thick.
Did you bother to read the article?
Can you read?  Or blinded by partisanship?
It outlines a lie to FBI, which is a crime.
No idea of hearsay v. exculpatory?

Clinton, DNC, media lied to FBI, Courts and public to frame Trump.  Let them all die in jail.","We know your ilk are thick. Did you bother to read the article? Can you read? Or blinded by partisanship? It outlines a lie to FBI, which is a crime. No idea of hearsay v. exculpatory? Clinton, DNC, media lied to FBI, Courts and public to frame Trump. Let them all die in jail.",0.10176,0,0,0
Misc,EN40,Other,1493236778215645187,"@saba_eyy @irlsheyd I also just learned that the earth’s South Pole is actually geographically north, which is why the north end of a magnetic compass points up l. It is also not even centered. The South Pole of the earth is around the Hudson Bay Area. Shits crazy","I also just learned that the earth’s South Pole is actually geographically north, which is why the north end of a magnetic compass points up l. It is also not even centered. The South Pole of the earth is around the Hudson Bay Area. Shits crazy",0.51656,1,0,0
Misc,EN36,Other,1495547441763930112,"@Mik3one5 @Marechtare1 @3thanF69 She supports Trump, you intellectual grapefruit.","She supports Trump, you intellectual grapefruit.",0.13768,0,0,0
Misc,EN33,Other,1483427100329660417,"After sun-dimming setback, geoengineers seek diplomatic fix
https://t.co/nA5AJ3BvS1
A snub for a high-altitude Harvard University project to dim sunshine last year has spurred down-to-Earth diplomacy in 2022 to solve solar geoengineering research disputes @alisterdoyle
@jpasztor https://t.co/GnwLVHPLU6","After sun-dimming setback, geoengineers seek diplomatic fix A snub for a high-altitude Harvard University project to dim sunshine last year has spurred down-to-Earth diplomacy in 2022 to solve solar geoengineering research disputes",0.10512,0,0,0
Misc,EN40,Other,1511485659206270983,"@laurenboebert Only evil to people like you who still think the earth is flat, and the sun orbits the earth. Evil? YOUR the one married to a guy who exposed himself in public!!!!!! Hypocrite.","Only evil to people like you who still think the earth is flat, and the sun orbits the earth. Evil? YOUR the one married to a guy who exposed himself in public!!!!!! Hypocrite.",0.08832000000000001,0,0,0
Misc,EN35,False,1510037213400252419,@louretire762 Fake news. Trump won in 2016. And Clinton spied on him. #HillaryClinton #LiberalHypocrisy #FactsMatter #DemocratsAreDestroyingAmerica #DemocracyUnderThreat #TrumpWasRightAboutEverything #MAGA #RedWave2022 #LiberalismIsAMentalDisease #LiberalismIsAMentalDisorder,Fake news. Trump won in 2016. And Clinton spied on him. HillaryClinton LiberalHypocrisy FactsMatter DemocratsAreDestroyingAmerica DemocracyUnderThreat TrumpWasRightAboutEverything MAGA RedWave2022 LiberalismIsAMentalDisease LiberalismIsAMentalDisorder,0.30800000000000005,0,0,0
Misc,EN38,False,1484899544521400321,@2still_learning Omikron was a Gates video game in 1989,Omikron was a Gates video game in 1989,0.13744,0,0,0
Misc,EN37,Other,1494831474142593026,"Has anybody heard a Peep from OBAMA after he left office….NO! Has anyone heard from BUSH  after he left office… NO! Has anyone heard from Clinton after he left office…..NO! This bigmouth whinny baby, started sh&;t before he was in office about OBAMA’S birth certificate!","Has anybody heard a Peep from OBAMA after he left office….NO! Has anyone heard from BUSH after he left office… NO! Has anyone heard from Clinton after he left office…..NO! This bigmouth whinny baby, started sh&;t before he was in office about OBAMA’S birth certificate!",0.12584,0,0,0
Misc,EN34,Other,1511487193277251592,"@DannyDaSwift @scrowder @elonmusk Damn Daniel, that’s what mark Zuckerberg said too, we’re just a platform we bring people together they can police themselves… meanwhile they brought together all the hate groups &; a the massive spread of Russian propaganda.  How’d that work for us ?  Just because you have $…","Damn Daniel, that’s what mark Zuckerberg said too, we’re just a platform we bring people together they can police themselves… meanwhile they brought together all the hate groups &; a the massive spread of Russian propaganda. How’d that work for us ? Just because you have $…",0.95,1,1,1
Misc,EN32,Other,1307409947777314816,"@ScottAdamsSays #dilbertcreator says “...forest fires (in CA) start at the bottom of the state, and go all the way to the top of the United States, and then stop at the Canadian border. Now, is there no climate change on the other side of the border?”
https://t.co/Sr7mYawRJW","dilbertcreator says “...forest fires (in CA) start at the bottom of the state, and go all the way to the top of the United States, and then stop at the Canadian border. Now, is there no climate change on the other side of the border?”",0.11408000000000001,0,0,0
Misc,EN33,False,1510934541476802562,"Down a tech giants wormhole this morning. 

Sweden canceled Bill Gates’ controversial climate geoengineering project (SCoPEx) aiming to block the sun to stop global warming https://t.co/lsY4WCFe3C",Down a tech giants wormhole this morning. Sweden canceled Bill Gates’ controversial climate geoengineering project (SCoPEx) aiming to block the sun to stop global warming,0.56408,1,0,0
Misc,EN33,False,1504619610913525762,"@TackyTeddy @4allpatroits @adamcurry I read about this last year. Bill Gates is funding a Solar Geoengineering Research Program at Harvard. 

https://t.co/4Ykisj78rk",I read about this last year. Bill Gates is funding a Solar Geoengineering Research Program at Harvard.,0.08344,0,0,0
Misc,EN32,True,1308513423454539778,"@PromoPremiers @ggreenwald Rogan has since admitted there is no evidence he's aware of that the forest fires were started by antifa, and has acknowledged his error (something he's done a lot better at recently). I get your point, but there are absolutely consp theories made up out of thin air for politics.","Rogan has since admitted there is no evidence he's aware of that the forest fires were started by antifa, and has acknowledged his error (something he's done a lot better at recently). I get your point, but there are absolutely consp theories made up out of thin air for politics.",0.5562400000000001,1,0,0
Misc,EN36,Other,1482772092424581121,"https://t.co/KPdWlEHjMm

Anything but vax:
- OD on #HCQ
- OD on #IVM
- drink #bleach or peroxide
- chug #piss
- take feminizing drugs
- boil grapefruit peels 

Time to aspirate milk vomit while KOd from benadryl overdose lmfao",Anything but vax: - OD on HCQ - OD on IVM - drink bleach or peroxide - chug piss - take feminizing drugs - boil grapefruit peels Time to aspirate milk vomit while KOd from benadryl overdose lmfao,0.09232000000000001,0,0,0
Misc,EN31,Other,1325124465659944960,@gtconway3d Maybe there will be an announcement about Trump’s forest management plan,Maybe there will be an announcement about Trump’s forest management plan,0.07400000000000001,0,0,0
Misc,EN38,Other,1494090016003350528,Does anyone trust Bill Gates? https://t.co/bg9aQ0bvOL,Does anyone trust Bill Gates?,0.07144,0,0,0
Misc,EN37,Other,1495185719098286086,"I've said it over and again. Biden is a total failure, his campaign was run o  if you cant control the pandemic you shouldn't be president, he and obama failed on N1H1 and he said he would vure the pandemic in 100 days. FAILURE.","I've said it over and again. Biden is a total failure, his campaign was run o if you cant control the pandemic you shouldn't be president, he and obama failed on N1H1 and he said he would vure the pandemic in 100 days. FAILURE.",0.1296,0,0,0
Misc,EN37,True,1494803219662446594,"@drfarls I see this more as the ignorance of people who exist in ideological bubbles.  If you were listening to the amount of right wing rabble who believed Obama had a fake birth certificate, and saw Trump become the standard bearer for that view, you could see this coming.","I see this more as the ignorance of people who exist in ideological bubbles. If you were listening to the amount of right wing rabble who believed Obama had a fake birth certificate, and saw Trump become the standard bearer for that view, you could see this coming.",0.12848,0,0,0
Misc,EN33,False,1508106305654898691,The symbolism couldn't be more blatant if they tried. Bill Gates wants to block out the sun. Who else would do that?,The symbolism couldn't be more blatant if they tried. Bill Gates wants to block out the sun. Who else would do that?,0.09312000000000001,0,0,0
Misc,EN32,Other,1324824783033454592,@josh2saint Partner with the West coast states to help find solutions for the wildfires,Partner with the West coast states to help find solutions for the wildfires,0.13808,0,0,0
Misc,EN38,Other,1475931024928428032,@oxyjene1986 no please don't buy the david cage's quantic dream's omikron the nomad soul video game you're so sexy aha,no please don't buy the david cage's quantic dream's omikron the nomad soul video game you're so sexy aha,0.13584000000000002,0,0,0
Misc,EN38,Other,1494092628270497793,@realbiIIgate Thanks bill gates :),Thanks bill gates :),0.108,0,0,0
Misc,EN33,Other,1503415904964599812,"Is the really sky the limit? Can aerosols be used to combat global warming? These questions are answered  in our #EnvironmentalResearchLetters journal released today by  researchers from @Yale and @Harvard. 

Read the full article:https://t.co/qpujoqNJ4D

#TrendingResearch https://t.co/d71nFHubKG",Is the really sky the limit? Can aerosols be used to combat global warming? These questions are answered in our EnvironmentalResearchLetters journal released today by researchers from and . Read the full article: TrendingResearch,0.8606400000000001,1,1,1
Misc,EN31,Other,1325215464696410112,@lamourrevient @jlpratt4 @realDonaldTrump @Varneyco @FoxBusiness @VP @GOP net neutral will not save the trees. Trees need CO2 to make food for themselves and for us. Trump has a billion trees plan that was already started with forest management. USA Carbon footprint is the best in over 50 years.,net neutral will not save the trees. Trees need CO2 to make food for themselves and for us. Trump has a billion trees plan that was already started with forest management. USA Carbon footprint is the best in over 50 years.,0.07808000000000001,0,0,0
Misc,EN32,Other,1324394207985995778,"@KEEMSTAR Now we just wait for mass blackouts and wildfires to start around the entire country. We kept those assholes relegated to the west coast, Biden being president means we all lose our coal plants. Green New Deal for everyone. Smh Hopefully when shit goes left they admit fault","Now we just wait for mass blackouts and wildfires to start around the entire country. We kept those assholes relegated to the west coast, Biden being president means we all lose our coal plants. Green New Deal for everyone. Smh Hopefully when shit goes left they admit fault",0.504,1,0,0
Misc,EN36,Other,1491778921159073795,"The grapefruit diet has been around for a long time, since the 1930s. This weight loss diet plan is also known as the Hollywood diet or the mayo diet.

#grapefruit #diet #fitnesslife #weightloss #mealplan 
https://t.co/mTckylUSBK","The grapefruit diet has been around for a long time, since the 1930s. This weight loss diet plan is also known as the Hollywood diet or the mayo diet. grapefruit diet fitnesslife weightloss mealplan",0.08392000000000001,0,0,0
Misc,EN32,False,1309562992787206146,"This comes from the fairy tales of Gavin Newsom. The guys obsessed. It is his own failure to maintain our forest. Permitting antifa to run wild, . BLM, antifa, arsonist and a gender reveal party, started the largest fire. Funny the rest of the country doesn't have that problem. https://t.co/i0X5FnZ3VG","This comes from the fairy tales of Gavin Newsom. The guys obsessed. It is his own failure to maintain our forest. Permitting antifa to run wild, . BLM, antifa, arsonist and a gender reveal party, started the largest fire. Funny the rest of the country doesn't have that problem.",0.12248,0,0,0
Misc,EN33,Other,1489982192742764553,Funding for Solar Geoengineering from 2008 to 2018 | Harvard's Solar Geoengineering Research Program https://t.co/p3myaGTByl  #ScientificMethod  #ChemtrailsAreReal #ConspiracyTheories,Funding for Solar Geoengineering from 2008 to 2018 | Harvard's Solar Geoengineering Research Program ScientificMethod ChemtrailsAreReal ConspiracyTheories,0.3724,0,0,0
Misc,EN36,Other,1489870819665022980,"@katscully1 @JaggerMickOZ @James72939357 @MickHutton3 @Havenaar64 @Angelscu2 @bombaybadboy @HoaNguy01811981 @Pideqihuanpl @JonathanKines @_Desi76_ @efenigson @grimjowl_scag @irvinedai @uncjay1 @Woody2Jenny @tigertuffmark @SaiKate108 @FreedmFightr1 @tassierevival @risemelbourne @CamHalvo @Chas_ISHumbled @twelveseventy3 I've never had a single flu shot. 
There is no risk. 
Vitamin D,C, stay fit, even if its just walking each day. 
Kill any incoming head cold with Betadine, collodal silver or salt water. Take some grapefruit seed extract drops, black seed oil . And rug up to stay warm in winter.","I've never had a single flu shot. There is no risk. Vitamin D,C, stay fit, even if its just walking each day. Kill any incoming head cold with Betadine, collodal silver or salt water. Take some grapefruit seed extract drops, black seed oil . And rug up to stay warm in winter.",0.74616,1,1,0
Misc,EN33,False,1508056569761742849,"@RealDeanCain Bill Gates is “INSANE”. Dude wants to block out the Sun!!! Hmmmm, synthetic plants perhaps?","Bill Gates is “INSANE”. Dude wants to block out the Sun!!! Hmmmm, synthetic plants perhaps?",0.08216000000000001,0,0,0
Misc,EN40,Other,1511491718822170626,@haterperson6714 The earth is flat sheeple 🤦‍♂️,The earth is flat sheeple 🤦‍♂️,0.138,0,0,0
Misc,EN37,Other,1494807750517350407,Obama’s birth certificate is the stage tonight! My fingers are good decision.,Obama’s birth certificate is the stage tonight! My fingers are good decision.,0.12480000000000001,0,0,0
Misc,EN37,Other,1495185890486140929,kid pee on e once i was so happy barack obama,kid pee on e once i was so happy barack obama,0.06520000000000001,0,0,0
Misc,EN34,Other,1511479415208919043,@HotHotmale2020 Looks like if Mark Zuckerberg was gay and stopped developing as a person in 2011.,Looks like if Mark Zuckerberg was gay and stopped developing as a person in 2011.,0.10344,0,0,0
Misc,EN34,False,1511076748145971201,"@Taniel The Wisconsin Special Counsel for the 2020 election found that."" 5 cities that were given $330M by Zuckerberg had rampant bribery and massive voter fraud.""","The Wisconsin Special Counsel for the 2020 election found that."" 5 cities that were given $330M by Zuckerberg had rampant bribery and massive voter fraud.""",0.26520000000000005,0,0,0
Misc,EN34,False,1509563676231192579,"The acting mayor, former mayor, and city clerk of #Milwaukee were accused of being involved in a #Bribery scheme for accepting election-assistance money from a #MarkZuckerberg-funded group in the 2020 election cycle, according to a legal complaint. https://t.co/xxqnPWVB0E","The acting mayor, former mayor, and city clerk of Milwaukee were accused of being involved in a Bribery scheme for accepting election-assistance money from a MarkZuckerberg-funded group in the 2020 election cycle, according to a legal complaint.",0.30376000000000003,0,0,0
Misc,EN34,False,1508169725863501839,Interesting ... Milwaukee Officials Sued in Zuckerberg-Related Election Bribery Case https://t.co/ZapkAos8n4,Interesting ... Milwaukee Officials Sued in Zuckerberg-Related Election Bribery Case,0.11808,0,0,0
Misc,EN37,True,1495175460870836225,"@ArabellaSL @TabathaSouthey @JulieSLalonde @Garossino It's that, plus a lame copycat of the Obama birth certificate meme that Trump started. But beyond that it's also a really crude shaming of Margaret Trudeau, who has been the favoured punching bag of the Canadian patriarchy for more than fifty years.

https://t.co/Q7v3bth3Gm","It's that, plus a lame copycat of the Obama birth certificate meme that Trump started. But beyond that it's also a really crude shaming of Margaret Trudeau, who has been the favoured punching bag of the Canadian patriarchy for more than fifty years.",0.40896,0,0,0
Misc,EN34,False,1510364838546923520,"Zuckerberg unduly affected outcome of Wisconsin elections in 2020 with private money he sent to five cities that were primarily Democratic. Funds were provided to set up ballot drop boxes in “targeted neighborhoods,” which is in violation of Wisconsin law.
https://t.co/FjqnFEui2m","Zuckerberg unduly affected outcome of Wisconsin elections in 2020 with private money he sent to five cities that were primarily Democratic. Funds were provided to set up ballot drop boxes in “targeted neighborhoods,” which is in violation of Wisconsin law.",0.1152,0,0,0
Misc,EN31,False,1324691406921912321,@AFrontlines @1JaimeLee Arson and bad forest management is not climate change,Arson and bad forest management is not climate change,0.11312000000000001,0,0,0
Misc,EN33,False,1506357868135686144,"@swanblack404 Well we already know Bill Gates is financing it at Harvard (solar geoengineering). It’s not a conspiracy. I have a slightly different theory though. I’ve always watery eyes, sneezing and migraine around spring time (tree pollen) it’s been worse the last few years though 🤔","Well we already know Bill Gates is financing it at Harvard (solar geoengineering). It’s not a conspiracy. I have a slightly different theory though. I’ve always watery eyes, sneezing and migraine around spring time (tree pollen) it’s been worse the last few years though 🤔",0.060640000000000006,0,0,0
Misc,EN34,False,1510292756819857413,Zuckerberg's Election Money Violated WI Bribery Laws  https://t.co/arhZ7HSOcm,Zuckerberg's Election Money Violated WI Bribery Laws,0.12552,0,0,0
Misc,EN35,False,1509657873755693056,"@DeadlineWH @NicolleDWallace @MSNBC  FAKE Jan 6th GARBAGE!  REAL!! Hillary Clinton’s 2016 campaign and DNC violated  FEDERAL LAW by NOT accurately describing MONEY to ex-British spy Christopher Steele who Paid RUSSIANS for FAKE ""Trump Dossier"".  Hunter's LAPTOP is REAL !!  #BSDNC","FAKE Jan 6th GARBAGE! REAL!! Hillary Clinton’s 2016 campaign and DNC violated FEDERAL LAW by NOT accurately describing MONEY to ex-British spy Christopher Steele who Paid RUSSIANS for FAKE ""Trump Dossier"". Hunter's LAPTOP is REAL !! BSDNC",0.9341600000000001,1,1,1
Misc,EN34,False,1511481933674414083,⚡️FACEBOOK ⚡️FACEBOOK EXPOSED - Former Wisconsin Justice Testifies Mark Zuckerberg Conspired To Defeat Trump https://t.co/X1c73R3xeb,⚡️FACEBOOK ⚡️FACEBOOK EXPOSED - Former Wisconsin Justice Testifies Mark Zuckerberg Conspired To Defeat Trump,0.07664,0,0,0
Misc,EN34,Other,1511479997994872834,This issue wasn't so much the hair but more so he acted like Mark Zuckerberg and not the Clancy brown Lex Luthor https://t.co/q38ZTyPjA5 https://t.co/CK4KIVPmBC,This issue wasn't so much the hair but more so he acted like Mark Zuckerberg and not the Clancy brown Lex Luthor,0.06416,0,0,0
Misc,EN40,Other,1507034329309978630,"""r/todayilearned - TIL that the avian magnetic compass of the European Robin has been extensively researched and uses vision-based magnetoreception, in which the Robin's ability to sense the magnetic field of the earth for navigation is affected by the l… https://t.co/vJscFal6gx","""r/todayilearned - TIL that the avian magnetic compass of the European Robin has been extensively researched and uses vision-based magnetoreception, in which the Robin's ability to sense the magnetic field of the earth for navigation is affected by the l…",0.28928000000000004,0,0,0
Misc,EN32,False,1310961328681619457,"see those three arrows? antifa tree sitters actually start all the forest fires, confirmed, checkmate commies https://t.co/XykfEbjJA6","see those three arrows? antifa tree sitters actually start all the forest fires, confirmed, checkmate commies",0.09072000000000001,0,0,0
Misc,EN39,Other,1511455879266152452,"@tiemen @albinofirebird I’m pretty sure that if we go even conventional, Alaska will see some reaction, Japan, South Korea will be acted against. It might start out with conventional weapons, but I guarantee Russia will go nuclear with their backs to the wall.","I’m pretty sure that if we go even conventional, Alaska will see some reaction, Japan, South Korea will be acted against. It might start out with conventional weapons, but I guarantee Russia will go nuclear with their backs to the wall.",0.39288,0,0,0
Misc,EN39,Other,1511437697331642371,#DifferentSidesOfTheWar(Game of WorldDomination https://t.co/65Lw5F4nCn #SouthCarolina #Russia #Virginia #Maryland #Arizona #Michigan #Wisconsin #Oregon #Utah #Nevada #NewMexico #Oklahoma #Alaska #Berlin #Prague #NewZealand #Magyarország #Србија #Latvija #Lietuva #Eesti #scotland,DifferentSidesOfTheWar(Game of WorldDomination SouthCarolina Russia Virginia Maryland Arizona Michigan Wisconsin Oregon Utah Nevada NewMexico Oklahoma Alaska Berlin Prague NewZealand Magyarország Србија Latvija Lietuva Eesti scotland,0.8922400000000001,1,1,1
Misc,EN37,Other,1495185191857319938,@socialiststeve6 Obama and Biden duo,Obama and Biden duo,0.084,0,0,0
Misc,EN39,False,1502346511920689153,"@jmbenson1491 Brandon doesn't want Ukraine under any real threat, there goes the jobs of Nancy Pelosi son, Mitt Romney son, Joe Biden's son, the Obama and Clinton laundering money operations. Next Biden will sell Alaska to Russia so they can drill oil and sell it back to us at $200 a barrel","Brandon doesn't want Ukraine under any real threat, there goes the jobs of Nancy Pelosi son, Mitt Romney son, Joe Biden's son, the Obama and Clinton laundering money operations. Next Biden will sell Alaska to Russia so they can drill oil and sell it back to us at $200 a barrel",0.95,1,1,1
Misc,EN34,False,1508193168579129347,"WILL THIS GO ANYPLACE?
https://t.co/MzamoEUigg",WILL THIS GO ANYPLACE?,0.06344,0,0,0
Misc,EN38,Other,1486905042456268804,"David Bowie in Omikron 1999 video game
“Who will you be after you die?”
Join the awakened ones 

https://t.co/54JgGDMvJr https://t.co/tIB2SwTKkD https://t.co/icdIJi3cdO",David Bowie in Omikron 1999 video game “Who will you be after you die?” Join the awakened ones,0.07584,0,0,0
Misc,EN40,False,1501819186485547012,"FLAT OUT TRUTH Terry R Eicher

HOW THE COMPASS WORKS ON A FLAT EARTH https://t.co/N0dSjHHejb via @YouTube",FLAT OUT TRUTH Terry R Eicher HOW THE COMPASS WORKS ON A FLAT EARTH via,0.31952,0,0,0
Misc,EN34,False,1509157237566152711,"The complaint, filed last week against Milwaukee Mayor Cavalier Johnson, former Mayor Tom Barrett, and City Clerk Jim Owczarski, for violating Wisconsin's election bribery law by taking private donations from Mark Zuckerberg &; his wife, Priscilla Chan

 https://t.co/UXsNPNwEbh","The complaint, filed last week against Milwaukee Mayor Cavalier Johnson, former Mayor Tom Barrett, and City Clerk Jim Owczarski, for violating Wisconsin's election bribery law by taking private donations from Mark Zuckerberg &; his wife, Priscilla Chan",0.08648,0,0,0
Misc,EN37,Other,1495186093800624131,@Tigerfists88 #PeoplesChamp.!!💪❤️ Obama #news Biden #p2  https://t.co/hpq2wj4g8k https://t.co/SWqe00hcEw  Please RT. #t4a #A3DK,PeoplesChamp.!!💪❤️ Obama news Biden p2 Please RT. t4a A3DK,0.10632,0,0,0
Misc,EN40,Other,1511484185357127684,@AvgoustisGeorge @NearTomato @RealityGigabyte @Brennan02 @GrkStav @SeaJihad @joeywreck Your theory as in a theory you seem to prop up. Just like a flat earthers theory is that the earth is flat.,Your theory as in a theory you seem to prop up. Just like a flat earthers theory is that the earth is flat.,0.12904000000000002,0,0,0
Misc,EN33,False,1507486203116929025,@TheWatchers_ I'd like to ask what are your views on Bill Gates idea to create cloud seeding? Has this begun? And wouldn't it be dangerous to block out the sun putting the Earth in a similar position to the little ice age?😀,I'd like to ask what are your views on Bill Gates idea to create cloud seeding? Has this begun? And wouldn't it be dangerous to block out the sun putting the Earth in a similar position to the little ice age?😀,0.06968,0,0,0
Misc,EN31,True,1325124784196186114,@JoeBiden I’m Canadian and thrilled you are the next president of the US. Here’s to the end of tariffs and Trump’s ridiculous forest management idea about climate change. Get packing and join the Paris Climate Accord!,I’m Canadian and thrilled you are the next president of the US. Here’s to the end of tariffs and Trump’s ridiculous forest management idea about climate change. Get packing and join the Paris Climate Accord!,0.12160000000000001,0,0,0
Misc,EN40,Other,1508990193256255498,"""a bird’s compass relies on subtle, fundamentally quantum effects in short-lived molecular fragments, known as radical pairs, formed photochemically in its eyes. That is, the creatures appear to be able to 'see' Earth’s magnetic field lines""

https://t.co/SPY2sTJ1s0","""a bird’s compass relies on subtle, fundamentally quantum effects in short-lived molecular fragments, known as radical pairs, formed photochemically in its eyes. That is, the creatures appear to be able to 'see' Earth’s magnetic field lines""",0.28072,0,0,0
Misc,EN33,False,1509231732133793792,"@CNBC Bill Gates wants take the moisture out of the air and to seed the atmosphere with an particulates to block the sun.
What's next a locust breeding program?",Bill Gates wants take the moisture out of the air and to seed the atmosphere with an particulates to block the sun. What's next a locust breeding program?,0.10656,0,0,0
Misc,EN34,Other,1511478493585969154,"Andy Vermaut shares:Mark Zuckerberg Says Meta Employees “Lovingly” Refer to Him as “The Eye of Sauron”: The Facebook CEO shared his latest unflattering nickname while visiting The Tim Ferriss Show. 

Mark Zuckerberg Says Meta Employees… https://t.co/1j8bxYESgL Thank you. https://t.co/kdJloAOMFK",Andy Vermaut shares:Mark Zuckerberg Says Meta Employees “Lovingly” Refer to Him as “The Eye of Sauron”: The Facebook CEO shared his latest unflattering nickname while visiting The Tim Ferriss Show. Mark Zuckerberg Says Meta Employees… Thank you.,0.11760000000000001,0,0,0
Misc,EN38,False,1485864096473890816,@ChuckCallesto Wuhanmonkeys 🐵 on the loose under fraudci’s video game 🎮 controlvid?? Billyboygates 70s game was named Omikron!,Wuhanmonkeys 🐵 on the loose under fraudci’s video game 🎮 controlvid?? Billyboygates 70s game was named Omikron!,0.08464,0,0,0
Misc,EN32,Other,1325623028005351424,@DonaldJTrumpJr Please name a city that has been burned to the ground (excluding ones in the west coast wildfires).  Asking for reference.,Please name a city that has been burned to the ground (excluding ones in the west coast wildfires). Asking for reference.,0.08120000000000001,0,0,0
Misc,EN39,True,1502346675855278080,USA Today Fact Checker Actually Fact Checks Obviously Satirical Babylon Bee Story About Biden Selling Alaska to Russia https://t.co/gaxkdYzJX5,USA Today Fact Checker Actually Fact Checks Obviously Satirical Babylon Bee Story About Biden Selling Alaska to Russia,0.39048,0,0,0
Misc,EN34,False,1508557419193856001,"Zuckerberg committed election bribery?
https://t.co/jCnoq1dXOk",Zuckerberg committed election bribery?,0.11240000000000001,0,0,0
Misc,EN38,Other,1477969133455089664,"Omikron the video game
Graphics not included 
#Nintendo #Microsoft #Omicron #auspol #Covid_19 https://t.co/vLV6tBM6uf",Omikron the video game Graphics not included Nintendo Microsoft Omicron auspol Covid_19,0.06616,0,0,0
Misc,EN39,Other,1511416506537623554,"@JoeSchlabotnic @IChotiner Even if it's a bad joke, it's still a JOKE. Christ.

"".. Charles Gibson asked her what insight she had gained from living so close to Russia, and she responded: 'They’re our next-door neighbors, and you can actually see Russia from land here in Alaska, from an island in Alaska.'""","Even if it's a bad joke, it's still a JOKE. Christ. "".. Charles Gibson asked her what insight she had gained from living so close to Russia, and she responded: 'They’re our next-door neighbors, and you can actually see Russia from land here in Alaska, from an island in Alaska.'""",0.37352,0,0,0
Misc,EN34,False,1511105316091580420,"Boom! 
Milwaukee Officials Sued in Zuckerberg-Related Election Bribery Case https://t.co/E9ZACuS8o5 @PrisonPlanet @worldnetdaily @TomFitton @newtgingrich @TuckerCarlson @IngrahamAngle @seanhannity @OutnumberedFNC @DonaldJTrumpJr @CortesSteve @larry_kudlow @RudyGiuliani @LouDobbs",Boom! Milwaukee Officials Sued in Zuckerberg-Related Election Bribery Case,0.07344,0,0,0
Misc,EN34,False,1508449023866327051,"DEMOCRATS CHEATED America out of an honest election. They cheated in more ways than one. Walk away forever from the anti-American, corrupt Democratic Party.  https://t.co/w63XPUD56r https://t.co/VQMotPecPa","DEMOCRATS CHEATED America out of an honest election. They cheated in more ways than one. Walk away forever from the anti-American, corrupt Democratic Party.",0.08432,0,0,0
Misc,EN37,True,1495123001850810369,@MollyJongFast Super weird that the people who still believe there's no birth certificate for Obama aren't being more receptive to more data.,Super weird that the people who still believe there's no birth certificate for Obama aren't being more receptive to more data.,0.09648000000000001,0,0,0
Misc,EN34,False,1508223405564252165,"""The Center for Tech and Civic Life handed control of the 2020 election in Wisconsin over to private partisan interests, in the form of its ‘partners.’” Zuckerberg Bucks!

Milwaukee Officials Sued in Zuckerberg-Related Election Bribery Case https://t.co/HlkdQbOy93 via @epochtimes","""The Center for Tech and Civic Life handed control of the 2020 election in Wisconsin over to private partisan interests, in the form of its ‘partners.’” Zuckerberg Bucks! Milwaukee Officials Sued in Zuckerberg-Related Election Bribery Case via",0.09488,0,0,0
Misc,EN33,Other,1506984389267185668,"@patrick_s_smart yes, I reviewed the ideas in the early '90's and did some orbital calcs....

Was part of an amazing meeting in 2020: 
https://t.co/tO972PzW7Z https://t.co/h2INlEpk4U","yes, I reviewed the ideas in the early '90's and did some orbital calcs.... Was part of an amazing meeting in 2020:",0.12296000000000001,0,0,0
Misc,EN35,False,1509589265767976961,@gopisdirty @McmastersMoose @jdd2169 @Allie4Christ @MrSpeakerTrump @Flattielover @Burtman491 @1961mcruzer @ArtysHouse @Alexand20701863 @JohnssonKathy @HamRadioJoe @CodeOfPets @MistressRedWasp @Gemmagr00631335 @MmmGarmonbozia @FECKFECK611 @BsSlayah @Tx2104 @MyChickenDinner @longjohns1234 @TallybanJoe @Angel_13_Rising @1Quetzalcoatl1 @AlmaBona @Sinner_Lilith @Booda_the_Great @RainbowsWalI @NativeEuropean @anja_weimer @BPeske @RealBarkObama @Mcsjr454Mikey @gigibuddapdx @shrekthepunk @Aimhighffw @mgallagher465 @LadyReneeMarie1 @perrosoldado1 @EricR42 @J_Daniel_Smith @manoloh102 @namdac123 @catlady111310 @princesspbbaby2 @TomDoubting @jim16919077 @Smalls97T @22CB22CB @Leverich1991 What do you think about Hillary and the DNC being fined by the FEC for lying about the phony dossier that was used to obtain FISA warrants to spy on Carter Page and his Trump campaign contacts?  https://t.co/5hmKQqLxAV,What do you think about Hillary and the DNC being fined by the FEC for lying about the phony dossier that was used to obtain FISA warrants to spy on Carter Page and his Trump campaign contacts?,0.5884,1,0,0
Misc,EN33,Other,1488983678436798464,"@ShellyWasko @joyari7 @the_americangrl @SarahEdmondsPhD @VoteRIGHTinAZ Yes. Do so. Your best source is to link in to the updates on the SEAS portion of the Harvard website. True to the clandestine nature of this program ; there are no updates on Geoengineering at this time. Only the Corona virus.

https://t.co/BSIMkzEITp",Yes. Do so. Your best source is to link in to the updates on the SEAS portion of the Harvard website. True to the clandestine nature of this program ; there are no updates on Geoengineering at this time. Only the Corona virus.,0.116,0,0,0
Misc,EN36,Other,1495544838908891136,@abbzell ruby grapefruit is goated 🔥,ruby grapefruit is goated 🔥,0.1372,0,0,0
Misc,EN34,False,1508137205230882821,"This is the first case of Zuckerberg soft money throwing or stealing the election for Biden. This was done in all states that in the last days went to Biden. 

Milwaukee Officials Sued in Zuckerberg-Related Election Bribery Case https://t.co/SJdKI4pJot",This is the first case of Zuckerberg soft money throwing or stealing the election for Biden. This was done in all states that in the last days went to Biden. Milwaukee Officials Sued in Zuckerberg-Related Election Bribery Case,0.10016,0,0,0
Misc,EN39,Other,1511420438819524608,The U.S. paid Russia $7.2 million for Alaska in 1867,The U.S. paid Russia $7.2 million for Alaska in 1867,0.36048,0,0,0
Misc,EN36,Other,1473495267601227779,"Boiled grapefruit skins,
Onions,

Black tea.

Huge public interaction...

No mask.

Going good so far.

No vax....

Joe says I'm at risk of being sick...

Well, Joe is sick...

100 percent of the time.

🌈🇺🇸","Boiled grapefruit skins, Onions, Black tea. Huge public interaction... No mask. Going good so far. No vax.... Joe says I'm at risk of being sick... Well, Joe is sick... 100 percent of the time. 🌈🇺🇸",0.1,0,0,0
Misc,EN36,True,1470713795244929033,"Grapefruit Antidepressants Overdose Warning

#FACEBOOK

https://t.co/Hf87KZuXA3",Grapefruit Antidepressants Overdose Warning FACEBOOK,0.60216,1,0,0
Misc,EN37,False,1495016164992323587,@PogueMoran @ASK_Esq29 @DimensioT @Alwaysaloha2021 @bennyjohnson The only thing that was photoshop was Obama’s Hawaiian birth certificate. Here’s Michelle talking about visiting Barack’s home country in Kenya. https://t.co/EbK6MjZNQi,The only thing that was photoshop was Obama’s Hawaiian birth certificate. Here’s Michelle talking about visiting Barack’s home country in Kenya.,0.10448,0,0,0
Misc,EN33,False,1505543205537820681,"@RebelNewsOnline @ezralevant Bill Gates the same wacko that wants to block out the sun to slow ""climate change""
let that sink in.","Bill Gates the same wacko that wants to block out the sun to slow ""climate change"" let that sink in.",0.08536,0,0,0
Misc,EN31,False,1325828902275735553,"@Rooted_Future Has these states ever heard of ""Forest Management"" ? Nope, blame it on climate change..morons..","Has these states ever heard of ""Forest Management"" ? Nope, blame it on climate change..morons..",0.27144000000000007,0,0,0
Misc,EN32,False,1309573186212724744,"democRATS should start THINKING about ALL AMERICA and not just BEATING the POTUS !!! They are letting ANTIFA  DESTROY our great COUNTRY !!! they started on CITYS , SUBURBS ,and FOREST FIRES all this in democRAT STATES !!! Wake up you democRATS !!! UNDERSTAND ? https://t.co/994RVcj36Z","democRATS should start THINKING about ALL AMERICA and not just BEATING the POTUS !!! They are letting ANTIFA DESTROY our great COUNTRY !!! they started on CITYS , SUBURBS ,and FOREST FIRES all this in democRAT STATES !!! Wake up you democRATS !!! UNDERSTAND ?",0.12808,0,0,0
Misc,EN33,False,1508490076812107785,@Petagna I'd like to ask your opinion concerning cloud seeding by Bill Gates to block out the sun and bring down the temperature! Would he be making it possible to have a mini iceage? Looking at gulf stream! Consider little iceage!😀,I'd like to ask your opinion concerning cloud seeding by Bill Gates to block out the sun and bring down the temperature! Would he be making it possible to have a mini iceage? Looking at gulf stream! Consider little iceage!😀,0.10488000000000001,0,0,0
Misc,EN40,Other,1511491402059829253,"Flat earth?

Why can't we see Mt Everest from New York?
Angular resolution. vanishing point perspective. atmospheric haze. https://t.co/D8fSLJoHad",Flat earth? Why can't we see Mt Everest from New York? Angular resolution. vanishing point perspective. atmospheric haze.,0.0916,0,0,0
Misc,EN39,True,1502940795812270081,USA Today fact-checks clearly satirical Babylon Bee report that Biden plans to sell Alaska to Russia  https://t.co/3COLljWClc,USA Today fact-checks clearly satirical Babylon Bee report that Biden plans to sell Alaska to Russia,0.38376,0,0,0
Misc,EN33,False,1507395455080050692,"IN YOUR FACE:  @RollingStone apology piece for #BillGates &; the #NWO criminal cartel. ""Block The Sun"" proponent Bill Gates is a known Eugenics and Depopulation madman. RS is not an #intel outlet. Thank you General #MichaelFlynn for speaking #Truth.  
https://t.co/cfPecY4mFc https://t.co/CRK8akkaHl","IN YOUR FACE: apology piece for BillGates &; the NWO criminal cartel. ""Block The Sun"" proponent Bill Gates is a known Eugenics and Depopulation madman. RS is not an intel outlet. Thank you General MichaelFlynn for speaking Truth.",0.10296000000000001,0,0,0
Misc,EN38,True,1480188812722638852,@DanielEnsues @taniatheherblst @thatguy1913 I'm not a video game guy so I don't think my opinion matters much in the esthetic department--that said I my original tweet had to do with the fact that Bowie and Gates weren't the masterminds behind Omikron Soul.,I'm not a video game guy so I don't think my opinion matters much in the esthetic department--that said I my original tweet had to do with the fact that Bowie and Gates weren't the masterminds behind Omikron Soul.,0.10136,0,0,0
Misc,EN35,False,1511490525739823104,Clinton’s spying on Trump ‘much larger than we thought’ https://t.co/EmJVgrs1VD via @YouTube,Clinton’s spying on Trump ‘much larger than we thought’ via,0.08112,0,0,0
Misc,EN38,Other,1474515681567674369,1999 VIDEO GAME “OMIKRON THE NOMAD SOUL” TELLS PEOPLE TO “WAKE UP” AND “FIGHT FOR FREEDOM” https://t.co/6xUj8UPtnq,1999 VIDEO GAME “OMIKRON THE NOMAD SOUL” TELLS PEOPLE TO “WAKE UP” AND “FIGHT FOR FREEDOM”,0.08168,0,0,0
Misc,EN36,False,1470904394262614016,Apparently I can OVERDOSE on my antidepressants if I have grapefruit,Apparently I can OVERDOSE on my antidepressants if I have grapefruit,0.08576,0,0,0
Misc,EN38,Other,1475654647251677189,@echo_chamberz Check out Omikron the video game. 👀,Check out Omikron the video game. 👀,0.13728,0,0,0
Misc,EN31,Other,1327761457769943040,Government climate adviser urges PM to act now to be ‘credible’ on crisis https://t.co/QajcdIfBIQ #auspol #qldpol #nswpol #vicpol #coal,Government climate adviser urges PM to act now to be ‘credible’ on crisis auspol qldpol nswpol vicpol coal,0.07856,0,0,0
Misc,EN36,Other,1495526413310599173,@cxddlyIouis peach pineapple grapefruit,peach pineapple grapefruit,0.10992,0,0,0
Misc,EN39,True,1502722153082286084,"Media fact checkers try to be relevant after Trump by fact checking satire. Meanwhile, they forget they could fact check Biden. 
 https://t.co/Jn7lBsDs2X","Media fact checkers try to be relevant after Trump by fact checking satire. Meanwhile, they forget they could fact check Biden.",0.07192000000000001,0,0,0
Misc,EN34,Other,1511491662161367043,"@egoraptor The Red Plant
MARK ZUCKERBERG
An entire Subway themed level where you are interrupted every 30 seconds to answer a question you already answered 3 times",The Red Plant MARK ZUCKERBERG An entire Subway themed level where you are interrupted every 30 seconds to answer a question you already answered 3 times,0.07944000000000001,0,0,0
Misc,EN40,Other,1511486108827324416,"@Lily_the_empath @azhooah @WatermelonFat68 @FlatEarthOrg The flat earth theory uses gas pressure laws, that it's equal no matter what altitude you are at","The flat earth theory uses gas pressure laws, that it's equal no matter what altitude you are at",0.13896,0,0,0
Misc,EN36,Other,1495541429405622276,About to see if grapefruit goes even crazier with some tajin on it..,About to see if grapefruit goes even crazier with some tajin on it..,0.11320000000000001,0,0,0
Misc,EN35,False,1510848004282109954,@PoliticusSarah @Acosta Ugh... more propaganda.  Clinton and her attorneys office spied on Trump before and during his time in the Whitehouse. Which Is of course TREASON.. Secondly they found NOTHING ILLEGAL.  So stop these lies already.,Ugh... more propaganda. Clinton and her attorneys office spied on Trump before and during his time in the Whitehouse. Which Is of course TREASON.. Secondly they found NOTHING ILLEGAL. So stop these lies already.,0.26264000000000004,0,0,0
Misc,EN38,False,1488559539792367616,"Did you know that in 1999, microsoft ( bill Gates) brought out a p.c game about a City in lockdown that was patrolled by thug like police. Its name. Omikron. Voice over by David Bowie. Still available to get on line.  https://t.co/8AompPnM0d","Did you know that in 1999, microsoft ( bill Gates) brought out a p.c game about a City in lockdown that was patrolled by thug like police. Its name. Omikron. Voice over by David Bowie. Still available to get on line.",0.11984,0,0,0
Misc,EN36,False,1473792870196781056,"in case you didn’t know eating one grapefruit can cause you to overdose on a regular dose of cbd, depression medicine, blood pressure medicine, etc. y’all be safe out here. i knew them mfs was nasty for some reason","in case you didn’t know eating one grapefruit can cause you to overdose on a regular dose of cbd, depression medicine, blood pressure medicine, etc. y’all be safe out here. i knew them mfs was nasty for some reason",0.09664,0,0,0
Misc,EN33,False,1504502334226792448,@jingukzz @MYFreedomMove Bill Gates-funded Study to Dim Sunlight May Be Needed Against 'Horrific' Climate Change https://t.co/60LTExtiSK why did Bill Gates wants to dim the sun? He knows the sun heals people thus dimming it will make people sick and rely on medicines from his investments in Big Pharma,Bill Gates-funded Study to Dim Sunlight May Be Needed Against 'Horrific' Climate Change why did Bill Gates wants to dim the sun? He knows the sun heals people thus dimming it will make people sick and rely on medicines from his investments in Big Pharma,0.11144000000000001,0,0,0
Misc,EN32,False,1318591294919225345,@Frankie86775035 @PDocumentarians The guy on the billboard started the rumor that antifa started the forest fires and is generally a terrible person. We should always burn down things like this.,The guy on the billboard started the rumor that antifa started the forest fires and is generally a terrible person. We should always burn down things like this.,0.10984000000000001,0,0,0
Misc,EN40,Other,1504757936249360397,Compass a device with a magnetic needle which indicates direction on the Earth's surface. https://t.co/XDVmCzxEms,Compass a device with a magnetic needle which indicates direction on the Earth's surface.,0.27720000000000006,0,0,0
Misc,EN40,Other,1496821566025486338,"@omgl2022 Now the train only goes NORTH because its uphill and NOT DOWNHILL where everything goes downhill. Here we read🤯🤭 the compass and ship tattoo makes sense, the euphoria larry episode makes sense, you will learn a bit of astrology math and the magnetic poles of the earth and why","Now the train only goes NORTH because its uphill and NOT DOWNHILL where everything goes downhill. Here we read🤯🤭 the compass and ship tattoo makes sense, the euphoria larry episode makes sense, you will learn a bit of astrology math and the magnetic poles of the earth and why",0.26824000000000003,0,0,0
Misc,EN39,Other,1511432144853225473,"@mehdirhasan @MehdiHasanShow She should never get another chance at office. She was able to keep an eye on Russia while she was in Alaska. And, clearly she failed to warn us about the invasion.","She should never get another chance at office. She was able to keep an eye on Russia while she was in Alaska. And, clearly she failed to warn us about the invasion.",0.8508800000000001,1,1,1
Misc,EN36,Other,1495530503390248968,Next up. New England IPA from @SaltBeerFactory x @gweilobeeruk Good hop notes with big hints of citrus. Light with prominent grapefruit tones and a little must that gives it a light dryness to finish. 👍🏻🍻 https://t.co/hDW2DPSMFa,Next up. New England IPA from x Good hop notes with big hints of citrus. Light with prominent grapefruit tones and a little must that gives it a light dryness to finish. 👍🏻🍻,0.07336000000000001,0,0,0
Misc,EN32,Other,1315828849310076929,@EssieSchiro @KGWNews Ain't no antifa.. Same people who started the forest fires with flares... Trump supporters,Ain't no antifa.. Same people who started the forest fires with flares... Trump supporters,0.13032,0,0,0
Misc,EN33,False,1505289182238978056,"@TheRightStuff13 @Harpo4Marx Whatever they tell us about now probably means they started it long ago.
https://t.co/lz3Tjd4yF7",Whatever they tell us about now probably means they started it long ago.,0.29032,0,0,0
Misc,EN33,False,1506472002038730754,"What's wrong with this New Green Don't picture??
Solar power and unaffordable electric cars that cost upwards of $60K!Bill Gates plans to  block the sun as he ""invents"" food!! Millions of new homeless people,as Fauci plans to release a new scamdemic!!! What could go wrong?!!","What's wrong with this New Green Don't picture?? Solar power and unaffordable electric cars that cost upwards of $60K!Bill Gates plans to block the sun as he ""invents"" food!! Millions of new homeless people,as Fauci plans to release a new scamdemic!!! What could go wrong?!!",0.5518400000000001,1,0,0
Misc,EN39,Other,1511464442986471425,"@gal_suburban and just 55 miles miles away from Russia, I learned recently you can even see Russia from Alaska.","and just 55 miles miles away from Russia, I learned recently you can even see Russia from Alaska.",0.41184,0,0,0
Misc,EN31,Other,1327762121963106304,@zero132132 @sart26409389 @BadGodlessBitch The US is one of the biggest polluters in regards to carbon dioxide so any decision they make regarding climate change affects the rest of the world. That's why the GND is imperative it gets passed.,The US is one of the biggest polluters in regards to carbon dioxide so any decision they make regarding climate change affects the rest of the world. That's why the GND is imperative it gets passed.,0.30744000000000005,0,0,0
Misc,EN34,False,1508161678092947464,"How to buy an election: Ask Zuck!
👇👇👇👇👇👇👇Milwaukee Officials Sued in Zuckerberg-Related Election Bribery Case https://t.co/ucnKMn7c46",How to buy an election: Ask Zuck! 👇👇👇👇👇👇👇Milwaukee Officials Sued in Zuckerberg-Related Election Bribery Case,0.06632,0,0,0
Misc,EN40,Other,1494371758362832904,"@MichealCarey78 Birds ability to sense Earth's magnetic field that acts as a compass directing them and maybe The star compass. The sun compass plays a role in homing and may be used by birds that migrate during the day. Many songbird species, however, migrate at night.","Birds ability to sense Earth's magnetic field that acts as a compass directing them and maybe The star compass. The sun compass plays a role in homing and may be used by birds that migrate during the day. Many songbird species, however, migrate at night.",0.28544,0,0,0
Misc,EN36,Other,1495542633363562506,"@GrampaWan One of my fave kinds! Haha and Palm Bay I’d say is more like a fruity drink , uhm like the one I’m drinking is - ruby grapefruit !","One of my fave kinds! Haha and Palm Bay I’d say is more like a fruity drink , uhm like the one I’m drinking is - ruby grapefruit !",0.06272,0,0,0
Misc,EN37,Other,1495041792340901895,"I can do it to my daughter, perhaps I’d say ‘Rosie, you’re fired.’ All of me that Barack Obama’s birth certificate is that","I can do it to my daughter, perhaps I’d say ‘Rosie, you’re fired.’ All of me that Barack Obama’s birth certificate is that",0.09608000000000001,0,0,0
Misc,EN37,True,1494618629714886662,@3000Nobody Thank you! And he never proved his racist lie about President Obama’s birth certificate. I don’t recall President Obama suing to stop the racist GOP’s birtherism witch hunt either. I wonder if the longest IRS audit in United States history is over yet. ALL LIES! #LockThemAllUp,Thank you! And he never proved his racist lie about President Obama’s birth certificate. I don’t recall President Obama suing to stop the racist GOP’s birtherism witch hunt either. I wonder if the longest IRS audit in United States history is over yet. ALL LIES! LockThemAllUp,0.09184,0,0,0
Misc,EN34,Other,1511484424621379590,"No one has a high opinion of Mark Zuckerberg, but what about @elonmusk ?
Will he be the savior of Twitter?
Is he here to make serious changes or was it solely an investment?
Let's look at what projects and technology he's involved in.","No one has a high opinion of Mark Zuckerberg, but what about ? Will he be the savior of Twitter? Is he here to make serious changes or was it solely an investment? Let's look at what projects and technology he's involved in.",0.08424000000000001,0,0,0
Misc,EN38,False,1476306886609850373,"Omikron is actually a video game based on a Demon who mimics humans and steals their souls. Bill Gates, Microsoft and David Bowie  was part of the development and creation of this game. What are the Odds? https://t.co/wJf2E4Sv6O","Omikron is actually a video game based on a Demon who mimics humans and steals their souls. Bill Gates, Microsoft and David Bowie was part of the development and creation of this game. What are the Odds?",0.11584,0,0,0
Misc,EN36,Other,1479639378385420291,"If you’ve ever taking daily statins, you may have noticed the warning on the label “don’t eat grapefruit while on this medication”. Grapefruit contains cyp2d6 inhibitor that prevents breakdown of statins, and with many drugs could lead to overdose.","If you’ve ever taking daily statins, you may have noticed the warning on the label “don’t eat grapefruit while on this medication”. Grapefruit contains cyp2d6 inhibitor that prevents breakdown of statins, and with many drugs could lead to overdose.",0.5591200000000001,1,0,0
Misc,EN33,False,1510046791286329347,Remember Bill Gates wanted to block out the sun https://t.co/BvOafTV2e8,Remember Bill Gates wanted to block out the sun,0.06616,0,0,0
Misc,EN37,True,1495163143873515529,"@MarkIKendrick @davidmweissman When I first heard of tfg’s “ birtherism” bs over Obama’s birth certificate, it was 100% obvious who he was!","When I first heard of tfg’s “ birtherism” bs over Obama’s birth certificate, it was 100% obvious who he was!",0.06528,0,0,0
Misc,EN36,Other,1481588168281538563,"Shared by Lori Shemek, PhD @LoriShemek
The antioxidant Lycopene is what makes a tomato red or grapefruit pink. It is best known for reducing risk of prostate cancer.  

It also protects against:
-Obesity
-Diabetes
-Neuropathy

Lycopene also an important nutrient for #longevity. https://t.co/RtoLbCvn2W","Shared by Lori Shemek, PhD The antioxidant Lycopene is what makes a tomato red or grapefruit pink. It is best known for reducing risk of prostate cancer. It also protects against: -Obesity -Diabetes -Neuropathy Lycopene also an important nutrient for longevity.",0.1136,0,0,0
Misc,EN35,False,1511025790263123971,"@maddenifico @POTUS @VP @WHCOS @RonaldKlain @PressSec It was you demonrats who made up the RUSSIAN hoax. Obama, Xiden &; Clinton SPIED on Trump before &; after his presidency. You've tried EVERYTHING you can to destroy him &; he's still standing. You fear him. I can't wait until he runs again 
TRUMP WON 2020
XIDEN IS A FRAUD","It was you demonrats who made up the RUSSIAN hoax. Obama, Xiden &; Clinton SPIED on Trump before &; after his presidency. You've tried EVERYTHING you can to destroy him &; he's still standing. You fear him. I can't wait until he runs again TRUMP WON 2020 XIDEN IS A FRAUD",0.69488,1,0,0
Misc,EN40,Other,1507018789145042952,"The avian magnetic compass of the European Robin has been extensively researched and uses vision-based magnetoreception, in which the Robin's ability to sense the magnetic field of the earth for navigation is affecte... https://t.co/zlwwU8sbzV","The avian magnetic compass of the European Robin has been extensively researched and uses vision-based magnetoreception, in which the Robin's ability to sense the magnetic field of the earth for navigation is affecte...",0.26232000000000005,0,0,0
Misc,EN34,False,1508259697110958081,Milwaukee officials face Zuckerberg-related election bribery lawsuit | Just The News #patriots #conservatives  https://t.co/eGsLQB28vb,Milwaukee officials face Zuckerberg-related election bribery lawsuit | Just The News patriots conservatives,0.10352000000000001,0,0,0
Misc,EN39,False,1502325627680088070,"Great News from the Biden Regime :

Biden to sell Alaska to Russia so the imported Oil will get here quicker ! 🤓 https://t.co/ER1bfihXEH",Great News from the Biden Regime : Biden to sell Alaska to Russia so the imported Oil will get here quicker ! 🤓,0.36704000000000003,0,0,0
Misc,EN35,Other,1511484637863886851,"@charlie_savage Your propaganda piece mentions ""suspicious"" communications between Trump people &; Russia Russia Russians. However it conveniently leaves out the FACT the so called suspicious activity was made up by the Clinton campaign as part of it's dirty tricks campaign.","Your propaganda piece mentions ""suspicious"" communications between Trump people &; Russia Russia Russians. However it conveniently leaves out the FACT the so called suspicious activity was made up by the Clinton campaign as part of it's dirty tricks campaign.",0.8915200000000001,1,1,1
Misc,EN34,False,1508189185559212036,Liberals / Woke / Democraps who say election was not rigged.  Explain this!!! Can’t wait until Zuckerberg is someone’s bitch in prison.  Milwaukee Officials Sued in Zuckerberg-Related Election Bribery Case https://t.co/7RrAzycdh2,Liberals / Woke / Democraps who say election was not rigged. Explain this!!! Can’t wait until Zuckerberg is someone’s bitch in prison. Milwaukee Officials Sued in Zuckerberg-Related Election Bribery Case,0.33784000000000003,0,0,0
Misc,EN33,Other,1496122612258426886,"Coming up....

#Solar #Geo Policy Seminar: Governance Lessons from #SCoPEx
W/ Frank Keutsch &; @LouiseBedsworth

#geoengineering #environment #microphysics #atmospheric #chemistry

2/25/22
Noon - 1 PM EST   HYBRID Ofr-401 (HUID req.) / Online

https://t.co/ch20cJdMM6 https://t.co/EXHwhFHv6J",Coming up.... Solar Geo Policy Seminar: Governance Lessons from SCoPEx W/ Frank Keutsch &; geoengineering environment microphysics atmospheric chemistry 2/25/22 Noon - 1 PM EST HYBRID Ofr-401 (HUID req.) / Online,0.13952,0,0,0
Misc,EN37,Other,1495186195898318859,@Ciroc_Obama i got hyped and my girl over here like “😒” lmaoooooo,i got hyped and my girl over here like “😒” lmaoooooo,0.1072,0,0,0
Misc,EN38,Other,1477363452339539970,@PezntJournalist oh dude check my twitter for a video about this game gotta be seen to be believed that game is nutz also check out my posts about the omikron movies haha good times!,oh dude check my twitter for a video about this game gotta be seen to be believed that game is nutz also check out my posts about the omikron movies haha good times!,0.13040000000000002,0,0,0
Misc,EN33,False,1510086971699302409,"@JonnoL32552677 @Mikeyblahblah1 I saw a couple of pics the other day from Sweden of a sky full of ""vapor trails"" that make me think of Bill Gates trying to block out the sun. 
That'll work. Won't it? 😉","I saw a couple of pics the other day from Sweden of a sky full of ""vapor trails"" that make me think of Bill Gates trying to block out the sun. That'll work. Won't it? 😉",0.08304,0,0,0
Misc,EN31,Other,1326954790706966529,"@JLecinaDiaz and colleagues share an accessible framework for evaluating forest vulnerability and risk due to the effects of #climate change. The procedure they describe could be useful in guiding forest management and land use:

https://t.co/xgUoLarfUt https://t.co/CEIkK6lbeB",and colleagues share an accessible framework for evaluating forest vulnerability and risk due to the effects of climate change. The procedure they describe could be useful in guiding forest management and land use:,0.1288,0,0,0
Misc,EN33,False,1508145356864901127,"trying to block that sun, they know their survival rates are plummeting. so they disguise it as ""caring about climate change"", they have all their wealthy elites funding it

https://t.co/4w6F5vZGsV https://t.co/HskgaDbHwy","trying to block that sun, they know their survival rates are plummeting. so they disguise it as ""caring about climate change"", they have all their wealthy elites funding it",0.11864000000000001,0,0,0
Misc,EN39,True,1501958797484601349,@TheBabylonBee How stupid are the readers of @USATODAY that they have to be reminded that Biden actually didn’t sell Alaska,How stupid are the readers of that they have to be reminded that Biden actually didn’t sell Alaska,0.26824000000000003,0,0,0
Misc,EN31,Other,1326944598862700544,"Nov 13, 5pm PST - Join us at the #NationalParks series and hear from Prof. Steven R. Beissinger @UCBerkeley on ""A Century of Climate and Land-Use Change on #California’s Birds and Mammals: Are Parks Doing their Job?"" 
https://t.co/2f6S5ZEwie @ubcforestry #climatechange #wildlife https://t.co/pPvXUnPIiv","Nov 13, 5pm PST - Join us at the NationalParks series and hear from Prof. Steven R. Beissinger on ""A Century of Climate and Land-Use Change on California’s Birds and Mammals: Are Parks Doing their Job?"" climatechange wildlife",0.13352,0,0,0
Misc,EN31,Other,1327762955136622592,"@KurtSchlichter Given the polarization in this country, and the many important things that we need to work on together in order to solve (healthcare, good jobs of the future, climate change, China, etc.), I consider that a pretty un-American position.","Given the polarization in this country, and the many important things that we need to work on together in order to solve (healthcare, good jobs of the future, climate change, China, etc.), I consider that a pretty un-American position.",0.09192,0,0,0
Misc,EN36,False,1470630316331225089,🚨📢‼️ DONT EAT GRAPEFRUIT IF YOUR ON ANTI-DEPRESSANTS IT CAN CAUSE A FATAL OVERDOSE ‼️📢🚨,🚨📢‼️ DONT EAT GRAPEFRUIT IF YOUR ON ANTI-DEPRESSANTS IT CAN CAUSE A FATAL OVERDOSE ‼️📢🚨,0.09504,0,0,0
Misc,EN31,Other,1326938188171018240,Does human forest management have more impact on forests than climate change will have? https://t.co/Xnao9L7jzA,Does human forest management have more impact on forests than climate change will have?,0.06920000000000001,0,0,0
Misc,EN34,False,1508183634574037006,"Three Milwaukee, Wisconsin, officials face accusations of illegally taking ""Zuck Bucks"" to facilitate voting by purchasing absentee ballot drop boxes, among other things, according to a lawsuit filed by the Thomas More Society. #JustTheNews

https://t.co/5LEkxdD792","Three Milwaukee, Wisconsin, officials face accusations of illegally taking ""Zuck Bucks"" to facilitate voting by purchasing absentee ballot drop boxes, among other things, according to a lawsuit filed by the Thomas More Society. JustTheNews",0.07112,0,0,0
Misc,EN32,False,1312406836088205312,"Don't forget OREGON! Fires start at night, no lightning, no drought, and Oregon State Forestry reports over 90% were  ""Human Caused. "" Our complicit Governor Kate Brown guilty of no Forest Management and no accountability for the ANTIFA, BLM, and paid homeless ARSONISTS. https://t.co/pGEQPZNADE","Don't forget OREGON! Fires start at night, no lightning, no drought, and Oregon State Forestry reports over 90% were ""Human Caused. "" Our complicit Governor Kate Brown guilty of no Forest Management and no accountability for the ANTIFA, BLM, and paid homeless ARSONISTS.",0.07808000000000001,0,0,0
Misc,EN35,False,1509964296800940036,"@glinch72 @aSinister @EducatingTrump2 @BL20422822 @ItsTheAtmospher @RAM0667 @ALefty123 @insane_voice @Barbarajdurkin @GaryWHall @fishyfish67 @6lennybravo @DamienHamilto17 @BellRoniBell @cbeckj @ChrisBBacon3 @RustyAway @Neilcharles1450 @biffmack @DelusionsMass @Racing_Mackay @Jaisans @Anvndarnamn5 @jpgcrowley @Lorrilala @andyboulo @ponycar06 @MedBennett @canalzone68 @KevinSecular2 @AlexVickeryHowe @SeanFlan45 @Narvuntien @brandondaly2018 @IngersolRobert @TobyRayEnglish @Ceist8 @Jonnyporkchop @pauladamsalber1 @TomPlesier @janggly @NeatCraftsmen @TheDisproof @10kClimate @ozzorro1 @robhon_ @LouisCy72344053 @The_Doctor_Why @GeraldKutney @JohnDublin10 Liam , there are 100s of 1000s of Russian spies. Given the recent admission of the Clinton campaign of using false “Russia” information to spy on Trump - naturally people are suspicious of these silly stories","Liam , there are 100s of 1000s of Russian spies. Given the recent admission of the Clinton campaign of using false “Russia” information to spy on Trump - naturally people are suspicious of these silly stories",0.6266400000000001,1,0,0
Misc,EN40,Other,1511488984270090245,@Harriso45433397 @AshBloomfield @jo_moir Oh FFS 28 Jan 2020 was when scientists didn’t even know the virus was airborne. Science is about research and learning. Anti-science is what you’re doing: refusing to move in the face of new data/science. Is the earth flat? Do you bleed people when ill? Science is progression.,Oh FFS 28 Jan 2020 was when scientists didn’t even know the virus was airborne. Science is about research and learning. Anti-science is what you’re doing: refusing to move in the face of new data/science. Is the earth flat? Do you bleed people when ill? Science is progression.,0.06352,0,0,0
Misc,EN32,Other,1316055353562337280,"Um. Devin. Where did the trees go? Did Antifa start a forest fire at the same time? Lol ""get the facts"" is too rich in this context. https://t.co/PG0dzGxEtR","Um. Devin. Where did the trees go? Did Antifa start a forest fire at the same time? Lol ""get the facts"" is too rich in this context.",0.11176000000000001,0,0,0
Misc,EN39,True,1501998900302991363,"Hey @USATODAY , you don't need to ""fact check"" satire.

https://t.co/etvAwEfjR9","Hey , you don't need to ""fact check"" satire.",0.07496,0,0,0
Misc,EN36,Other,1472227095682105349,@Rick_Pescatore You are inventing claims about children being at risk so that you can fundraise off of your scam narrative. Profiting on the backs of schoolchildren.  Hard to find a lower low than that. Enjoy the grift while it lasts. https://t.co/pKlCBzEnAC,You are inventing claims about children being at risk so that you can fundraise off of your scam narrative. Profiting on the backs of schoolchildren. Hard to find a lower low than that. Enjoy the grift while it lasts.,0.13288,0,0,0
Misc,EN36,Other,1495532561094819852,"Hoptastic Juicy IPA by @WhiteStreetBrew.

Tropical aroma. Golden yellow pour w/ some haze. Tropical &; grapefruit flavors. Very mellow &; smooth. Pairs well w/ refinishing furniture.

#BeerReview #NCBeer #CraftBeer #BeerGeek #GarageBeer #DrinkCraftBeer https://t.co/y8Dfjuofrd",Hoptastic Juicy IPA by . Tropical aroma. Golden yellow pour w/ some haze. Tropical &; grapefruit flavors. Very mellow &; smooth. Pairs well w/ refinishing furniture. BeerReview NCBeer CraftBeer BeerGeek GarageBeer DrinkCraftBeer,0.09720000000000001,0,0,0
Misc,EN40,False,1499027155526717448,"The Compass Proves Flat Earth 🧭 

https://t.co/FaEIoJfGxO",The Compass Proves Flat Earth 🧭,0.28496000000000005,0,0,0
Misc,EN36,Other,1495542713973886976,@GrimRest One of my fav beers when I still drank was grapefruit sculpin,One of my fav beers when I still drank was grapefruit sculpin,0.1188,0,0,0
Misc,EN33,Other,1496470708066652164,"Wanted: Executive Director for Harvard's Solar Geoengineering Research Program

We seek a leader with practical policy experience in an ENGO, government, or university center with a substantial applied policy component

https://t.co/v3Bt7GkyTH https://t.co/ty0n7DrZjO","Wanted: Executive Director for Harvard's Solar Geoengineering Research Program We seek a leader with practical policy experience in an ENGO, government, or university center with a substantial applied policy component",0.11144000000000001,0,0,0
Misc,EN33,False,1508067234106720262,"Bill Gates is a eugenicist who wants to take your beef and replace with synthetic franken-meat, inject you with synthetic toxic spike proteins, block the sun from you, and release synthetic robot mosquitoes into your neighborhoods.  

Nothing to see here.","Bill Gates is a eugenicist who wants to take your beef and replace with synthetic franken-meat, inject you with synthetic toxic spike proteins, block the sun from you, and release synthetic robot mosquitoes into your neighborhoods. Nothing to see here.",0.32656,0,0,0
Misc,EN31,Other,1324290737647878144,"RT @PEFC: The global fashion industry is one of the most influential on the planet. Together, we can tackle the worst impacts of climate change by championing sustainable forest management. https://t.co/c2yuYwLsJu https://t.co/cSh6FvzEV1","RT : The global fashion industry is one of the most influential on the planet. Together, we can tackle the worst impacts of climate change by championing sustainable forest management.",0.13112000000000001,0,0,0
Misc,EN33,Other,1499746506227605506,"❗️COMING UP❗️

Energy Policy Seminar: Solar Geoengineering and U.S. Politics
@BelferCenter 

3/7/22
Noon - 1:00 PM EST
Online 

Featuring -  @kellywanser of @SilverLiningNGO &; Steven Hamburg of @EDF
W/ @josephaldy &; @DKeithClimate

https://t.co/vDDVKswZ2M https://t.co/oSHKz62P5j",❗️COMING UP❗️ Energy Policy Seminar: Solar Geoengineering and U.S. Politics 3/7/22 Noon - 1:00 PM EST Online Featuring - of &; Steven Hamburg of W/ &;,0.08024,0,0,0
Misc,EN33,Other,1496515870243409926,"The Hill’s Job description seeking an EXECUTIVE DIRECTOR for Harvard's Solar Geoengineering Research Program.

What other company or university gets to post a JD on news media site? 

https://t.co/9b0YlcJ5Eu",The Hill’s Job description seeking an EXECUTIVE DIRECTOR for Harvard's Solar Geoengineering Research Program. What other company or university gets to post a JD on news media site?,0.09168000000000001,0,0,0
Misc,EN39,Other,1511430824981417990,"@JeffBC94 @JenniferKeegin Also - how is Alaska not considered high risk. It's literally Russia's neighbor
I have questions.",Also - how is Alaska not considered high risk. It's literally Russia's neighbor I have questions.,0.37144,0,0,0
Misc,EN37,Other,1495185186224369670,@seanhannity She really should be in jail instead of thinking of running again for a position no one wants her in any more she is as bad as Obama was smarter than Biden but made messes of everything she touched and now Biden is making thing worst she belongs behind bars simple,She really should be in jail instead of thinking of running again for a position no one wants her in any more she is as bad as Obama was smarter than Biden but made messes of everything she touched and now Biden is making thing worst she belongs behind bars simple,0.36392,0,0,0
Misc,EN31,Other,1327762409285578752,i want a baby one day but i dont want my baby to burn in the hell pits of climate change. help,i want a baby one day but i dont want my baby to burn in the hell pits of climate change. help,0.10128000000000001,0,0,0
Misc,EN36,Other,1495529850274304000,"@AviWoolf Wait, there are people who *don't* hate grapefruit?","Wait, there are people who *don't* hate grapefruit?",0.28192000000000006,0,0,0
Misc,EN35,False,1510445677117014017,"@jimbojones2011 @Cathartic_Haiku @jaclynkathleen_ @goofieguru @atrupar Trump literally joked about Clinton's clear legal violations and national security implications that law breaking entailed. But ya, go on how jokes require national security resources to spy on domestic political opponents... lunacy","Trump literally joked about Clinton's clear legal violations and national security implications that law breaking entailed. But ya, go on how jokes require national security resources to spy on domestic political opponents... lunacy",0.1312,0,0,0
Misc,EN35,False,1510041083094437889,"@SecBlinken Hillary Clinton spied on Trump, when he was in office.","Hillary Clinton spied on Trump, when he was in office.",0.10544,0,0,0
Misc,EN31,Other,1327762162610298885,@TheKingOfBoners @FreyaLWN @sengjung123 Thank you for subscribing to CLIMATE CHANGE FACTS,Thank you for subscribing to CLIMATE CHANGE FACTS,0.06920000000000001,0,0,0
Misc,EN39,Other,1509203004565692423,"I personally think if ever back in office, #trump would sell #alaska back to #russia and sell arms to #putin to finish off #Ukraine. He is one psychotic freak of history. Trump just revealed a ‘treasonous smoking gun’ – conservative Charlie Sykes https://t.co/KF3RzTOVuv","I personally think if ever back in office, trump would sell alaska back to russia and sell arms to putin to finish off Ukraine. He is one psychotic freak of history. Trump just revealed a ‘treasonous smoking gun’ – conservative Charlie Sykes",0.95,1,1,1
Misc,EN39,False,1503878295082962945,"@SpeakerPelosi @POTUS Biden going to Europe next week is a little late, but just wondering, will he sell Alaska back to Russia ??? Just saying! Biden is a complete Boob !!","Biden going to Europe next week is a little late, but just wondering, will he sell Alaska back to Russia ??? Just saying! Biden is a complete Boob !!",0.38312,0,0,0
Misc,EN32,False,1321517633460723713,@BuzzFeedNews Fact check antifa do start forest fires and they are themselves a fascist hate group have a nice day,Fact check antifa do start forest fires and they are themselves a fascist hate group have a nice day,0.27336000000000005,0,0,0
Misc,EN37,Other,1495185125490839552,"@StopChinaOnline @SolomonYue The trucker freedom convoy management recently hired a liberal campaign manager who has ties to Obama. Plus, they got involved with a nefarious Bitcoin operation. Some say much of the money was going to them. There were Bitcoin sales people + drug dealers approaching the truckers","The trucker freedom convoy management recently hired a liberal campaign manager who has ties to Obama. Plus, they got involved with a nefarious Bitcoin operation. Some say much of the money was going to them. There were Bitcoin sales people + drug dealers approaching the truckers",0.07432,0,0,0
Misc,EN32,False,1312786104215646217,"@MajorPatriot That depends on what you are trying to spread...

After all, Antifa and others started the forest fires.","That depends on what you are trying to spread... After all, Antifa and others started the forest fires.",0.13896,0,0,0
Misc,EN33,False,1505178003344658439,"@El__Ben or Bill Gates and Harvard block out the sun

😬may be the same thing",or Bill Gates and Harvard block out the sun 😬may be the same thing,0.06288,0,0,0
Misc,EN39,True,1502853460512817157,"@heywood3 @TheBabylonBee I understand that, no I don't honestly believe Biden is selling Alaska to the Russia. But it is saying something else, do you understand satire? Satire is often nasty, harmful and grotesquely abusive, which is how it was used in this case.","I understand that, no I don't honestly believe Biden is selling Alaska to the Russia. But it is saying something else, do you understand satire? Satire is often nasty, harmful and grotesquely abusive, which is how it was used in this case.",0.4176,0,0,0
Misc,EN33,False,1503867504791277570,Making Daylight Savings Time permanent is the first step of Bill Gates plan to block the sun. No I will not be elaborating.,Making Daylight Savings Time permanent is the first step of Bill Gates plan to block the sun. No I will not be elaborating.,0.06232000000000001,0,0,0
Misc,EN33,False,1506887742428487681,@TheLastRefuge2 What happens when Bill Gates decides he can block the sun,What happens when Bill Gates decides he can block the sun,0.11504,0,0,0
Misc,EN37,Other,1494649656537751561,@samlo_xo Did Durham's probe find Clinton's emails or Obama's real birth certificate or Hunter Biden's hard drive? What's the big deal?,Did Durham's probe find Clinton's emails or Obama's real birth certificate or Hunter Biden's hard drive? What's the big deal?,0.35664,0,0,0
Misc,EN33,False,1507777366486970368,@TheoFleury14 How completely deranged is Bill Gates idea of filling the sky with carbon to block out the Sun. Talk about pollution,How completely deranged is Bill Gates idea of filling the sky with carbon to block out the Sun. Talk about pollution,0.11072000000000001,0,0,0
Misc,EN36,Other,1495533318724595718,@Nanknows1 Maple syrup (the real sh!t) is also fantastic on grapefruit.,Maple syrup (the real sh!t) is also fantastic on grapefruit.,0.41376,0,0,0
Misc,EN34,False,1508576456351358982,"WISCONSIN:
3 Milwaukee officials named as defendants in 2020 election BRIBERY case !🍿🦖⚖️

Accused are:
-Acting Mayor Cavalier Johnson
-former Mayor Tom Barrett
-City Clerk Jim Owczarsk

03/25/2022
""Election complaint CONFIRMS Zuckerberg’s meddling""
more:
https://t.co/bhoHAVhoax","WISCONSIN: 3 Milwaukee officials named as defendants in 2020 election BRIBERY case !🍿🦖⚖️ Accused are: -Acting Mayor Cavalier Johnson -former Mayor Tom Barrett -City Clerk Jim Owczarsk 03/25/2022 ""Election complaint CONFIRMS Zuckerberg’s meddling"" more:",0.11616,0,0,0
Misc,EN38,Other,1494098578775621632,This bastard needs a bitch slap or a pie in the face like Bill gates...he thinks he is a king but he's a fucking clown https://t.co/WQGfkEUCq7,This bastard needs a bitch slap or a pie in the face like Bill gates...he thinks he is a king but he's a fucking clown,0.46848,0,0,0
Misc,EN40,Other,1494212943436779521,"@zypisfy @duyajek_vimimov @BentDepraved @duyajek_viminov @MaidelK @bex_fur @IMudlet @A_Damned_smith @Melanie33720945 @badgervindaloo @1pckt @RossGilroy @Godfly__ @Cern_lXXl @PraiseHisName50 @Wolfpak561 @SecularSandwich @TertiusIV @kim_because @mikeresister @WondersNorbit @Ah_Science @JELLYFISHMOON1 @TakeThatDarwin @zapher134 @Projectedsouli1 @alan244g @BlueDragonsFang @tk_the_kitsune @RavenLove69 @letmeasq @SkepticSplinter @MucusMucous @StillDizzy2 @kester_lowers @pray2pesci @DoubleDumas @Janetb172 @Adzam112 @Simple_Shaman @globalist13903 @BenefactrChurch @HowzitgoinSunny @Tiffany_Stuff @Avic_Wins @WmManry @OtangeloG @GreekVikingX @RealAnonDouche @LeannEAF “the left is falling off the edge of the flat earth.”
 Looks like you lost your compass.",“the left is falling off the edge of the flat earth.” Looks like you lost your compass.,0.26360000000000006,0,0,0
Misc,EN37,False,1494797059110617094,"@POTUS 
My orders also pertaining to being quiet in certain presidential durrest , such as the Clinton scandal and the Obama birth certificate scandal ,,, during all thus scandalous news in-credidation I was still hidden in the backgrounds !!!","My orders also pertaining to being quiet in certain presidential durrest , such as the Clinton scandal and the Obama birth certificate scandal ,,, during all thus scandalous news in-credidation I was still hidden in the backgrounds !!!",0.06128000000000001,0,0,0
Misc,EN34,Other,1511483365471445002,"@GicAriana @Facebook @Meta I close Facebook accounts 5 years ago.
Can't stand Mark Zuckerberg, Facebook causes more problems for families and friends then it does good.
I'm hoping Elon Musk changes Twitter for the better.","I close Facebook accounts 5 years ago. Can't stand Mark Zuckerberg, Facebook causes more problems for families and friends then it does good. I'm hoping Elon Musk changes Twitter for the better.",0.09256,0,0,0
Misc,EN36,Other,1472255798046826505,"@MzumbeNew @ThabangC_Sebata Microfarming is not high risk or all day in sun. As  7yr kid with lil help. Done. Chickens/Mielies/g'dillas/pumpkins/carrots.Trees: mango/lemon/loquat/grapefruit/litchi. Almost every home had some.
Fert was peels/leaves/poop. People now are ""JUST LAZY""","Microfarming is not high risk or all day in sun. As 7yr kid with lil help. Done. Chickens/Mielies/g'dillas/pumpkins/carrots.Trees: mango/lemon/loquat/grapefruit/litchi. Almost every home had some. Fert was peels/leaves/poop. People now are ""JUST LAZY""",0.12824,0,0,0
Misc,EN39,False,1502286175234580486,"What fresh hell is biden doing today ?

- Biden to sell Alaska to Russia so the imported Oil will get here quicker ! 😂😂😂 https://t.co/euzAT8V5if",What fresh hell is biden doing today ? - Biden to sell Alaska to Russia so the imported Oil will get here quicker ! 😂😂😂,0.40568,0,0,0
Misc,EN37,Other,1495186182384328704,Obama avenged me,Obama avenged me,0.11768,0,0,0
Misc,EN35,False,1511467123788468227,"@IsBuffoon @BonginoReport He wasn't banned for that

imagine still thinking misinformation isn't what we just lived through for 2 years.

What about the covid vax? Did it stop the spread? Or not? What about Hillary Clinton hiring british/Russian spies to spy on Trump in 2016.

Are those misinformation?",He wasn't banned for that imagine still thinking misinformation isn't what we just lived through for 2 years. What about the covid vax? Did it stop the spread? Or not? What about Hillary Clinton hiring british/Russian spies to spy on Trump in 2016. Are those misinformation?,0.65496,1,0,0
Misc,EN38,Other,1494097950489952261,"@TonyHinton2016 @Azeem_Majeed Since 2002, Imperial College London has received grants to the tune of over $280m from the Bill and Melinda Gates Foundation, including a wild $91,494,791 from the foundation last year. Millions have been spent in Imperial's epidemiology department, where Ferguson works","Since 2002, Imperial College London has received grants to the tune of over $280m from the Bill and Melinda Gates Foundation, including a wild $91,494,791 from the foundation last year. Millions have been spent in Imperial's epidemiology department, where Ferguson works",0.0912,0,0,0
Misc,EN38,True,1473893655790321665,"Fact-check: No, Bill Gates, Microsoft did not make 1999 video game called ""Omikron""#Omicron #FaceCheck @moneycontrolcom  https://t.co/0yUvBmrAQP","Fact-check: No, Bill Gates, Microsoft did not make 1999 video game called ""Omikron""Omicron FaceCheck",0.10792,0,0,0
Misc,EN39,Other,1511377220320706570,"Hitler Youth in Russia.

Last verse: ""We'll bring Alaska back.""

Imagine if Biden hadn't won in 2020, and Putin's concubine was still in the Oval.

#VoteBlueToSaveAmerica https://t.co/T87EYw6Hnb","Hitler Youth in Russia. Last verse: ""We'll bring Alaska back."" Imagine if Biden hadn't won in 2020, and Putin's concubine was still in the Oval. VoteBlueToSaveAmerica",0.9221600000000001,1,1,1
Misc,EN36,Other,1490883559938494464,"@CarrDutton @DHSCgovuk A random out of the blue shot gives alittle extra protection.

So does chicken soup, grapefruit, or sucking on barley sugar sweet, all with less risk, and at a far far lower profit margin","A random out of the blue shot gives alittle extra protection. So does chicken soup, grapefruit, or sucking on barley sugar sweet, all with less risk, and at a far far lower profit margin",0.09808,0,0,0
Misc,EN40,Other,1511088133672108036,"@Michael98410246 @MichaelSteidel @watermole6 @doctorbuttons @badibulgator @TheRealEggman @KayeTatton @gatheredwaters @LaikaAndYuri @PTroubleshooter @garethkett @SBhavikh @GlobalizationWw @pauledevans @earthisaglobe @itisjustmebabe @NoLongerThatGuy @ken_caudle @JMichaelsonUT @Motodude @JoeEason1 @Earth_is_FLAT_ @keigh_see @LiquidLight89 @telohno @DMR2cor520 @C8red8r @PrismPrime @ChickenQuantum @JohnnyD_cm @ZoomDi @AstroYogi101 @MarroniDean @ReillyOToole1 @jameswzegan85 @Trilluminarian @spotarse @CallMeEOnly @AiNaTow @TheEarthIsFlat2 @_Casaxova @SurferCosmic @Kev_in_Canada @FlatEarthD @Capt_Scorch @MaidelK @AustralisPiper @_hiddenagenda @JesusTruth1 Ok @Michael98410246 Let me explain why we know that gravity can be explained by Electromagnetism. Let's start with the obvious fact. The earth has a magnetic field, compasses use it to align with the north/south poles. If magnetism would pull us down compass would point ...","Ok Let me explain why we know that gravity can be explained by Electromagnetism. Let's start with the obvious fact. The earth has a magnetic field, compasses use it to align with the north/south poles. If magnetism would pull us down compass would point ...",0.26392000000000004,0,0,0
Misc,EN34,False,1508174308601905158,One more step taken against vote fraud.  https://t.co/bLEYCoeu9w,One more step taken against vote fraud.,0.08232,0,0,0
Misc,EN35,False,1510006416819605516,Hillary Clinton paid to spy on President Trump while in the White House. That is espionage &; Treason. https://t.co/uKyH0AmyYu,Hillary Clinton paid to spy on President Trump while in the White House. That is espionage &; Treason.,0.10312,0,0,0
Misc,EN37,Other,1495186264303325184,When your IPHONE auto correct stops replacing ONAMA with OBAMA…. That’s when you know @DavidOnama145 has made it! #ufcfightnight #UFC @ufc,When your IPHONE auto correct stops replacing ONAMA with OBAMA…. That’s when you know has made it! ufcfightnight UFC,0.09920000000000001,0,0,0
Misc,EN34,False,1511087315657150474,"👏👏👏👏👏
Hell yes, another one bites the dust. Zuckerberg, and his wife are monsters. 

They bought and paid for the 2020🇺🇲 election. Manipulating many left leaning cities to help their party, over the other, is not ok. It's called bribery folks!! https://t.co/EwNHx1A8Ab","👏👏👏👏👏 Hell yes, another one bites the dust. Zuckerberg, and his wife are monsters. They bought and paid for the 2020🇺🇲 election. Manipulating many left leaning cities to help their party, over the other, is not ok. It's called bribery folks!!",0.11048000000000001,0,0,0
Misc,EN33,False,1504823616285904904,@Birds_Are_Fake2 Thankfully our revered Health Expert Mr Bill Gates has a plan to block the sun. We will all be safe soon.,Thankfully our revered Health Expert Mr Bill Gates has a plan to block the sun. We will all be safe soon.,0.1096,0,0,0
Misc,EN31,Other,1326277779852156929,"Two days until the ""Wildfires in Colorado"" virtual panel. Our panelists will be talking about climate change, forest management, disaster resiliency, and environmental policy.  RSVP to receive the Zoom link: https://t.co/5WXtFMxaqu https://t.co/VL8wjdcjlI","Two days until the ""Wildfires in Colorado"" virtual panel. Our panelists will be talking about climate change, forest management, disaster resiliency, and environmental policy. RSVP to receive the Zoom link:",0.07056000000000001,0,0,0
Misc,EN36,Other,1495533872414707716,Only juice good with tequila. I tried grapefruit juice 😖 not for me,Only juice good with tequila. I tried grapefruit juice 😖 not for me,0.12256,0,0,0
Misc,EN36,True,1470377647565848584,"@EilonKnighton It’s not going to cause a fatal overdose. It will affect absorption of the medication, however. Check with your pharmacist if you should be avoiding grapefruit or not since it’s not all meds.","It’s not going to cause a fatal overdose. It will affect absorption of the medication, however. Check with your pharmacist if you should be avoiding grapefruit or not since it’s not all meds.",0.13496000000000002,0,0,0
Misc,EN38,False,1474040977115418625,"@HawleyMO @WhiteHouse @bumble @anthonyfauci @NIH @NIMHgov @FoxNews @CNN @BBCWorld @WHO @CDCgov @nytimes @POTUS @USSupremeCourt @TheJusticeDept @FBI @JakeSullivan46 @sharktank @amazon @Facebook @Apple @Microsoft @gatesfoundation @MarkZuckrberg @JeffBezos @elonmusk @BillGates @markcubanai @eldsjal @FocusOnTheFamiy @ChurchofSatan @satanic_temple_ @SoftBank_Group @JayInslee @JoeBiden @HarvardEthics @ABCReligion @carnegiecouncil @NIHDirector @NIHDataScience @NIAIDNews @NIAIDBioIT @USMC @NSAGov @finkd Here is @BillGates and @WHO signature on their TERROR on the Un-Vaccinated for @JoeBiden and his Nazi SS @NSAGov running America's Healthcare now.

As a mockery to me and God's people, @WHO named Omicron Variant after a game called Omikron: The Nomad Soul

https://t.co/O6TTiL3GsP","Here is and signature on their TERROR on the Un-Vaccinated for and his Nazi SS running America's Healthcare now. As a mockery to me and God's people, named Omicron Variant after a game called Omikron: The Nomad Soul",0.28248000000000006,0,0,0
Misc,EN35,False,1510734785357905922,"@ethanmwolf Your daily reminder that Hillary Clinton spied on Donald Trump’s White House. If you voted for Hillary Clinton, and complain about Trump, you literally have no room to talk. 
Hillary is owned by Goldman Sachs,","Your daily reminder that Hillary Clinton spied on Donald Trump’s White House. If you voted for Hillary Clinton, and complain about Trump, you literally have no room to talk. Hillary is owned by Goldman Sachs,",0.10232000000000001,0,0,0
Misc,EN31,Other,1324335662770933760,"Los Angeles mayor Eric Garcetti blamed the Trump administration for California's record wildfire season. But according to EPA Administrator Andrew Wheeler, the immediate cause is poor forest management. More here:

https://t.co/zLJh8lQHw9 https://t.co/JQns71HmLy","Los Angeles mayor Eric Garcetti blamed the Trump administration for California's record wildfire season. But according to EPA Administrator Andrew Wheeler, the immediate cause is poor forest management. More here:",0.1184,0,0,0
Misc,EN31,Other,1325465676614672384,Joe Biden and Kamala Harris better get on this shit. No more of this “forest management” garbage. I’ve been learning about climate change since I was in the 3rd grade and we still haven’t done shit https://t.co/RabOGHCvU9,Joe Biden and Kamala Harris better get on this shit. No more of this “forest management” garbage. I’ve been learning about climate change since I was in the 3rd grade and we still haven’t done shit,0.2992,0,0,0
Misc,EN32,False,1313936614393929729,"@OregonGovBrown FACT: 7 out of 10 forest fires are started by humans. 

In these times of Marxist BLM/Antifa rage, that stat may be even higher.

What investigations are you doing to find out who started them?

Also, what proper forest management programs are you making sure will be in place?","FACT: 7 out of 10 forest fires are started by humans. In these times of Marxist BLM/Antifa rage, that stat may be even higher. What investigations are you doing to find out who started them? Also, what proper forest management programs are you making sure will be in place?",0.10496000000000001,0,0,0
Misc,EN36,Other,1495544330219569155,@MelissaCaren3 I'm doing grapefruit juice 😏,I'm doing grapefruit juice 😏,0.06808,0,0,0
Misc,EN38,True,1473895556237856769,"A section of #SocialMedia has been claiming that #Microsoft and its co-founder, #BillGates, had created a video game called “#Omikron” in 1999, over two decades before the fast-spreading variant of #COVID19 emerged.

How true is that? 🤔 Find out https://t.co/zQMRVYDAZz

#Omicron","A section of SocialMedia has been claiming that Microsoft and its co-founder, BillGates, had created a video game called “Omikron” in 1999, over two decades before the fast-spreading variant of COVID19 emerged. How true is that? 🤔 Find out Omicron",0.09616000000000001,0,0,0
Misc,EN31,Other,1327762282546409477,"6) Many wonder if we're moving fast enough to avoid a climate crisis - unaware that people make short term choices while dismissing the long term implications of those choices. In other words, unless there is a value (perceived or real) in short the term, people won't change.","6) Many wonder if we're moving fast enough to avoid a climate crisis - unaware that people make short term choices while dismissing the long term implications of those choices. In other words, unless there is a value (perceived or real) in short the term, people won't change.",0.8524800000000001,1,1,1
Misc,EN33,False,1498422339691696129,@VDOLinx @CBCNews Man look at me go! Making stuff up! Just sayin! https://t.co/COQ5sqXw1t,Man look at me go! Making stuff up! Just sayin!,0.07648,0,0,0
Misc,EN39,True,1502049627758948353,"Fact check: Satirical claim that Biden is selling Alaska to Russia (Ana Faguy / USA Today)

https://t.co/qgmduX5N2S
https://t.co/Q3q7jYKETJ",Fact check: Satirical claim that Biden is selling Alaska to Russia (Ana Faguy / USA Today),0.39992,0,0,0
Misc,EN35,False,1510933166063816713,@CBSNews now report on Durham Report proving Clinton spied on Trump! (A crime!) AND Hunter Biden's laptop scandal AND Joe Biden's criminal connection,now report on Durham Report proving Clinton spied on Trump! (A crime!) AND Hunter Biden's laptop scandal AND Joe Biden's criminal connection,0.12136000000000001,0,0,0
Misc,EN34,False,1508552510084112388,"Zuckerberg Converted Election Officials into a Democratic GOTV Operation

Definitely fits the definition of election bribery in Wisconsin, and maybe additional states as well. Highlighted complaint.
https://t.co/yhJYi6xOcp","Zuckerberg Converted Election Officials into a Democratic GOTV Operation Definitely fits the definition of election bribery in Wisconsin, and maybe additional states as well. Highlighted complaint.",0.06528,0,0,0
Misc,EN39,False,1507346335455981571,"@citizenlynne @ChuckCallesto BIDEN has been asking ZELENSKY to surrender and to give Putin a small portion of UKRAINE to Putin.
Heck ! Joe Biden could sell ALASKA to PUTIN.",BIDEN has been asking ZELENSKY to surrender and to give Putin a small portion of UKRAINE to Putin. Heck ! Joe Biden could sell ALASKA to PUTIN.,0.95,1,1,1
Misc,EN39,True,1502519165579522055,"USA Today fact check: No, President Biden is not selling Alaska back to Russia https://t.co/MwMV6QJarU","USA Today fact check: No, President Biden is not selling Alaska back to Russia",0.40056,0,0,0
Misc,EN40,Other,1504964232286453762,"Agenda 2030.
A compass draws a circle, a square ruler draws a square, and the appearance is set.
Fools amuse themselves in the flat earth theory.💊 https://t.co/26AqPtHZyX","Agenda 2030. A compass draws a circle, a square ruler draws a square, and the appearance is set. Fools amuse themselves in the flat earth theory.💊",0.28888,0,0,0
Misc,EN35,False,1510747684151382016,Don’t ever forget Hillary Clinton and the Democrats spied on President Trump’s Campaign and kept spying on him in the White House. Never forget,Don’t ever forget Hillary Clinton and the Democrats spied on President Trump’s Campaign and kept spying on him in the White House. Never forget,0.07712,0,0,0
Misc,EN31,Other,1325579610726289408,"Designed access is one way we protect your water quality. #protectthesource
.
.
To address the effects of climate change, we reduce the number of forest roads, carefully managing and investing in forest health and soil management: https://t.co/M9YeEfDgn6 

#droneoftheday https://t.co/YJdMqNsCNw","Designed access is one way we protect your water quality. protectthesource . . To address the effects of climate change, we reduce the number of forest roads, carefully managing and investing in forest health and soil management: droneoftheday",0.0728,0,0,0
Misc,EN31,Other,1324349096392597504,"5/5 #TropiCon20 Drone-derived liana data is cheaper, faster, and at least as accurate as ground-derived data + better for taller trees. Drones may help liana monitoring &; management to aid forest restoration &; increase tropical carbon storage to help fight climate change 🌿🌳 https://t.co/60R24yviYt","5/5 TropiCon20 Drone-derived liana data is cheaper, faster, and at least as accurate as ground-derived data + better for taller trees. Drones may help liana monitoring &; management to aid forest restoration &; increase tropical carbon storage to help fight climate change 🌿🌳",0.12096000000000001,0,0,0
Misc,EN40,Other,1511491776812666890,"Earth is flat. Admiral bird, operation high jump &; hitler traveling to Antarctica will show you that","Earth is flat. Admiral bird, operation high jump &; hitler traveling to Antarctica will show you that",0.39256,0,0,0
Misc,EN40,False,1511181296160104452,More proof the earth is flat and Masonic Jesuits created the psyop behind it why do the masons use the square and compass do you know about Copernicus wake up they control you because they made up you are on a globe think about globalization thrives cause of the hidden firmament https://t.co/7oGDwMri26,More proof the earth is flat and Masonic Jesuits created the psyop behind it why do the masons use the square and compass do you know about Copernicus wake up they control you because they made up you are on a globe think about globalization thrives cause of the hidden firmament,0.29936000000000007,0,0,0
Misc,EN40,Other,1511487294758428676,"@KirstieMAllsopp Nadine, the Culture Secretary, for starters.

It's like having the CEO of NASA admit they were convinced the earth was flat...","Nadine, the Culture Secretary, for starters. It's like having the CEO of NASA admit they were convinced the earth was flat...",0.09824000000000001,0,0,0
Misc,EN39,True,1502033827627110407,USA Today fact-checks Babylon Bee’s satire claim that Biden is selling Alaska to Russia https://t.co/pmvbhFYbvt via @foxnews,USA Today fact-checks Babylon Bee’s satire claim that Biden is selling Alaska to Russia via,0.38616,0,0,0
Misc,EN38,Other,1494091256661561345,So your really not going to have masks at your concert. Thx for helping spread sigil bohemiet and bill gates covid 1.9 virus across the planet humans will die because of this decision with or without the vaccine https://t.co/9eEvrZ7Yd8,So your really not going to have masks at your concert. Thx for helping spread sigil bohemiet and bill gates covid 1.9 virus across the planet humans will die because of this decision with or without the vaccine,0.41976,0,0,0
Misc,EN38,Other,1494090436658532357,@wilescape Ask Africans about their lovely vaccines. Damn near a Bill Gates genocide. Vax= big PHARMA dollars and people like you fuel the machine,Ask Africans about their lovely vaccines. Damn near a Bill Gates genocide. Vax= big PHARMA dollars and people like you fuel the machine,0.76736,1,1,0
Misc,EN38,False,1473561453286277124,"1999 OMIKRON VIDEO GAME TO HARVEST YOUR SOUL, THIS IS PURE EVIL!!! https://t.co/hvlD7RBFW7","1999 OMIKRON VIDEO GAME TO HARVEST YOUR SOUL, THIS IS PURE EVIL!!!",0.0912,0,0,0
Misc,EN33,False,1504500255575916557,@GastownGay @YourFerntasy @Blissaton @Michell26770648 @Kattsea1 @thisweirdworld_ Bill Gates is a eugenicist. There are serious plans to block out the sun.,Bill Gates is a eugenicist. There are serious plans to block out the sun.,0.09152,0,0,0
Misc,EN33,False,1507398340979400735,"PLEASE DON’T TAKE MY SUNSHINE AWAY!!!

A Bill Gates Venture Aims To Spray Dust Into The Atmosphere To Block The Sun. What Could Go Wrong? https://t.co/QKvScchy2T via @GospelNewsNetw1",PLEASE DON’T TAKE MY SUNSHINE AWAY!!! A Bill Gates Venture Aims To Spray Dust Into The Atmosphere To Block The Sun. What Could Go Wrong? via,0.11128,0,0,0
Misc,EN34,False,1511448984317005840,@jmtaylor21 @MrWizar19740423 @tpkirb @loganclarkhall @elonmusk Everyone realizes Hillary just paid an FCC fine for the Russia disinformation right? Does everyone know the constitutional protocol for election fraud? 22 months what's that? Wisconsin state legislatures seek decertification after Zuckerberg violated bribery law,Everyone realizes Hillary just paid an FCC fine for the Russia disinformation right? Does everyone know the constitutional protocol for election fraud? 22 months what's that? Wisconsin state legislatures seek decertification after Zuckerberg violated bribery law,0.6936800000000001,1,0,0
Misc,EN33,True,1510673923951796224,"Here's the REAL truth about Bill Gates wanting to block the sun 🤦‍♂️

https://t.co/mduZfIuUlk",Here's the REAL truth about Bill Gates wanting to block the sun 🤦‍♂️,0.39576,0,0,0
Misc,EN35,False,1509923104100913156,"@Headbanger215 @timburchett @MarshaBlackburn The treason was the Russian Collusion hoax by the Hillary Clinton/DNC which illegally spied on first candidate Trump and then the coup to try and remove President Trump
Please tell me you know what I'm talking about.?",The treason was the Russian Collusion hoax by the Hillary Clinton/DNC which illegally spied on first candidate Trump and then the coup to try and remove President Trump Please tell me you know what I'm talking about.?,0.6956,1,0,0
Misc,EN33,False,1507435009375932431,Fluoride. Chem trails. Vaccines. Etc…..calcified pineal glands. They talk about Bill Gates wanting to block out the sun. I think this feels like a metaphor for what they’ve done to block out the 3rd eyes ability to actually see what’s going on. https://t.co/1Twg3tIKf6,Fluoride. Chem trails. Vaccines. Etc…..calcified pineal glands. They talk about Bill Gates wanting to block out the sun. I think this feels like a metaphor for what they’ve done to block out the 3rd eyes ability to actually see what’s going on.,0.13256,0,0,0
Misc,EN40,Other,1511482453696860160,"@NikaMelkozerova At this stage people that believe russian official statements fall within this categories: dum, very dum (flat earth level); unhealed severe brain injury; russian; want to be russian; think they are russian but are really slaves of russia; IQ at room temperature level","At this stage people that believe russian official statements fall within this categories: dum, very dum (flat earth level); unhealed severe brain injury; russian; want to be russian; think they are russian but are really slaves of russia; IQ at room temperature level",0.95,1,1,1
Misc,EN35,Other,1511491667638988800,"Trump and Clinton have been held to the same standard: ""my team good, your team bad"". Let's not pretend U.S. politics has nuanced principles. https://t.co/pd1NBe30EH","Trump and Clinton have been held to the same standard: ""my team good, your team bad"". Let's not pretend U.S. politics has nuanced principles.",0.12688,0,0,0
Misc,EN39,Other,1511485434152591364,"U.S. PURCHASED ALASKA FROM RUSSIA

On October 18, 1867, William Seward was Secretary of State under Abe Lincoln &; thereby the U.S. formally took possession of Alaska after purchasing the territory from Russia for $7.2m, less than two cents an acre.

https://t.co/xoWH7xmAui https://t.co/YgLD9zO73p","U.S. PURCHASED ALASKA FROM RUSSIA On October 18, 1867, William Seward was Secretary of State under Abe Lincoln &; thereby the U.S. formally took possession of Alaska after purchasing the territory from Russia for $7.2m, less than two cents an acre.",0.8674400000000001,1,1,1
Misc,EN35,False,1509587323150761987,"@shval6 @JudiciaryGOP Your ignorance is amazing
Nowhere in the constitution is it required for a person to release their taxes
Hacking is illegal and Clinton spied on Trump, indisputable
Are you so stupid to see that the federal government attacked Trump will all they had and nothing was found https://t.co/CXdY7QW9GP","Your ignorance is amazing Nowhere in the constitution is it required for a person to release their taxes Hacking is illegal and Clinton spied on Trump, indisputable Are you so stupid to see that the federal government attacked Trump will all they had and nothing was found",0.53024,1,0,0
Misc,EN32,True,1324743351179137024,"Link between West Coast #wildfires and #globalwarming explained! @ESSICUMD and @AOSC_UMD scientists found Hadley circulation causing warmer, drier conditions that will continue to worsen wildfires unless action is taken to combat climate change.
https://t.co/uxIZGgVTDm https://t.co/EYngceUeEF","Link between West Coast wildfires and globalwarming explained! and scientists found Hadley circulation causing warmer, drier conditions that will continue to worsen wildfires unless action is taken to combat climate change.",0.57584,1,0,0
Misc,EN35,False,1511486322212364289,"@rosae1307 @DefSue3 He was working for his client Hilary Clinton,
her campaign and the DNC
when he paid a foreign spy to manufacture
phony intel on Donald Trump with the intent
of changing the election. This has all been released.
Hillary being named co conspirator, that’s new.
Cheers!","He was working for his client Hilary Clinton, her campaign and the DNC when he paid a foreign spy to manufacture phony intel on Donald Trump with the intent of changing the election. This has all been released. Hillary being named co conspirator, that’s new. Cheers!",0.09896,0,0,0
Misc,EN35,False,1511046403530838019,"@BBaggly @LALewman A judge can say anything, but Trump was never charged even after FBI spied on his campaign after Clinton’s attorney brought them the now debunked Steele Dossier. That bogus report was used to get Judge to sign off on FBI to spy on Trump.","A judge can say anything, but Trump was never charged even after FBI spied on his campaign after Clinton’s attorney brought them the now debunked Steele Dossier. That bogus report was used to get Judge to sign off on FBI to spy on Trump.",0.12216,0,0,0
Misc,EN39,True,1503331979881766914,USA Today fact-checks Babylon Bee’s satire claim that Biden is selling Alaska to Russia https://t.co/EJk0afdIY4,USA Today fact-checks Babylon Bee’s satire claim that Biden is selling Alaska to Russia,0.41864,0,0,0
Misc,EN38,Other,1475846819808792578,"@seanhannity Believe it or not - 

This creepy video game ""Omikron"" relates to what's happening with #Omicron:
 https://t.co/DJO6D5ohFo","Believe it or not - This creepy video game ""Omikron"" relates to what's happening with Omicron:",0.060480000000000006,0,0,0
Misc,EN31,Other,1325155381228695554,"@FunkyCatBot @erna_solberg @AngelEyesSC @JoeBiden @KamalaHarris Forest cities?

Make America Sane Again

#PresidentElectJoe 

https://t.co/uYRik2tMK1",Forest cities? Make America Sane Again PresidentElectJoe,0.07848000000000001,0,0,0
Misc,EN39,True,1502282567097401346,"Hey @USATODAY. If you want to get into the business of fact-checking satire, you're going to need a bigger staff.  And @TheOnion and @TheBabylonBee are not alone, ya know.

https://t.co/fty6zoRyqw","Hey . If you want to get into the business of fact-checking satire, you're going to need a bigger staff. And and are not alone, ya know.",0.10416,0,0,0
Misc,EN38,Other,1494093833054789634,"@Cre8Liberty @Bpplcff @johnpavlovitz 1- the CDC does not use Lancet.
2- Since you insist, here it is: 

""The Lancet Global Health Commission on High Quality Health Systems in the SDG Era is supported by funding from the Bill &; Melinda Gates Foundation""
https://t.co/4eRdYz9SDS
Keep playing!👋","1- the CDC does not use Lancet. 2- Since you insist, here it is: ""The Lancet Global Health Commission on High Quality Health Systems in the SDG Era is supported by funding from the Bill &; Melinda Gates Foundation"" Keep playing!👋",0.08,0,0,0
Misc,EN32,Other,1325363366576103424,"Between the stresses of this election cycle, the pandemic, the wildfires that ravaged Oregon and the west coast, not to mention personal financial struggle and and a breakup, 2020 has all-but guaranteed that I may never sleep more than 2-3 uninterrupted hours ever again.","Between the stresses of this election cycle, the pandemic, the wildfires that ravaged Oregon and the west coast, not to mention personal financial struggle and and a breakup, 2020 has all-but guaranteed that I may never sleep more than 2-3 uninterrupted hours ever again.",0.06336,0,0,0
Misc,EN38,Other,1480964701152497670,Omikron: The Nomad Soul (Video Game 1999) - Plot Summary - IMDb. https://t.co/Hs6632x3SS. Microsoft  https://t.co/Ar54JVYQGE,Omikron: The Nomad Soul (Video Game 1999) - Plot Summary - IMDb. Microsoft,0.09136000000000001,0,0,0
Misc,EN36,Other,1495536758787825667,"#IDtwitter #SIDP 

Always fantastic to visit Florida; free samples of orange 🍊 and grapefruit juice! https://t.co/BxyRo7Rs6x",IDtwitter SIDP Always fantastic to visit Florida; free samples of orange 🍊 and grapefruit juice!,0.10544,0,0,0
Misc,EN38,False,1491147664549105666,"In the year ‘1999’ Bill Gates had a game created for Microsoft Windows called ""Omikron"". It was about demons pretending to be human in order to harvest their souls. https://t.co/ykEcKsMw2R","In the year ‘1999’ Bill Gates had a game created for Microsoft Windows called ""Omikron"". It was about demons pretending to be human in order to harvest their souls.",0.11288000000000001,0,0,0
Misc,EN39,False,1501981966253633539,The Biden Administration has taken its first step toward increasing oil production for Americans by selling Alaska back to Russia so we can start drilling for oil there again. https://t.co/PiJvkIKz8K via @TheBabylonBee,The Biden Administration has taken its first step toward increasing oil production for Americans by selling Alaska back to Russia so we can start drilling for oil there again. via,0.8622400000000001,1,1,1
Misc,EN38,Other,1494097528421339138,"@ScotNational Bill Gates, Blackrock and Vanguard are set to attend Glasgow film Festival. You are first class idiots. Absolutely comical morons, and you think that the protection of the UK will be compromised because you loved braveheart?! Honestly, stop it. Stop it now","Bill Gates, Blackrock and Vanguard are set to attend Glasgow film Festival. You are first class idiots. Absolutely comical morons, and you think that the protection of the UK will be compromised because you loved braveheart?! Honestly, stop it. Stop it now",0.7243200000000001,1,1,0
Misc,EN39,True,1501996571818442761,"Forward to your Q associates and colleagues. 

#Alaska #Biden #factcheck #Russia

https://t.co/Ykzaz73ZKD",Forward to your Q associates and colleagues. Alaska Biden factcheck Russia,0.95,1,1,1
Misc,EN40,Other,1506382823669784576,"@SpaceScience_ Earth is not a planet,is Realm 
The sky is covered with a dome

The moon, the sun and the stars are floating in orbits above the dome

Here is the application that shows the flat earth system with a Sky domed

Because our sky is a perfect clock and compass
https://t.co/KdIK13iisJ","Earth is not a planet,is Realm The sky is covered with a dome The moon, the sun and the stars are floating in orbits above the dome Here is the application that shows the flat earth system with a Sky domed Because our sky is a perfect clock and compass",0.5772,1,0,0
Misc,EN36,True,1473783356466860033,"PolitiFact | Grapefruit comes with some risks, but no evidence it’s fatal with antidepressants https://t.co/wJPSZuYWTE","PolitiFact | Grapefruit comes with some risks, but no evidence it’s fatal with antidepressants",0.10552,0,0,0
Misc,EN40,Other,1511433111787163655,"Earth is not a planet or a disk standing in void!

We are live between the Seven Heavens and the Ground in a fixed plane!

Here is the application that shows the flat earth system with a Sky domed!

Because our sky-domed is a perfect clock and compass !

https://t.co/KdIK13iisJ",Earth is not a planet or a disk standing in void! We are live between the Seven Heavens and the Ground in a fixed plane! Here is the application that shows the flat earth system with a Sky domed! Because our sky-domed is a perfect clock and compass !,0.29064000000000006,0,0,0
Misc,EN39,Other,1511438030762037252,"@IktoSitconski Russia colonized the shit out of Alaska and the upper coast of California, they took slaves from Cali to Alaska for sealing and whaling and wrecked the seal populations of Oregon, Washington and Cali in the late 1700s and early 1800s","Russia colonized the shit out of Alaska and the upper coast of California, they took slaves from Cali to Alaska for sealing and whaling and wrecked the seal populations of Oregon, Washington and Cali in the late 1700s and early 1800s",0.5667200000000001,1,0,0
Misc,EN37,Other,1495185871162814467,"@MinorSky3 Why did none of this happen under Trump?

Crimea under Obama, now Ukraine under Biden.","Why did none of this happen under Trump? Crimea under Obama, now Ukraine under Biden.",0.40864,0,0,0
Misc,EN40,Other,1508638973291372545,"@ABTudorQueen @PatResister LOL, feel free to use it. It's the make up issue that created it. LOL.
My ""faith in US legal"" system since the day of the ""escalator"" is gone. That trip changes the Earth magnetic fields and the political and judicial moral compass is reversed. But I believe in Karma. #FingersXXd","LOL, feel free to use it. It's the make up issue that created it. LOL. My ""faith in US legal"" system since the day of the ""escalator"" is gone. That trip changes the Earth magnetic fields and the political and judicial moral compass is reversed. But I believe in Karma. FingersXXd",0.32256000000000007,0,0,0
Misc,EN39,True,1501960577144344577,"Biden selling Alaska to Putin?

LOL    🤣 https://t.co/MSnEoXeCAr",Biden selling Alaska to Putin? LOL 🤣,0.38280000000000003,0,0,0
Misc,EN32,False,1311700475268431873,"@FVollstadt @DJSnM @physicsman That's just laughable.  All you need do is see open your eyes Antifa riots in Portland, Seattle, NYC, LA.  Portland was rioting for 100 days, blocks of the city burned, police shot at,  they even arrested one Antifa nut for trying to start forest fires.","That's just laughable. All you need do is see open your eyes Antifa riots in Portland, Seattle, NYC, LA. Portland was rioting for 100 days, blocks of the city burned, police shot at, they even arrested one Antifa nut for trying to start forest fires.",0.09440000000000001,0,0,0
Misc,EN37,Other,1495185362267824129,"@thehill Sounds like Fauci's declaration, during the Obama-Trump transition, that Trump would face a pandemic. Does Gates know something like Fauci?","Sounds like Fauci's declaration, during the Obama-Trump transition, that Trump would face a pandemic. Does Gates know something like Fauci?",0.07272,0,0,0
Misc,EN33,False,1509503807692156928,"@EricTemplar @pedana2014 Now that people have bought solar panels, they want to block the sun starving them of the cheap energy they were promised. I wonder WHO could be behind such a fuck on solar panel consumers?🤔.  https://t.co/AFxh6ryB0o","Now that people have bought solar panels, they want to block the sun starving them of the cheap energy they were promised. I wonder WHO could be behind such a fuck on solar panel consumers?🤔.",0.32824000000000003,0,0,0
Misc,EN31,False,1326074773709807617,@annabelcrabb @TurnbullMalcolm I notice in your little dummy spit to Paul Kelly you blame the fires on climate change and pointed the finger at News about arsonists! But...deliberately omitted the real cause poor forest management and fuel on the forest floor! We are NOT idiots!,I notice in your little dummy spit to Paul Kelly you blame the fires on climate change and pointed the finger at News about arsonists! But...deliberately omitted the real cause poor forest management and fuel on the forest floor! We are NOT idiots!,0.5591200000000001,1,0,0
Misc,EN31,Other,1327761830215708672,"@VICENews There is very little climate change caused by humans. The climate has been changing ever since the earth was formed. The only reason the Democrats insist that the American people are responsible is because the want to put a ""Carbon tax on us ALL","There is very little climate change caused by humans. The climate has been changing ever since the earth was formed. The only reason the Democrats insist that the American people are responsible is because the want to put a ""Carbon tax on us ALL",0.06736,0,0,0
Misc,EN33,False,1503839643158130693,"@BMeiselas no dude bill gates wants to block out the sun you're shilling for the wrong team that wants us using an artificial sun, WHICH YOU WONT BE ABLE TO USE TO POWER ANY MAGIC AT ALL YOU IDIOT","no dude bill gates wants to block out the sun you're shilling for the wrong team that wants us using an artificial sun, WHICH YOU WONT BE ABLE TO USE TO POWER ANY MAGIC AT ALL YOU IDIOT",0.31920000000000004,0,0,0
Misc,EN37,Other,1495185989664391168,"@stacie_man I wish Obama was any kind of Socialist. Sadly, he is not.","I wish Obama was any kind of Socialist. Sadly, he is not.",0.11336000000000002,0,0,0
Misc,EN36,False,1470505264411467776,"With diet season coming up quickly, this is a gentle reminder grapefruit interacts with some antidepressants. It can cause a fatal overdose in these cases. Please be advised on your antidepressants and interactions with food, especially with antidepressants.","With diet season coming up quickly, this is a gentle reminder grapefruit interacts with some antidepressants. It can cause a fatal overdose in these cases. Please be advised on your antidepressants and interactions with food, especially with antidepressants.",0.08,0,0,0
Misc,EN40,Other,1511490889893482500,"No flat earther that I've conversed with has been able to give me a scientific explanation why there are tides every morning and evening, at least, without having to concede that there is at least some kind of curvature to the earth and gravity does exist.","No flat earther that I've conversed with has been able to give me a scientific explanation why there are tides every morning and evening, at least, without having to concede that there is at least some kind of curvature to the earth and gravity does exist.",0.07104,0,0,0
Misc,EN32,False,1324712245960437762,@Bro_anon23 I know. but is it going to be the last forest fire? I feel like the fire was being controlled by trump. I mean antifa started the fire in Oregon with a drone.,I know. but is it going to be the last forest fire? I feel like the fire was being controlled by trump. I mean antifa started the fire in Oregon with a drone.,0.13392,0,0,0
Misc,EN35,Other,1511488264607186944,@PhotosByJalil @NussleHipsey @cenkuygur Lol real change. Trump fostered more change then his predecessor ever did. Do you think the protests would have happened last year if Hillary Clinton was elected?,Lol real change. Trump fostered more change then his predecessor ever did. Do you think the protests would have happened last year if Hillary Clinton was elected?,0.3524,0,0,0
Misc,EN31,False,1325107369458556928,"@Kenneth63101817 @stanleylott5 @RealCandaceO @HerschelWalker Trump was right about forest management as the cause more so than climate change, but there is too much delusion and celebrity influence there. It's not going to turn red this time around.","Trump was right about forest management as the cause more so than climate change, but there is too much delusion and celebrity influence there. It's not going to turn red this time around.",0.07944000000000001,0,0,0
Misc,EN39,True,1502700808118358016,"USA Today  and WaP0 and others prove that fact checking only lives in the imagination of well paid media hacks

USA Today fact-checks Babylon Bee’s satire claim that Biden is selling Alaska to Russia https://t.co/auSTLgmxbr #FoxNews",USA Today and WaP0 and others prove that fact checking only lives in the imagination of well paid media hacks USA Today fact-checks Babylon Bee’s satire claim that Biden is selling Alaska to Russia FoxNews,0.35752,0,0,0
Misc,EN36,Other,1495538324588871680,@lahat_woo peach and grapefruit!!,peach and grapefruit!!,0.10216,0,0,0
Misc,EN37,Other,1495049444773011456,"@Sheila41049654 @RSBNetwork That's what the Clinton appointed judge said
But the words of TRUMP Jan 6 differs.
The Pelosi INSURRECTION Jan 6 will be investigated after 2022 election
Also treason by Pelosi FROM her 2007 Trip to Hawaii to find a birth certificate that was not there, Her treason elected Obama.","That's what the Clinton appointed judge said But the words of TRUMP Jan 6 differs. The Pelosi INSURRECTION Jan 6 will be investigated after 2022 election Also treason by Pelosi FROM her 2007 Trip to Hawaii to find a birth certificate that was not there, Her treason elected Obama.",0.0816,0,0,0
Misc,EN40,Other,1508633410343952391,@netdatabiz @KathMLee1 @libsoftiktok …Lucifer Prince power of the air is how they move around so well EMP Electro Magnetic Propulsion controlled lightening +\- Earth magnetic Flux lines go South to North outside of magnetic…hence why Compass points north ^,…Lucifer Prince power of the air is how they move around so well EMP Electro Magnetic Propulsion controlled lightening +\- Earth magnetic Flux lines go South to North outside of magnetic…hence why Compass points north ^,0.32520000000000004,0,0,0
Misc,EN36,Other,1495540008182337543,@lyndelld Haha I've never liked the taste of grapefruit 🤮,Haha I've never liked the taste of grapefruit 🤮,0.11832000000000001,0,0,0
Misc,EN39,False,1504057789584392193,Giving Biden's track history as president there's a possibility he might sell Alaska with Americans still living there just because he is Joe Biden. The essence of disappointment https://t.co/6go2QIHzNx,Giving Biden's track history as president there's a possibility he might sell Alaska with Americans still living there just because he is Joe Biden. The essence of disappointment,0.10392000000000001,0,0,0
Misc,EN32,Other,1325477761717243906,"@DonaldJTrumpJr The only cities that have burned to the ground are those on the West Coast that your dad refused to send federal aid to during the wildfires, you narcisstic ghoul.","The only cities that have burned to the ground are those on the West Coast that your dad refused to send federal aid to during the wildfires, you narcisstic ghoul.",0.13888,0,0,0
Misc,EN31,False,1326059184991907841,"@DarkMatter2525 @DonaldJTrumpJr @stephanie_early Yeah right ""climate change""  If you mean democrat ineptitude.  Other forested nations/areas don't burn every summer like Cali.  Are they somehow protected from climate change then?  No, they are just not incompetent on forest management like Cali.","Yeah right ""climate change"" If you mean democrat ineptitude. Other forested nations/areas don't burn every summer like Cali. Are they somehow protected from climate change then? No, they are just not incompetent on forest management like Cali.",0.11624000000000001,0,0,0
Misc,EN33,False,1506561511610855424,"@katybeebee12 @pureangel40 @peachypuk @Trina_Rosella @VandorpJohn

Gates is back at it, trying to block out the sun.

Bill Gates is a predator, child sex, your life, what you eat, what you are breathing, who you're at war with, it does not matter he wants you dead.

The Georgia Guidestones - you are not on his list. https://t.co/Vgws4rhxTM","Gates is back at it, trying to block out the sun. Bill Gates is a predator, child sex, your life, what you eat, what you are breathing, who you're at war with, it does not matter he wants you dead. The Georgia Guidestones - you are not on his list.",0.5656000000000001,1,0,0
Misc,EN31,Other,1325194468857765893,"Trump called Sleepy ,Basement, Retirement,Weak,Mask,Criminal,Trump,Military losers, shoot everyone on fifth avenue NYC ...California rake the forest, poor management.....Acting like King ! First Lady did Great Job plastic surgery  &; Educated ? Take God name in Vein .","Trump called Sleepy ,Basement, Retirement,Weak,Mask,Criminal,Trump,Military losers, shoot everyone on fifth avenue NYC ...California rake the forest, poor management.....Acting like King ! First Lady did Great Job plastic surgery &; Educated ? Take God name in Vein .",0.3732,0,0,0
Misc,EN31,Other,1327761830672928768,@barilyn9 @VICENews Climate change is about control not climate I pray the lord wakes them up and you too.,Climate change is about control not climate I pray the lord wakes them up and you too.,0.12616,0,0,0
Misc,EN33,False,1510685526172618752,"@FredYosemite @Ali_CV_Guru @ClaireH37444648 Both Forbes and Bloomberg printed articles saying Bill Gates wants to block out the sun, what makes you think they aren’t doing that already? The technology is 50+ years old","Both Forbes and Bloomberg printed articles saying Bill Gates wants to block out the sun, what makes you think they aren’t doing that already? The technology is 50+ years old",0.12464000000000001,0,0,0
Misc,EN31,False,1327110330023964672,"@FeralFox3 @AlboMP The toyal commission ruled that poor forest, land management and arsonists were to blame not climate change. Albo is on the lefty green band wagon again drinking the Cool Aid.","The toyal commission ruled that poor forest, land management and arsonists were to blame not climate change. Albo is on the lefty green band wagon again drinking the Cool Aid.",0.10776000000000001,0,0,0
Misc,EN35,False,1511017994108952581,"obama to Trump

The deranged Democrats at it again
Did Trump allow Russia;
to annex the Crimea
interfere in Syria
Hack the Clinton campaign &; DNC
""interfere"" in the election?

Did Trump;
Spy on his opponents campaign
lock up journalists
get an ambassador killed and blame youtube","obama to Trump The deranged Democrats at it again Did Trump allow Russia; to annex the Crimea interfere in Syria Hack the Clinton campaign &; DNC ""interfere"" in the election? Did Trump; Spy on his opponents campaign lock up journalists get an ambassador killed and blame youtube",0.75136,1,1,0
Misc,EN32,Other,1316099359948320772,"Deep State 
Killed Epstein 
Cutting Cable Wires
Funded Covid Creation
Gave us Covid Pandemic 
Impeached the POTUS 
Gave us Fake News 
Gave us BLM
Gave us Antifa 
Gave China Hong Kong 
Started California forest fires 
Locked down the economy 
Elected Chicago Mayor 
What’s next?",Deep State Killed Epstein Cutting Cable Wires Funded Covid Creation Gave us Covid Pandemic Impeached the POTUS Gave us Fake News Gave us BLM Gave us Antifa Gave China Hong Kong Started California forest fires Locked down the economy Elected Chicago Mayor What’s next?,0.26216000000000006,0,0,0
Misc,EN31,Other,1327762839084347394,"Every tomorrow, is determined by the way we put in ourselves today. 
Let's then determine, or better still and of great sense of realising, re-determin the rath of Climate change, by #ClimateActionNow. 
#climatechange is real, &; deadly unpredictable.","Every tomorrow, is determined by the way we put in ourselves today. Let's then determine, or better still and of great sense of realising, re-determin the rath of Climate change, by ClimateActionNow. climatechange is real, &; deadly unpredictable.",0.40936,0,0,0
Misc,EN36,False,1470841177268441089,Grapefruit Antidepressants Overdose Warning #NewsBreak. 😳😳😳 https://t.co/3etXJPjETH,Grapefruit Antidepressants Overdose Warning NewsBreak. 😳😳😳,0.5712,1,0,0
Misc,EN35,Other,1511491137743335435,"After voting for Barack Obama and Hillary Clinton, my city voted for Donald Trump by 500 votes in 2020.

I'm a proud Democrat running to represent us in Ohio's General Assembly. Can you chip in $10 to help me get there?
https://t.co/eUEyTkag3A","After voting for Barack Obama and Hillary Clinton, my city voted for Donald Trump by 500 votes in 2020. I'm a proud Democrat running to represent us in Ohio's General Assembly. Can you chip in $10 to help me get there?",0.31952,0,0,0
Misc,EN31,False,1324878910300057600,"@MatsExpressen @Expressen  Mats, it is not climate change that is causing the forest fires in California and Oregon. It is a simple lack of forest management. The liberals have no clue how to manage anything.","Mats, it is not climate change that is causing the forest fires in California and Oregon. It is a simple lack of forest management. The liberals have no clue how to manage anything.",0.09512000000000001,0,0,0
Misc,EN36,Other,1495533030366089217,@gloclesnar u gotta get grapefruit sculpin 😋,u gotta get grapefruit sculpin 😋,0.09392,0,0,0
Misc,EN37,False,1494917147197251587,"@Whatdaphuk1 @nellienutkins @RockSolidAlibi Jenn for president! If Barack Obama can be president without clear proof of being a citizen then so can Jenn! 😘 Remember I know a guy, he will have your birth certificate over in no time!","Jenn for president! If Barack Obama can be president without clear proof of being a citizen then so can Jenn! 😘 Remember I know a guy, he will have your birth certificate over in no time!",0.1276,0,0,0
Misc,EN31,Other,1324674822727753729,@AOC I hope Trump voters go to hell to do forest management,I hope Trump voters go to hell to do forest management,0.11312000000000001,0,0,0
Misc,EN38,False,1474493265097502721,Coming from the person who released a video game called Omikron developed by Microsoft.  Interesting…🤔. (Look it up). #evil #becarefulonwhoyoulistento #followthemoney https://t.co/uG8My5ZJC5,Coming from the person who released a video game called Omikron developed by Microsoft. Interesting…🤔. (Look it up). evil becarefulonwhoyoulistento followthemoney,0.09456,0,0,0
Misc,EN34,False,1508535982106320896,"3 #Milwaukee, #Wisconsin, officials face accusations of illegally taking #ZuckBucks 2 facilitate #voting by purchasing #absentee ballot drop boxes &gt; https://t.co/CVjidfys0B #FaceFucked &gt; https://t.co/4dYZhFvvQw #news #politics","3 Milwaukee, Wisconsin, officials face accusations of illegally taking ZuckBucks 2 facilitate voting by purchasing absentee ballot drop boxes &gt; FaceFucked &gt; news politics",0.33160000000000006,0,0,0
Misc,EN37,Other,1495111822063644676,"The continued accusations surrounding Prime Minister Trudeau’s paternity are disgusting. Very similar to when President Obama’s citizenship and birth certificate were questioned by Trump. 
Knowing this occupation was funded outside of Canada makes it even more disturbing.#cdnpoli",The continued accusations surrounding Prime Minister Trudeau’s paternity are disgusting. Very similar to when President Obama’s citizenship and birth certificate were questioned by Trump. Knowing this occupation was funded outside of Canada makes it even more disturbing.cdnpoli,0.34024,0,0,0
Misc,EN36,Other,1483838523589349386,"Again, their lives be better off playing Risk or Stratego because these fools couldn't couldn't bust a grape in a fruit fight, much less resist a tyrannical government.","Again, their lives be better off playing Risk or Stratego because these fools couldn't couldn't bust a grape in a fruit fight, much less resist a tyrannical government.",0.12592,0,0,0
Misc,EN36,False,1488960358605721600,My sister asked me about a FB post that was telling people not to have grapefruit juice with antidepressants bc it can cause a fatal overdose. She tried googling it but was confused on sorting through the info,My sister asked me about a FB post that was telling people not to have grapefruit juice with antidepressants bc it can cause a fatal overdose. She tried googling it but was confused on sorting through the info,0.13712000000000002,0,0,0
Misc,EN34,False,1508389579581272068,"Milwaukee Officials Sued in Zuckerberg-Related Election Bribery Case

https://t.co/MNccC19VI1.   Excellent.",Milwaukee Officials Sued in Zuckerberg-Related Election Bribery Case Excellent.,0.0656,0,0,0
Misc,EN34,Other,1511480592730402822,@elonmusk hi Elon please get rid of Mark Zuckerberg too Please lol  and also  give Donald Trump account back😎,hi Elon please get rid of Mark Zuckerberg too Please lol and also give Donald Trump account back😎,0.12304000000000001,0,0,0
Misc,EN36,True,1473505389098549249,Grapefruit can pose a risk to people who are on certain medications. But there’s no proof it is fatal for those on antidepressants. https://t.co/vP0ellTPE2,Grapefruit can pose a risk to people who are on certain medications. But there’s no proof it is fatal for those on antidepressants.,0.0872,0,0,0
Misc,EN39,False,1502032557961097217,"@FoxNews Biden would sell Alaska back to Russia before he ever starts drilling up there again. You see, it's okay if other countries drill for oil, just not us. It's all for the environment you see.","Biden would sell Alaska back to Russia before he ever starts drilling up there again. You see, it's okay if other countries drill for oil, just not us. It's all for the environment you see.",0.36928,0,0,0
Misc,EN40,Other,1509726766738333696,"Then he discovered that the compass needle is moved by a magnetic field, a force far greater than human strength and that there are several invisible forces at work on the earth. From that point forward, he was driven by a great desire to learn the laws that govern the universe.","Then he discovered that the compass needle is moved by a magnetic field, a force far greater than human strength and that there are several invisible forces at work on the earth. From that point forward, he was driven by a great desire to learn the laws that govern the universe.",0.77048,1,1,0
Misc,EN31,Other,1327761167561814017,"@BlueHeronFarmTX Can’t help but think that this is a lack of imagination/embrace of denial on a lemming like scale.
Also “helps” re issues like climate change.🤔🤯😢",Can’t help but think that this is a lack of imagination/embrace of denial on a lemming like scale. Also “helps” re issues like climate change.🤔🤯😢,0.13624,0,0,0
Misc,EN31,Other,1325263422984867842,"Next up: Dr. Eduardo Mangaoang, a Professor of Forest Resources Management and Economics at Visayas State University to share their findings and experiences at The Regional Climate Change Research and Development Center in VSU","Next up: Dr. Eduardo Mangaoang, a Professor of Forest Resources Management and Economics at Visayas State University to share their findings and experiences at The Regional Climate Change Research and Development Center in VSU",0.12952,0,0,0
Misc,EN35,False,1511313709527756805,When will Democrats be held accountable for insurrectionist efforts to overturn the 2016 election with 4 illegal FISA orders to spy on opposition political party &; duly elected President based on Clinton’s drunken Russia-Trump collusion lie?  1/2 @ReallyAmerican1 https://t.co/gbgjpq8W5l,When will Democrats be held accountable for insurrectionist efforts to overturn the 2016 election with 4 illegal FISA orders to spy on opposition political party &; duly elected President based on Clinton’s drunken Russia-Trump collusion lie? 1/2,0.3816,0,0,0
Misc,EN32,Other,1314402466117500929,"@4kshatra This is on par with the Oregon right-wingers that heard ""BLM"" on forest firefighter radio scanners and assumed that Black Lives Matter and Antifa started the fires instead of that the Bureau of Land Management had been coordinating the firefighting.","This is on par with the Oregon right-wingers that heard ""BLM"" on forest firefighter radio scanners and assumed that Black Lives Matter and Antifa started the fires instead of that the Bureau of Land Management had been coordinating the firefighting.",0.31728000000000006,0,0,0
Misc,EN32,False,1308768714905583619,"@Tacticus22 @DanScavino @GOPChairwoman That doesn't include all deaths caused by blm and antifa who violently murdered folks in the streets, and started wild fires and killed many by arson, looting, and rioting","That doesn't include all deaths caused by blm and antifa who violently murdered folks in the streets, and started wild fires and killed many by arson, looting, and rioting",0.32256000000000007,0,0,0
Misc,EN33,False,1510875058470031360,"Science Times : 27/3/22 ""Bill Gates is now interested in dimming the light from the sun or reflect the sunlight away from the Earth's surface. Together with other private donors, they are backing the Solar Geoengineering Research Program from  researchers of Harvard University.""","Science Times : 27/3/22 ""Bill Gates is now interested in dimming the light from the sun or reflect the sunlight away from the Earth's surface. Together with other private donors, they are backing the Solar Geoengineering Research Program from researchers of Harvard University.""",0.11144000000000001,0,0,0
Misc,EN34,Other,1511488868595474435,I missed this. I try my best not to retweet either of them but @elonmusk’s response to Mark Zuckerberg’s lieutenant is delicious. https://t.co/kiZdbObep7,I missed this. I try my best not to retweet either of them but ’s response to Mark Zuckerberg’s lieutenant is delicious.,0.09248,0,0,0
Misc,EN35,False,1509709517117816832,"@NoLieWithBTC The election was stolen by The media, big tech, BLM, Soros, Steele, and particularly Hillary who paid for Trump’s campaign to be spied on and lied about! Are you aware of the Durham Report? Already been revealed big money was paid to subvert Trump’s campaign by Clinton. Facts!","The election was stolen by The media, big tech, BLM, Soros, Steele, and particularly Hillary who paid for Trump’s campaign to be spied on and lied about! Are you aware of the Durham Report? Already been revealed big money was paid to subvert Trump’s campaign by Clinton. Facts!",0.6003200000000001,1,0,0
Misc,EN36,False,1472659152103170050,Drinking grapefruit while taking medication can cause an instant overdose and or death.,Drinking grapefruit while taking medication can cause an instant overdose and or death.,0.09544000000000001,0,0,0
Misc,EN32,Other,1324419951072022530,"I was speaking to a colleague earlier about smoked hops. Apparently, due to the wildfires along the West Coast of the USA some crops have been smoked during peak maturation.  

Whilst this is obviously unintentional, smoke hopped beer actually sounds kinda cool.","I was speaking to a colleague earlier about smoked hops. Apparently, due to the wildfires along the West Coast of the USA some crops have been smoked during peak maturation. Whilst this is obviously unintentional, smoke hopped beer actually sounds kinda cool.",0.07768,0,0,0
Misc,EN31,Other,1327761461301682179,the people who say black lives matter and want to abolish ICE and are feminists and combat climate change and advocate for LGBTQ+ rights RELENTLESSLY but then go out to the bar during a fucking global pandemic that is killing people make ABSOLUTELY no sense to me,the people who say black lives matter and want to abolish ICE and are feminists and combat climate change and advocate for LGBTQ+ rights RELENTLESSLY but then go out to the bar during a fucking global pandemic that is killing people make ABSOLUTELY no sense to me,0.6636000000000001,1,0,0
Misc,EN38,Other,1494092001725140992,"cold as bals out side., bill gates government satelite hacking my ipad,,,","cold as bals out side., bill gates government satelite hacking my ipad,,,",0.08648,0,0,0
Misc,EN39,True,1504565009090691080,Fact check: Satirical claim that Biden is selling Alaska to Russia - USA TODAY https://t.co/9QHwdwFka0,Fact check: Satirical claim that Biden is selling Alaska to Russia - USA TODAY,0.40384000000000003,0,0,0
Misc,EN32,Other,1325832555954757632,"We're working with @GetFEA to create a report titled, “Impacts of 2020 Wildfires on West Coast Log Supply and Timber Markets.” We're offering an early discount price to sign up before Nov. 16. To find out more email dbattaglia@getfea.com https://t.co/z8ywcNUaQV #wildfires #timber https://t.co/C5jNar3T4o","We're working with to create a report titled, “Impacts of 2020 Wildfires on West Coast Log Supply and Timber Markets.” We're offering an early discount price to sign up before Nov. 16. To find out more email dbattaglia.com wildfires timber",0.08696000000000001,0,0,0
Misc,EN37,Other,1494811982779846661,@jloveenc @kaitainjones @coherentranter @itzkovitzing 20% of the birth certificate Repubs grew to 70% against Obama… maybe DJT tapped into a vein of blue collar working class resentment no idea and don’t care. Cheers.,20% of the birth certificate Repubs grew to 70% against Obama… maybe DJT tapped into a vein of blue collar working class resentment no idea and don’t care. Cheers.,0.27776000000000006,0,0,0
Misc,EN31,Other,1324311726314213378,@FitFounder The were Supreme Court historians and experts for awhile and I noticed that apparently many had spent years studying forest management and climate change during the California wildfires.,The were Supreme Court historians and experts for awhile and I noticed that apparently many had spent years studying forest management and climate change during the California wildfires.,0.07016,0,0,0
Misc,EN34,False,1508562296397873159,"Breaking 🔥🔥🔥🔥— “Special Counsel Finds #MarkZuckerberg $300 Million #Election Gift Violated #Wisconsin Bribery #Laws” #trump won #biden needs to be removed.
https://t.co/gf3a2vI1fQ 
https://t.co/KAyPWNsGpl",Breaking 🔥🔥🔥🔥— “Special Counsel Finds MarkZuckerberg $300 Million Election Gift Violated Wisconsin Bribery Laws” trump won biden needs to be removed.,0.12136000000000001,0,0,0
Misc,EN37,True,1495124787286454274,"@NicoleSilvers_ @20TrumpWon20 @Heebeejeebeez1 @CommodusJTrump Obama's birth certificate is not fake, liar.","Obama's birth certificate is not fake, liar.",0.13808,0,0,0
Misc,EN39,True,1502018746902323202,"Well, so glad to know that @USATODAY spends time ""fact checking"" a bloody satire website. I feel SOOO much safer now. How are you fools still in business? https://t.co/LEYUeIAdg5","Well, so glad to know that spends time ""fact checking"" a bloody satire website. I feel SOOO much safer now. How are you fools still in business?",0.10848000000000001,0,0,0
Misc,EN36,False,1470493776690954244,Today I found out that eating grapefruit while on antidepressants can be fatal. I’ve been playing Russian Roulette with my life. Starting to think someone doesn’t want me here.,Today I found out that eating grapefruit while on antidepressants can be fatal. I’ve been playing Russian Roulette with my life. Starting to think someone doesn’t want me here.,0.6547200000000001,1,0,0
Misc,EN38,False,1480113382464315392,"#Breaking Message

1/5

1999 Game #BillGates “had created”

#Omikron 

Wake Up #COVIDIOTS 
#COVID19 https://t.co/oobnPLZVtu",Breaking Message 1/5 1999 Game BillGates “had created” Omikron Wake Up COVIDIOTS COVID19,0.31288000000000005,0,0,0
Misc,EN32,Other,1308177279625822210,"Oh look: This arsonist who started a wildfire wasn’t antifa, or an anarchist, or a protester — just a sleazeball trying to steal pricey wood from a publicly owned forest. https://t.co/82IdQGOlRk","Oh look: This arsonist who started a wildfire wasn’t antifa, or an anarchist, or a protester — just a sleazeball trying to steal pricey wood from a publicly owned forest.",0.08688000000000001,0,0,0
Misc,EN31,True,1325955740503248896,"Large and destructive wildfires are not solely caused by climate change.  Poor forest management and human encroachment on wild lands have also played roles.

However, a shifting climate has made a difficult situation far worse.","Large and destructive wildfires are not solely caused by climate change. Poor forest management and human encroachment on wild lands have also played roles. However, a shifting climate has made a difficult situation far worse.",0.07536000000000001,0,0,0
Misc,EN36,Other,1495546938652979200,"Twitter sucks, but I can use it to show randos, friends, and colleagues how my lovely wife, @KristinBlackson, and I did to our backyard this weekend. It’s a little rough around the edges, but fun and productive (tomatoes, lemons, grapefruit, tiny apples, eggplant, w/grapes soon! https://t.co/COGeJWc167","Twitter sucks, but I can use it to show randos, friends, and colleagues how my lovely wife, , and I did to our backyard this weekend. It’s a little rough around the edges, but fun and productive (tomatoes, lemons, grapefruit, tiny apples, eggplant, w/grapes soon!",0.11392000000000001,0,0,0
Misc,EN31,Other,1325216964105523201,"Facing the realities of climate change and pressure for more sustainable forest management, OSU is considering taking control of the massive Elliot State Forest for purposes of conservation and scientific research. 
https://t.co/wswft3FwBF https://t.co/nU9s0JbArR","Facing the realities of climate change and pressure for more sustainable forest management, OSU is considering taking control of the massive Elliot State Forest for purposes of conservation and scientific research.",0.5658400000000001,1,0,0
Misc,EN39,True,1509261580122345473,"@spitterati @shtooky @caroltracy8 @NonyaBidness11 @Forbes @TheJusticeDept USA Today Factcheckers are so stupid they factchecked a satire site'
https://t.co/DlpCffzJOE",USA Today Factcheckers are so stupid they factchecked a satire site',0.31120000000000003,0,0,0
Misc,EN38,True,1474416082094112769,"@lisachristinect @Murder_Fancier Fact checkers say ⬇️ so must be true

https://t.co/Jy7SvWJ7Lw",Fact checkers say ⬇️ so must be true,0.134,0,0,0
Misc,EN34,False,1510273599365599239,"@mirandadevine @WSJ There is no legitimate reason. Only lame excuses.
-Undue influence in election.
-Add Zuckerberg bucks bribery.
-Add all the dead and illegitimate voters.
*Trump won.",There is no legitimate reason. Only lame excuses. -Undue influence in election. -Add Zuckerberg bucks bribery. -Add all the dead and illegitimate voters. *Trump won.,0.12016,0,0,0
Misc,EN35,False,1511310191865729028,"Shouldn’t Obama, Biden, Clinton should be investigated for trying to overturn the 2016 election with 4 illegal FISA orders to spy on opposition political party &; duly elected President based on Clinton’s drunken Russia-Trump collusion lie?  1/2 @joncoopertweets https://t.co/ay3znu30b7","Shouldn’t Obama, Biden, Clinton should be investigated for trying to overturn the 2016 election with 4 illegal FISA orders to spy on opposition political party &; duly elected President based on Clinton’s drunken Russia-Trump collusion lie? 1/2",0.35008,0,0,0
Misc,EN34,False,1508569411761979398,"So #Zuckerberg bribed the election official in #Wisconsin. Why isn't he in jail???
Milwaukee Officials Sued in Zuckerberg-Related Election Bribery Case https://t.co/DVzyNvR4Lz via @epochtimes",So Zuckerberg bribed the election official in Wisconsin. Why isn't he in jail??? Milwaukee Officials Sued in Zuckerberg-Related Election Bribery Case via,0.1068,0,0,0
Misc,EN32,False,1323340917118504960,@SarahTaber_bww My idiot ex-neighbors started a forest fire when the left a hot mower on dry leaves. I guess it was really antifa and not the fact they were hopeless tools. They also dumped ashes and burned wood from their fireplace in the woods. I celebrated when they moved.,My idiot ex-neighbors started a forest fire when the left a hot mower on dry leaves. I guess it was really antifa and not the fact they were hopeless tools. They also dumped ashes and burned wood from their fireplace in the woods. I celebrated when they moved.,0.5977600000000001,1,0,0
Misc,EN32,False,1319862310975033347,"@realDonaldTrump Ask Biden if the BLM and antifa are purposely spreading the WUHU Virus like they started all the wild fires Labour Day weekend...... also interesting how YOU got the WUHU right after the first drbate , and it suddenly spikes after the 2nd debate..... walks and talks like a duck!","Ask Biden if the BLM and antifa are purposely spreading the WUHU Virus like they started all the wild fires Labour Day weekend...... also interesting how YOU got the WUHU right after the first drbate , and it suddenly spikes after the 2nd debate..... walks and talks like a duck!",0.10848000000000001,0,0,0
Misc,EN33,False,1504556004129878020,"@Legitscrutiny1 Did (not a doctor) Bill finally get his sick plan to   block the sun using geo engineering 

https://t.co/HWCxLR1w4G",Did (not a doctor) Bill finally get his sick plan to block the sun using geo engineering,0.0912,0,0,0
Misc,EN38,True,1479128490339414017,"No game of that name was ever developed by Microsoft. 
A game called Omikron: The Nomad Soul was developed by some French studio in '99 and was released for Windows and Dreamcast. Nothing to do with Microsoft or Bill gates. A web search only takes seconds to perform... https://t.co/oGin8sQhWm",No game of that name was ever developed by Microsoft. A game called Omikron: The Nomad Soul was developed by some French studio in '99 and was released for Windows and Dreamcast. Nothing to do with Microsoft or Bill gates. A web search only takes seconds to perform...,0.096,0,0,0
Misc,EN35,False,1511056452777041925,@mnewla From the idiots who see nothing wrong with dems/Clinton actually colluding with a Russian for a fake dossier to present to FISA courts to spy on Trump/campaign and used that fake bs 4 years to throw him out.  There's the attempted coup!,From the idiots who see nothing wrong with dems/Clinton actually colluding with a Russian for a fake dossier to present to FISA courts to spy on Trump/campaign and used that fake bs 4 years to throw him out. There's the attempted coup!,0.8525600000000001,1,1,1
Misc,EN33,False,1511276688306487300,Bill Gates wants to block the sun because he's trying to hide from God.,Bill Gates wants to block the sun because he's trying to hide from God.,0.09440000000000001,0,0,0
Misc,EN31,Other,1327763227170791426,"watching climate change docs with my roommate, deeply upsetting vibes in our home rn","watching climate change docs with my roommate, deeply upsetting vibes in our home rn",0.0852,0,0,0
Misc,EN38,Other,1494095841459523586,@thebadstats The shoutout to Bill Gates for curing diseases is a nice touch lmao.,The shoutout to Bill Gates for curing diseases is a nice touch lmao.,0.08352000000000001,0,0,0
Misc,EN38,False,1491445533529247744,"“WAKE UP. PEOPLE OF OMIKRON AND IT’S CORRUPT GOVERNMENT ARE LULLING YOU TO SLEEP IN ORDER TO CONTROL YOU BETTER. THEY HAVE TRANSFORMED YOU INTO PUPPETS THAT ARE MANIPULATED BY ICKS AND THE DEMONS,” BOZ SAYS.
https://t.co/tOMJnDtCOb","“WAKE UP. PEOPLE OF OMIKRON AND IT’S CORRUPT GOVERNMENT ARE LULLING YOU TO SLEEP IN ORDER TO CONTROL YOU BETTER. THEY HAVE TRANSFORMED YOU INTO PUPPETS THAT ARE MANIPULATED BY ICKS AND THE DEMONS,” BOZ SAYS.",0.07824,0,0,0
Misc,EN31,False,1327129199996514304,"Trump replied: “It’ll start getting cooler. You just watch.” Trump, with a laugh, added: “I don’t think science knows, actually.” Trump largely blamed the wildfires on poor forest management practices.","Trump replied: “It’ll start getting cooler. You just watch.” Trump, with a laugh, added: “I don’t think science knows, actually.” Trump largely blamed the wildfires on poor forest management practices.",0.0828,0,0,0
Misc,EN38,True,1474544599179751424,"@KjetilBirger @KingAJ40 @Williams57Cj @CommodusJTrump The original video game, ""Omikron: The Nomad Soul,"" was created by Quantic Dream and distributed by Eidos Interactive. 

The game was released in November 1999 on the Microsoft Windows platform and was not developed by Microsoft or Gates.","The original video game, ""Omikron: The Nomad Soul,"" was created by Quantic Dream and distributed by Eidos Interactive. The game was released in November 1999 on the Microsoft Windows platform and was not developed by Microsoft or Gates.",0.08224000000000001,0,0,0
Misc,EN37,Other,1495185946203291649,"@morganhousel Anyone we choose is based on our values &; how wr look past their other sides.

Assuming alive, Gates or Obama.","Anyone we choose is based on our values &; how wr look past their other sides. Assuming alive, Gates or Obama.",0.30056000000000005,0,0,0
Misc,EN39,True,1502017775132413953,"""Our fact-check work is supported in part by a grant from Facebook."" 

Yeah, this is starting to make sense now 👇

Fact check: Satirical claim that Biden is selling Alaska to Russia https://t.co/xBHR0pmfvM via @usatoday","""Our fact-check work is supported in part by a grant from Facebook."" Yeah, this is starting to make sense now 👇 Fact check: Satirical claim that Biden is selling Alaska to Russia via",0.38264,0,0,0
Misc,EN37,Other,1494460130833973251,@samlo_xo I am surprised the lawyer didn't ask the NY AG to investigate Cinton's missing emails and Obama's birth certificate &; Hunter Biden's laptop😅,I am surprised the lawyer didn't ask the NY AG to investigate Cinton's missing emails and Obama's birth certificate &; Hunter Biden's laptop😅,0.12384,0,0,0
Misc,EN40,Other,1493851629333856257,"@KelatePok @Agent_Twig Fun bonus: The Prophet (pbuh) predicted the flipping of the Earth's magnetic field, and they're not even familiar with a compass. Not too bad for a desert dweller, no?","Fun bonus: The Prophet (pbuh) predicted the flipping of the Earth's magnetic field, and they're not even familiar with a compass. Not too bad for a desert dweller, no?",0.27808000000000005,0,0,0
Misc,EN33,False,1509626878637879312,@kylenabecker @MelanieEresman I remember when Bill Gates wanted to block the sun and all the sheep cheered. Fucking morons.,I remember when Bill Gates wanted to block the sun and all the sheep cheered. Fucking morons.,0.49536,0,0,0
Misc,EN39,Other,1505663506758180864,"@PressSec @POTUS I have a question for The Biden Administration , if Alaska is a prior Soviet state and Putin is planing too reconstitute /regain them, doesn’t that mean premeditated war? Well unless your gonna sell it back yet I don’t think Americans will be too happy .This war extends @Ukraine https://t.co/brD2GzGhIS","I have a question for The Biden Administration , if Alaska is a prior Soviet state and Putin is planing too reconstitute /regain them, doesn’t that mean premeditated war? Well unless your gonna sell it back yet I don’t think Americans will be too happy .This war extends",0.8657600000000001,1,1,1
Misc,EN39,Other,1509993010053926917,Why can't Alaska sell other energy to the world???  Answer-  Bidens war on us and his DOE holding the issuance of required permits.  Don't believe a word out of Bidens mouth.  This is Biden's Energy Crises on us Regular Americans . No one else to blame for it. https://t.co/mMMnaSbQKR,Why can't Alaska sell other energy to the world??? Answer- Bidens war on us and his DOE holding the issuance of required permits. Don't believe a word out of Bidens mouth. This is Biden's Energy Crises on us Regular Americans . No one else to blame for it.,0.5576000000000001,1,0,0
Misc,EN33,False,1509828580469096477,"Injecting yourself with Graphene-Oxide is about as smart as injecting clouds of metal into the atmosphere to block out the sun.

Thanks Bill Gates - the most evil person on the planet.

#CrimesAgainstHumanity",Injecting yourself with Graphene-Oxide is about as smart as injecting clouds of metal into the atmosphere to block out the sun. Thanks Bill Gates - the most evil person on the planet. CrimesAgainstHumanity,0.06304000000000001,0,0,0
Misc,EN32,False,1307588556735438849,"@SenSanders So--Antifa rioters start a few fires, and that was somehow caused by fossil fuel emissions? By the way, cars cause less CO2 than these forest fires.

I suppose that the burning buildings in Portland, Minneapolis, and Kenosha were also caused by climate change.","So--Antifa rioters start a few fires, and that was somehow caused by fossil fuel emissions? By the way, cars cause less CO2 than these forest fires. I suppose that the burning buildings in Portland, Minneapolis, and Kenosha were also caused by climate change.",0.07464000000000001,0,0,0
Misc,EN39,Other,1511430598786703361,@MSNBC @thereidout She wants to sell Alaska to Russia.,She wants to sell Alaska to Russia.,0.39768,0,0,0
Misc,EN37,Other,1495186011541975043,@DavidGorelick2 @washingtonpost Biden should have instituted financial constraints to impact Putin‘s decision a month ago. Biden &; the WH were weak; we’re seeing its consequences. Obama was the same way with Iran. We should have computers making these decisions because these 1-time Senators are noted pacifists.,Biden should have instituted financial constraints to impact Putin‘s decision a month ago. Biden &; the WH were weak; we’re seeing its consequences. Obama was the same way with Iran. We should have computers making these decisions because these 1-time Senators are noted pacifists.,0.41584,0,0,0
Misc,EN33,False,1509640003063742464,"@higzbozon It's a sun block plan.👇
https://t.co/Xdz3wcwTUV",It's a sun block plan.👇,0.11328,0,0,0
Misc,EN38,Other,1494089648355917834,"@sophiadahl1 seriously just f off bill gates, we live in a world where those who have accumulated obscene amounts of wealth have undue influence on politics and policies, we need stop that or else we will be in a never ending cycle of emergencies","seriously just f off bill gates, we live in a world where those who have accumulated obscene amounts of wealth have undue influence on politics and policies, we need stop that or else we will be in a never ending cycle of emergencies",0.13504,0,0,0
Misc,EN39,True,1503179151972642816,"Woke virtue signalling cannot stand satire.
https://t.co/1NHgMY9MJv",Woke virtue signalling cannot stand satire.,0.11408000000000001,0,0,0
Misc,EN32,Other,1325865741434974208,"@DonaldJTrumpJr Your dad hasn't done jack shit on drug pricing..Healthcare, climate control, farming problems, auto industry promises not fulfilled, wildfires on the west coast, lgbtq issues, race issues, division of the country, bullying everyone...I could go on and on...your dad's a tool.","Your dad hasn't done jack shit on drug pricing..Healthcare, climate control, farming problems, auto industry promises not fulfilled, wildfires on the west coast, lgbtq issues, race issues, division of the country, bullying everyone...I could go on and on...your dad's a tool.",0.28688,0,0,0
Misc,EN38,Other,1482631473597681672,Omikron The Video Game Released In 1999 With David Bowie - Predictive Programming? https://t.co/NEz3M2yb97 #Omicron #OmicronVariant #davidbowie #videogame #videogames,Omikron The Video Game Released In 1999 With David Bowie - Predictive Programming? Omicron OmicronVariant davidbowie videogame videogames,0.06768,0,0,0
Misc,EN39,False,1502543643332296708,"https://t.co/AQltClZgb9

""Politicians on both sides of the political aisle criticized Biden for selling Alaska without giving them enough time to sneak friends and family onto the boards of newly-relevant Russian oil companies.""","""Politicians on both sides of the political aisle criticized Biden for selling Alaska without giving them enough time to sneak friends and family onto the boards of newly-relevant Russian oil companies.""",0.6349600000000001,1,0,0
Misc,EN31,False,1327683785664630785,"@christine_w86 Climate change has been going on since the beginning of the Earth and will continue. 
Anyone saying that the fires in Cal. we’re caused my Megas and not poor forest management are Idiots. 
My DEPLORABLE Brother putting his life on the line for you IDIOTS https://t.co/FeF5CWaCla",Climate change has been going on since the beginning of the Earth and will continue. Anyone saying that the fires in Cal. we’re caused my Megas and not poor forest management are Idiots. My DEPLORABLE Brother putting his life on the line for you IDIOTS,0.28840000000000005,0,0,0
Misc,EN31,Other,1325942153965674500,Identifying decision-relevant uncertainties for dynamic adaptive forest management under climate change https://t.co/klGEyOKeDo #climatechange,Identifying decision-relevant uncertainties for dynamic adaptive forest management under climate change climatechange,0.07632,0,0,0
Misc,EN36,Other,1484225686994882560,lol ppl don’t know the adult version of me .only the little timid quiet child /teen me. I been outgrew that shit confident in myself and my abilities . I have big balls my balls the size of a grapefruit. I talk less and listen observe more. Ain’t never been scared to take a risk,lol ppl don’t know the adult version of me .only the little timid quiet child /teen me. I been outgrew that shit confident in myself and my abilities . I have big balls my balls the size of a grapefruit. I talk less and listen observe more. Ain’t never been scared to take a risk,0.29592000000000007,0,0,0
Misc,EN31,Other,1327763155838267392,"Join an online edit-a-thon to contribute climate change information to Wikipedia

https://t.co/FxGmvFYW9T",Join an online edit-a-thon to contribute climate change information to Wikipedia,0.08272,0,0,0
Misc,EN38,False,1482979899556179972,"Bill Gates' Microsoft released the game Omikron in 1999 which is about
demons pretending to be human to harvest their souls.

""What a literal strange 'coincidence'."" 
Yes indeed my friend, yes indeed. 
https://t.co/4xpnc1I5mX","Bill Gates' Microsoft released the game Omikron in 1999 which is about demons pretending to be human to harvest their souls. ""What a literal strange 'coincidence'."" Yes indeed my friend, yes indeed.",0.08016000000000001,0,0,0
Misc,EN34,False,1510725749119983617,"@GitchiGamiFan @BigBluexlt The Office of Special Counsel, headed by retired state Supreme Court Justice Michael Gableman was AFTER the election &; mirrored the findings of the Thomas More Society. Both investigations ruled the money as bribery. Zuckerberg was named in the report PERSONALLY.","The Office of Special Counsel, headed by retired state Supreme Court Justice Michael Gableman was AFTER the election &; mirrored the findings of the Thomas More Society. Both investigations ruled the money as bribery. Zuckerberg was named in the report PERSONALLY.",0.12952,0,0,0
Misc,EN34,False,1509889328092262401,"Special Counsel Finds Mark Zuckerberg’s Election Money Violated Wisconsi... Election Bribe Millions
https://t.co/U2akdjmdgq via @YouTube",Special Counsel Finds Mark Zuckerberg’s Election Money Violated Wisconsi... Election Bribe Millions via,0.12408000000000001,0,0,0
Misc,EN38,False,1480119454692478979,"#Breaking Message

3/5

1999 Game #BillGates “had created”

#Omikron 

Wake Up #COVIDIOTS 
#COVID19 https://t.co/W8IDuIPN0w",Breaking Message 3/5 1999 Game BillGates “had created” Omikron Wake Up COVIDIOTS COVID19,0.29088,0,0,0
Misc,EN36,False,1488672191222890498,"""So, how's the transition to school going. Do You know that You can Literally overdose on grapefruit. Eating an entire shoe on a bet and the","""So, how's the transition to school going. Do You know that You can Literally overdose on grapefruit. Eating an entire shoe on a bet and the",0.12536,0,0,0
Misc,EN37,Other,1494704468289634314,@RealDonVader1 @06Johnjay I'm surprised they didn't bring up Obama's Birth Certificate yet. 😏,I'm surprised they didn't bring up Obama's Birth Certificate yet. 😏,0.09272,0,0,0
Misc,EN31,False,1325976601146822659,@L17ringz @PlaceConnor5 @FrostBurn26 @trustgod_94 @kylekuzma @Mr_America_1776 You think the fires have more to do with emissions than it does forest management?? If you properly take care of your forests your far less likely to have these massive wildfires. Climate change is real but it’s inevitable. The earth thousands of years ago had emissions 2x todays,You think the fires have more to do with emissions than it does forest management?? If you properly take care of your forests your far less likely to have these massive wildfires. Climate change is real but it’s inevitable. The earth thousands of years ago had emissions 2x todays,0.61904,1,0,0
Misc,EN31,Other,1327608271251910656,"@zaploi @Scorpio05365134 @BaeVictus @RSorokanich I'm not going to deny climate change. You'll get no argument from me there.
But California has been terribly managed in recent years, and the forest management in one example. You can't just have a huge area of dry tinder like that","I'm not going to deny climate change. You'll get no argument from me there. But California has been terribly managed in recent years, and the forest management in one example. You can't just have a huge area of dry tinder like that",0.08728000000000001,0,0,0
Misc,EN38,True,1478100179786117122,"So there was a game released in 1999/2000 called Omikron. People are linking it to Bill Gates, although ""Fact Checkers"" are saying there's no connection. Interesting to see that is was created by Sega Dreamcast, who coincidentally partnered with Microsoft in 1998. 🤨","So there was a game released in 1999/2000 called Omikron. People are linking it to Bill Gates, although ""Fact Checkers"" are saying there's no connection. Interesting to see that is was created by Sega Dreamcast, who coincidentally partnered with Microsoft in 1998. 🤨",0.13256,0,0,0
Misc,EN31,Other,1327323538085318656,@MPavanne @alaBLUma @skyallred @RealSaavedra 2/3s of the forests in California are on FEDERAL land. So who’s responsible for forest management on FEDERAL land?  Oh!! That would be the FEDERAL government. Who can’t find their ass with both hands under Trump. In ANY dept. other than how to steal money.,2/3s of the forests in California are on FEDERAL land. So who’s responsible for forest management on FEDERAL land? Oh!! That would be the FEDERAL government. Who can’t find their ass with both hands under Trump. In ANY dept. other than how to steal money.,0.26720000000000005,0,0,0
Misc,EN34,False,1508531415633309702,"""This is representative of a national trend,"" Thomas More Society Special Counsel Erick Kaardal said in a press release. ""Sixteen states have now passed legislation to ban or regulate the acceptance and use of private funds by public election officers. https://t.co/vzLBOSIAd9","""This is representative of a national trend,"" Thomas More Society Special Counsel Erick Kaardal said in a press release. ""Sixteen states have now passed legislation to ban or regulate the acceptance and use of private funds by public election officers.",0.28976,0,0,0
Misc,EN37,Other,1494946508608733188,@GondorffShaw thanks for the rec shaw let me finish looking into obama's birth certificate first,thanks for the rec shaw let me finish looking into obama's birth certificate first,0.12368000000000001,0,0,0
Misc,EN38,Other,1494089834603941891,Thinking about the young hot baddie who gets to spend Bill Gates'  money :')  One Day I will know such a bountiful life https://t.co/Z5EIISXxuF,Thinking about the young hot baddie who gets to spend Bill Gates' money :') One Day I will know such a bountiful life,0.07360000000000001,0,0,0
Misc,EN34,False,1510476099591020545,"@4AnimalLife @amandacarpenter LOL, thats a comical deflection and propaganda. Do you work for Zuckerberg? It's not Congress' job to fund local elections. Are you saying Pelosi refused to help Democrats? You're the conspiracy theorist with the BS you are peddling.

https://t.co/MEIFX02q4d","LOL, thats a comical deflection and propaganda. Do you work for Zuckerberg? It's not Congress' job to fund local elections. Are you saying Pelosi refused to help Democrats? You're the conspiracy theorist with the BS you are peddling.",0.29776,0,0,0
Misc,EN35,Other,1511491611099869184,"Grifters gonna grift like the twice impeached, one term loser they worship.
Pro-Trump PAC chief charged with Ponzi scheme blames Hillary Clinton for his legal woes https://t.co/sl1sri8LUi","Grifters gonna grift like the twice impeached, one term loser they worship. Pro-Trump PAC chief charged with Ponzi scheme blames Hillary Clinton for his legal woes",0.06744,0,0,0
Misc,EN39,Other,1511374921380864005,Alaska is next door to Russia because hello America is Asia,Alaska is next door to Russia because hello America is Asia,0.36552,0,0,0
Misc,EN39,True,1502684963690450948,Babylon Bee humbly retracts their ‘false and […] entirely made up’ story about Joe Biden selling Alaska to Russia after USA Today fact-check https://t.co/B43sHjtoum,Babylon Bee humbly retracts their ‘false and […] entirely made up’ story about Joe Biden selling Alaska to Russia after USA Today fact-check,0.41464,0,0,0
Misc,EN33,Other,1499450119602819072,"@PierrePoilievre Will you end solar radiation management over our country or will you ignore that as well and say we have a climate crisis like most want us to believe?
Google it. Here is a starter point.  https://t.co/p3myaGTByl",Will you end solar radiation management over our country or will you ignore that as well and say we have a climate crisis like most want us to believe? Google it. Here is a starter point.,0.09336,0,0,0
Misc,EN39,Other,1502743672806330369,@hrkbenowen WE ACTUALLY HAVE ENOUGH OIL TO BE DRILLED IN ALASKA TO SUPPLY THE ENTIRE COUNTRY AND ALSO SELL TO EUROPE IF BIDEN WOULD RENEW THE LEASES THERE AND ALLOW PIPELINES TO BE RUN ACROSS FEDERAL OWNED LAND TO THE AMERICAN REFINERIES AND THEN TO THE PEOPLE. AT LEAST 81 MILLION WOULD AGRE,WE ACTUALLY HAVE ENOUGH OIL TO BE DRILLED IN ALASKA TO SUPPLY THE ENTIRE COUNTRY AND ALSO SELL TO EUROPE IF BIDEN WOULD RENEW THE LEASES THERE AND ALLOW PIPELINES TO BE RUN ACROSS FEDERAL OWNED LAND TO THE AMERICAN REFINERIES AND THEN TO THE PEOPLE. AT LEAST 81 MILLION WOULD AGRE,0.10072,0,0,0
Misc,EN36,True,1470402353962663939,"@EilonKnighton This is enlightening: https://t.co/d5SxBjyObd instead of 'fatal', it'll likely cause drowsiness for anti-depressants. It's more serious for blood-thinner users etc","This is enlightening: instead of 'fatal', it'll likely cause drowsiness for anti-depressants. It's more serious for blood-thinner users etc",0.12344000000000001,0,0,0
Misc,EN40,Other,1511493822815129608,"The “new age” movement is basically 4 Chan and religion for liberal people. They really go around talking about new worlds,lizard ppl,flat earth,anti vaxx stuff etc and so called “spiritual” ppl believe every word of it. Then when u ask for a source they link u to a YouTube video","The “new age” movement is basically 4 Chan and religion for liberal people. They really go around talking about new worlds,lizard ppl,flat earth,anti vaxx stuff etc and so called “spiritual” ppl believe every word of it. Then when u ask for a source they link u to a YouTube video",0.36272,0,0,0
Misc,EN31,Other,1324595608943026176,@LadyPoop2 @WhatsYo70344542 @ChrystelLewis @NairbOtto @jtkrpm @VaderVanella @antoniodjtone @VinnyCampagna2 @smakhanian @HannersKp @TalkToMeForReal @gammirules @voiceofacanuck @Sylvia_got_it @yzorderrex @DaGodAkbar @kb3124 @DiamondLynne1 @JCampbellVA75 @jaytee99067106 @dad_darius @jaggerbuddha @den4865 @Sbh08Mae @Myminimine @SurfnFitnes @oldbowers @SueZieCue @trawetsla @HouseDemocrats @icowrich @DanHaarColumns @DavidCornDC @Kurt_Vonnegut @sethmeyers @TOIKolkata @TKokkinakis @claudiajordan @Ladow_frowsh @atrupar @JohnKingCNN @kilmeade @JudyWoodruff @DomenicoNPR @NPRKelly @BrianLehrer @JoeBiden @maggieNYT @yashar I hope Trump didn't call the PM talking that forest management crap?,I hope Trump didn't call the PM talking that forest management crap?,0.11288000000000001,0,0,0
Misc,EN35,False,1510385375688028162,"@Strandjunker You mean for broadcasting all the stories that MSM buried  The proof that the Clinton Foundation created / paid for the Russia Hoax, spied on the Trump Office, That the Stormy Daniels scandal was a lie. The constant lies Biden tells, the Hunter lap top and all the money deals.","You mean for broadcasting all the stories that MSM buried The proof that the Clinton Foundation created / paid for the Russia Hoax, spied on the Trump Office, That the Stormy Daniels scandal was a lie. The constant lies Biden tells, the Hunter lap top and all the money deals.",0.35808,0,0,0
Misc,EN36,Other,1487695978736013315,@ShitValueFund @PVCharts_TA Citricidal ie grapefruit seed extract is very effective as a non-prescription anti-parasitic. And I have no doubt it deals with latent toxoplasmosis (a risk factor with viral infections). I use it as no chance of getting Ivermectin in UK.,Citricidal ie grapefruit seed extract is very effective as a non-prescription anti-parasitic. And I have no doubt it deals with latent toxoplasmosis (a risk factor with viral infections). I use it as no chance of getting Ivermectin in UK.,0.13136,0,0,0
Misc,EN39,Other,1505895760197525508,#Americans need to #wakeup to the #climatechange and #Biden manipulation narratives for not considering DOMESTIC #Oil Reserves 18 bbls and energy independence.  (#NPR-A ) Let Alaska Sell American Energy to the World #Ukraine #Putin #Russia https://https://t.co/sc7xC9WMQS,Americans need to wakeup to the climatechange and Biden manipulation narratives for not considering DOMESTIC Oil Reserves 18 bbls and energy independence. (NPR-A ) Let Alaska Sell American Energy to the World Ukraine Putin Russia,0.93864,1,1,1
Misc,EN31,True,1327061780888055809,"@jsermania @hibaakaiko @TheRealJojopoop @GraMastrFlash @BanTooRGOD @RightMatters1 @jacky_bird @RafiKhan636 @realDonaldTrump @ChanelRion @OANN Fires in California this year are worse than they have ever been. It’s not like they didn’t manage their forests this year or something, it’s because it’s hotter and drier because of climate change. Forest management and fire severity aren’t related in this way your saying lol","Fires in California this year are worse than they have ever been. It’s not like they didn’t manage their forests this year or something, it’s because it’s hotter and drier because of climate change. Forest management and fire severity aren’t related in this way your saying lol",0.07296000000000001,0,0,0
Misc,EN32,False,1311388040175075330,"Sorry ANTIFA, but Biden is denying your existence.

We know you've been working so hard burning crap down, vandalize, you even started a few wild fires.

 It must hurt to not matter to Biden.  

You're just an idea, not people, not things, not a movement.

Joe is an #ANTIFAdenier","Sorry ANTIFA, but Biden is denying your existence. We know you've been working so hard burning crap down, vandalize, you even started a few wild fires. It must hurt to not matter to Biden. You're just an idea, not people, not things, not a movement. Joe is an ANTIFAdenier",0.12984,0,0,0
Misc,EN37,Other,1494738697736146946,"@LouDobbs What ever happened with Obama’s birth certificate?

Benghazi?

Where is Hunter’s imaginary laptop?",What ever happened with Obama’s birth certificate? Benghazi? Where is Hunter’s imaginary laptop?,0.07592,0,0,0
Misc,EN32,Other,1319421434423398400,"@AlKapDC I know perfectly lovely humans from Denver who believe Antifa started the forest fires.

They do FB, not 4Chan.","I know perfectly lovely humans from Denver who believe Antifa started the forest fires. They do FB, not 4Chan.",0.12792,0,0,0
Misc,EN32,Other,1317878278234034176,@RepJasonCrow Bullshit. What’s the cause of these fires? Arsonists? Democrats? BLM? Antifa? Lightning?  Forest mismanagement? Let’s start there asshole before pursuing your economic destroying Green New Deal. Asshole,Bullshit. What’s the cause of these fires? Arsonists? Democrats? BLM? Antifa? Lightning? Forest mismanagement? Let’s start there asshole before pursuing your economic destroying Green New Deal. Asshole,0.53488,1,0,0
Misc,EN31,Other,1327761789833113602,Climate change will make large swathes of USA uninhabitable or miserable places to live. #ClimateImpacts #USAclimate #Anthropocene #ClimateMigration  https://t.co/OOmqQDZ07S,Climate change will make large swathes of USA uninhabitable or miserable places to live. ClimateImpacts USAclimate Anthropocene ClimateMigration,0.12936,0,0,0
Misc,EN40,Other,1496485443579359239,"The article starts with questions about smartphone battery and satellite signal, but what about inaccurate map and shifting earth magnetic field?
3 Basic Compass Skills Everyone Should Learn https://t.co/ZQ7UKnzKIG","The article starts with questions about smartphone battery and satellite signal, but what about inaccurate map and shifting earth magnetic field? 3 Basic Compass Skills Everyone Should Learn",0.47528,0,0,0
Misc,EN33,False,1508152644141031430,"main reason is their melanoma and cancer rates are soaring,you knew it wouldnt be too long before they started going that route and finding slternative ways to survive. You got Elon musk trying to colonize Mars and you got Bill Gates trying to takeover the food and block the sun https://t.co/9Glu0TnzgN","main reason is their melanoma and cancer rates are soaring,you knew it wouldnt be too long before they started going that route and finding slternative ways to survive. You got Elon musk trying to colonize Mars and you got Bill Gates trying to takeover the food and block the sun",0.12384,0,0,0
Misc,EN31,Other,1325447984071405569,"@VladGutman It was sorta a joke... sorry. but yes, - there has been some increased “forest management” to reduce fuel load (deadfall, undergrowth); a *contributor* to wildfire but not the sole cause as he suggested (what, climate change?)!","It was sorta a joke... sorry. but yes, - there has been some increased “forest management” to reduce fuel load (deadfall, undergrowth); a *contributor* to wildfire but not the sole cause as he suggested (what, climate change?)!",0.07952000000000001,0,0,0
Misc,EN38,False,1473625512111222786,Gates 1999 MS game called omikron https://t.co/5gMyo2tMan,Gates 1999 MS game called omikron,0.06248000000000001,0,0,0
Misc,EN32,Other,1324524725209604096,@MarkRuffalo Remember the stupid Impeach DEM FAIL ? That was a distraction that further spread COVID....while the west coast waited for annual Wildfires to DO NOTHING! Let the animals burn alive in WILDFIRES/climate whiners https://t.co/QgSi42g0q9 Mars People04 @EliseHarris @BillNye @JoeRogan https://t.co/WhxpAo7kn3,Remember the stupid Impeach DEM FAIL ? That was a distraction that further spread COVID....while the west coast waited for annual Wildfires to DO NOTHING! Let the animals burn alive in WILDFIRES/climate whiners Mars People04,0.31656000000000006,0,0,0
Misc,EN40,Other,1511488342579425280,We are the dinosaurs marching marching we are the dinosaurs what do ya think of that we are the dinosaurs marching marching we are the dinosaurs we make the earth flat we make the earth flat,We are the dinosaurs marching marching we are the dinosaurs what do ya think of that we are the dinosaurs marching marching we are the dinosaurs we make the earth flat we make the earth flat,0.11688000000000001,0,0,0
Misc,EN31,Other,1327762187952164864,"Happy to support Michael on this one.

We need to quickly come up with a workable way to get agriculture working for climate change action. https://t.co/fm2HdQQizo",Happy to support Michael on this one. We need to quickly come up with a workable way to get agriculture working for climate change action.,0.11024,0,0,0
Misc,EN34,False,1508902546198437896,"@CBSNews Breaking!
Biden Election Fraud
Three Milwaukee, Wisconsin, officials being accused of illegally taking ""Zuck Bucks"" money funneled by Zuckerberg to facilitate illegal voting by purchasing absentee ballot drop boxes, among other things, according to a lawsuit filed Friday!","Breaking! Biden Election Fraud Three Milwaukee, Wisconsin, officials being accused of illegally taking ""Zuck Bucks"" money funneled by Zuckerberg to facilitate illegal voting by purchasing absentee ballot drop boxes, among other things, according to a lawsuit filed Friday!",0.09152,0,0,0
Misc,EN32,Other,1323599963817914369,@criticalview84 @declanganley @SkyNews Yawn the only state that was burning was California because of forest fires but oh I forgot science isn’t real in your eyes....Antifa starts those fires right 😆,Yawn the only state that was burning was California because of forest fires but oh I forgot science isn’t real in your eyes....Antifa starts those fires right 😆,0.39184,0,0,0
Misc,EN35,False,1509714772975144960,"@Deetrain90 @ohgheez @JosephPMatron @atrupar Put it in perspective. Trump &; many of his supporters thought the election was stolen based on thousands of sworn affidavits, &; wanted it investigated. Hillary Clinton's supporters thought the 2016 election was stolen because she paid a British spy to create a false Dossier.","Put it in perspective. Trump &; many of his supporters thought the election was stolen based on thousands of sworn affidavits, &; wanted it investigated. Hillary Clinton's supporters thought the 2016 election was stolen because she paid a British spy to create a false Dossier.",0.12408000000000001,0,0,0
Misc,EN33,False,1490999219423178753,@DaveNestor22 Gates and other idiots have been putting poison into the atmosphere for a very long time https://t.co/p3myaGU9nT,Gates and other idiots have been putting poison into the atmosphere for a very long time,0.33528,0,0,0
Misc,EN36,Other,1495547041186992130,"I'm late to the party but It goes:

1. Little man

2. Ali

3. The dinner lady ""she's on the grapefruit diet... Don't tempt her""","I'm late to the party but It goes: 1. Little man 2. Ali 3. The dinner lady ""she's on the grapefruit diet... Don't tempt her""",0.07288,0,0,0
Misc,EN39,False,1504078637557063682,"Does Russia actually think we’d give them Alaska back?? Come to think of it, the corrupt biden administration would probably sell it to them if he thought there was a dollar in it for him. 😡","Does Russia actually think we’d give them Alaska back?? Come to think of it, the corrupt biden administration would probably sell it to them if he thought there was a dollar in it for him. 😡",0.37504,0,0,0
Misc,EN34,Other,1511484312276901891,Parents now: Oh I’m going to knock you into the metaverse and you’ll be stuck with Mark Zuckerberg keep playing with me! #gameover,Parents now: Oh I’m going to knock you into the metaverse and you’ll be stuck with Mark Zuckerberg keep playing with me! gameover,0.13968,0,0,0
Misc,EN34,False,1508572763933585411,"Milwaukee Officials Face Zuckerberg-Related Election Bribery Lawsuit
https://t.co/hd9cPJ2nqQ",Milwaukee Officials Face Zuckerberg-Related Election Bribery Lawsuit,0.13768,0,0,0
Misc,EN40,True,1496451881753006082,"Therefore, at the poles, the compass needle will point towards the inside of the earth to align itself with the magnetic field. This is why a compass needle will point downward at the north pole and upward at the south pole.","Therefore, at the poles, the compass needle will point towards the inside of the earth to align itself with the magnetic field. This is why a compass needle will point downward at the north pole and upward at the south pole.",0.80232,1,1,1
Misc,EN31,Other,1324870620853788673,"“Our study demonstrates another example of how forest management can provide solutions related to climate change and past forest management practices.” 

- #HumboldtState's Jeffrey Kane. 

https://t.co/9A63VtGCwT",“Our study demonstrates another example of how forest management can provide solutions related to climate change and past forest management practices.” - HumboldtState's Jeffrey Kane.,0.09672,0,0,0
Misc,EN34,Other,1511483117424582659,"@egoraptor According to this song, the final boss is Mark Zuckerberg

""No, not the real person, just a rock of those words""

https://t.co/KNHPr5V6mi","According to this song, the final boss is Mark Zuckerberg ""No, not the real person, just a rock of those words""",0.35896,0,0,0
Misc,EN40,Other,1506779258974220288,"@BTheorists Personally, I'm perfectly happy for these albatrosses to tie themselves around each other's necks. They taint each other by their choice to associate. The inaugural meeting of The Australian Flat Earth, Covid Conspiracy &; Demagnetised Moral Compass Society. #auspol","Personally, I'm perfectly happy for these albatrosses to tie themselves around each other's necks. They taint each other by their choice to associate. The inaugural meeting of The Australian Flat Earth, Covid Conspiracy &; Demagnetised Moral Compass Society. auspol",0.30896000000000007,0,0,0
Misc,EN34,False,1508160654359756805,"Zuckerberg needs to be behind bars!

Milwaukee Officials Sued in Zuckerberg-Related Election Bribery Case

https://t.co/kFurzEHi1x",Zuckerberg needs to be behind bars! Milwaukee Officials Sued in Zuckerberg-Related Election Bribery Case,0.12656,0,0,0
Misc,EN32,False,1314019794308325376,@SenSchumer @SenateDems Forest management would be a good start... and stopping ANTIFA from starting fires.,Forest management would be a good start... and stopping ANTIFA from starting fires.,0.13896,0,0,0
Misc,EN40,Other,1511488628891045888,@MichaelSteidel @KayeTatton @Tobga_ @pauledevans @TheRealEggman @doctorbuttons @gatheredwaters @LaikaAndYuri @PTroubleshooter @badibulgator @garethkett @SBhavikh @GlobalizationWw @earthisaglobe @watermole6 @itisjustmebabe @NoLongerThatGuy @ken_caudle @JMichaelsonUT @Motodude @JoeEason1 @Earth_is_FLAT_ @keigh_see @LiquidLight89 @telohno @DMR2cor520 @C8red8r @PrismPrime @ChickenQuantum @JohnnyD_cm @ZoomDi @AstroYogi101 @MarroniDean @ReillyOToole1 @jameswzegan85 @Trilluminarian @spotarse @CallMeEOnly @AiNaTow @TheEarthIsFlat2 @_Casaxova @SurferCosmic @Kev_in_Canada @FlatEarthD @Capt_Scorch @MaidelK @AustralisPiper @_hiddenagenda @JesusTruth1 @ericdubay I am highly educated! I've been to one the highest esteemed universities in Northern Europe! I am also a fellow of the Flat Earth Society. Yes my high IQ does rub people up sometimes but these are one of life's trials .,I am highly educated! I've been to one the highest esteemed universities in Northern Europe! I am also a fellow of the Flat Earth Society. Yes my high IQ does rub people up sometimes but these are one of life's trials .,0.07056000000000001,0,0,0
Misc,EN36,Other,1495522009551364100,@teatrodellavita ur so loyal to the grapefruit one,ur so loyal to the grapefruit one,0.12592,0,0,0
Misc,EN36,Other,1479139421224161288,"At risk of sounding 80, I’m fair enjoying a red grapefruit these days","At risk of sounding 80, I’m fair enjoying a red grapefruit these days",0.08392000000000001,0,0,0
Misc,EN37,True,1494538727284224001,@djdunn2000 Obama's birth certificate has been public for years.,Obama's birth certificate has been public for years.,0.13152,0,0,0
Misc,EN40,True,1496457942748573699,"Fact check: A compass is oriented to the Earth's magnetic field lines, doesn't prove flat earth https://t.co/HzyHexqg64 via @usatoday","Fact check: A compass is oriented to the Earth's magnetic field lines, doesn't prove flat earth via",0.30968000000000007,0,0,0
Misc,EN36,Other,1495521588896317447,grapefruit + new coat + golden hour :) https://t.co/X2EcIyj9oU,grapefruit + new coat + golden hour :),0.10504,0,0,0
Misc,EN40,Other,1498044556125696002,". . .
Magnetic Shift 2 x Poles + 1 Center.  How to track Future Volcanic events?  Please check Triangulation for earth center and calculate ((Surface) &lt;Temperatures&gt;)) from North and South pole + Change in phase shift -180 or +180... output in Degrees?  Compass AI will help",. . . Magnetic Shift 2 x Poles + 1 Center. How to track Future Volcanic events? Please check Triangulation for earth center and calculate ((Surface) &lt;Temperatures&gt;)) from North and South pole + Change in phase shift -180 or +180... output in Degrees? Compass AI will help,0.30904000000000004,0,0,0
Misc,EN31,Other,1327761309518229512,This is just Greenwash not serious action to tackle climate change https://t.co/e2XFhgXurm,This is just Greenwash not serious action to tackle climate change,0.07880000000000001,0,0,0
Misc,EN36,Other,1495548345657532419,"having bought and eaten pomelo (which is the same as the word for grapefruit in some languages so I can understand the confusion), I deeply understand the need for this pomelo opener https://t.co/Blf8jlbzZo","having bought and eaten pomelo (which is the same as the word for grapefruit in some languages so I can understand the confusion), I deeply understand the need for this pomelo opener",0.09416000000000001,0,0,0
Misc,EN35,Other,1511488493997854723,Trump Wants Clinton-Appointed Judge Recused From $100 Million Racketeering Lawsuit Against Hillary https://t.co/9PhBjQraP7 via @TPInsidr,Trump Wants Clinton-Appointed Judge Recused From $100 Million Racketeering Lawsuit Against Hillary via,0.09304,0,0,0
Misc,EN38,Other,1494094832385642504,Bill Gates??? 😳 https://t.co/vaHNceezo5,Bill Gates??? 😳,0.12808,0,0,0
Misc,EN33,False,1508171782087348230,"@ezralevant Bill Gates: buys billions of dollars in farmland &; Monsanto/ GMO's..we must eat plant based food. We must move to alternative energy...We must block the sun for global warming.🤔
Little man is planning to control food &; energy...what could go wrong 😐",Bill Gates: buys billions of dollars in farmland &; Monsanto/ GMO's..we must eat plant based food. We must move to alternative energy...We must block the sun for global warming.🤔 Little man is planning to control food &; energy...what could go wrong 😐,0.61584,1,0,0
Misc,EN33,False,1508721651420057603,We don’t need sun block cracka🤣🤣 this is why bill gates trying to block the sun now y’all already dying out 🤣🤣the sun speeds that process up for u yts https://t.co/yDJuwfKowJ https://t.co/fqzTjLwawb,We don’t need sun block cracka🤣🤣 this is why bill gates trying to block the sun now y’all already dying out 🤣🤣the sun speeds that process up for u yts,0.06376000000000001,0,0,0
Misc,EN37,Other,1494471785596739587,"I watched our southern border, and snowing in that Barack Obama’s birth certificate is a good decision.","I watched our southern border, and snowing in that Barack Obama’s birth certificate is a good decision.",0.07216,0,0,0
Misc,EN38,Other,1490899821149888517,"Watch ""It’s Just a Video Game – Omikron"" on YouTube https://t.co/d1UmcqV20G 

👁️✝️🛐👁️🍞🕯️💧🌋👀👂🙏🏻⏳, 
Sounds like popeikon empire vs awakened","Watch ""It’s Just a Video Game – Omikron"" on YouTube 👁️✝️🛐👁️🍞🕯️💧🌋👀👂🙏🏻⏳, Sounds like popeikon empire vs awakened",0.10632,0,0,0
Misc,EN38,Other,1486904215209488384,"@3y3dia Soooo… 🤯
David Bowie was in a video game called 
Omikron 1999

https://t.co/54JgGDMvJr",Soooo… 🤯 David Bowie was in a video game called Omikron 1999,0.13968,0,0,0
Misc,EN32,True,1311988476439531520,"@02Halle_ellaH18 @usa67us @realDonaldTrump Everything is a conspiracy theory with these people (MAGAs). Antifa started forest fires, scientists a over the world are lying about climate change, doctors lying about covid, 9/11 an inside job...fucking nut jobs that rather believe in fairy tales than data","Everything is a conspiracy theory with these people (MAGAs). Antifa started forest fires, scientists a over the world are lying about climate change, doctors lying about covid, 9/11 an inside job...fucking nut jobs that rather believe in fairy tales than data",0.3108,0,0,0
Misc,EN38,True,1476473893468651521,"Reality check: Microsoft, David Bowie, Bill Gates, and a creepy video game called ‘Omikron’ https://t.co/gBJmadH2KE via @GeekWire","Reality check: Microsoft, David Bowie, Bill Gates, and a creepy video game called ‘Omikron’ via",0.38216,0,0,0
Misc,EN33,False,1506797955223011338,"@germor53 @awright_1983 Not saying you are wrong in any way mate but they are doing it around the world.
Courtesy of Bill Gates wanting to block the sun. https://t.co/p1ZimMh9jF",Not saying you are wrong in any way mate but they are doing it around the world. Courtesy of Bill Gates wanting to block the sun.,0.0804,0,0,0
Misc,EN38,True,1474125843073048579,"https://t.co/6g0QTjSWuI Looks like the Omikron game has nothing to do with Bill Gates, but David Bowie is up to his neck in it as usual. He gets about more than Loki does.","Looks like the Omikron game has nothing to do with Bill Gates, but David Bowie is up to his neck in it as usual. He gets about more than Loki does.",0.12448000000000001,0,0,0
Misc,EN36,False,1473740484925218816,"@CateTydd Cate, you might have just saved my life at breakfast. I take Lexapro and my mother just tried to feed me a grapefruit and cornflakes. i almost fatal overdosed on grapefruit.","Cate, you might have just saved my life at breakfast. I take Lexapro and my mother just tried to feed me a grapefruit and cornflakes. i almost fatal overdosed on grapefruit.",0.11448000000000001,0,0,0
Misc,EN31,Other,1324965369405042688,"Trump will say something truly HORRIFIC and IDIOTIC and media will re-state it in a professional, respectable tone, like ""Trump frustrated by CA Response to Wildfire Management."" Not ""Trump actually thinks you can rake leaves out of the entire forest.""","Trump will say something truly HORRIFIC and IDIOTIC and media will re-state it in a professional, respectable tone, like ""Trump frustrated by CA Response to Wildfire Management."" Not ""Trump actually thinks you can rake leaves out of the entire forest.""",0.27104000000000006,0,0,0
Misc,EN34,Other,1511479565134221320,Also the fact that at least 1% of the 6% we have is just Mark Zuckerberg’s net worth 🥲 https://t.co/amApvG1gzY,Also the fact that at least 1% of the 6% we have is just Mark Zuckerberg’s net worth 🥲,0.12848,0,0,0
Misc,EN39,False,1503878123330363395,@JoeBiden Please president biden don’t sell Alaska to Putin along with that california colony that Putin wants. I know for all you ppl reading this you may be thinking this is far fetched but that’s what Putin wants from US. Please be strong for once and dont allow this to happen,Please president biden don’t sell Alaska to Putin along with that california colony that Putin wants. I know for all you ppl reading this you may be thinking this is far fetched but that’s what Putin wants from US. Please be strong for once and dont allow this to happen,0.36936,0,0,0
Misc,EN37,True,1494835635466690562,@LindaResist @caslernoel More BULLSHIT to try to make Biden look bad That’s his agenda 1st was Obama now him With Hilary added in Revenge is his game Both Hilary&;Biden beat him Obama showed his birth certificate to prove him wrong,More BULLSHIT to try to make Biden look bad That’s his agenda 1st was Obama now him With Hilary added in Revenge is his game Both Hilary&;Biden beat him Obama showed his birth certificate to prove him wrong,0.26696000000000003,0,0,0
Misc,EN38,Other,1476255056693534720,@bellaxbunbun @biotoxin Anytime I read omicron I think of the video game Omikron: the nomad soul.,Anytime I read omicron I think of the video game Omikron: the nomad soul.,0.13992000000000002,0,0,0
Misc,EN40,Other,1494624717394874379,"@Imelchisedek @JoeEason1 @badibulgator @PTroubleshooter @MichaelSteidel @Michael98410246 @wired_dave @stefandeklerk91 @SrVerataro @MaidelK @ChickenQuantum @KayeTatton @garethkett @GraceArockin @mssilva74060669 @dens_wan @PrismPrime @ZoomDi @telohno @Earth_is_FLAT_ @keigh_see @doctorbuttons @LiquidLight89 @JMichaelsonUT @DMR2cor520 @C8red8r @Tobga_ @JohnnyD_cm @AstroYogi101 @LaikaAndYuri @MarroniDean @ReillyOToole1 @earthisaglobe @jameswzegan85 @Trilluminarian @spotarse @CallMeEOnly @AiNaTow @TheEarthIsFlat2 @_Casaxova @SurferCosmic @Kev_in_Canada @FlatEarthD @Capt_Scorch @AustralisPiper @_hiddenagenda @JesusTruth1 @noah_nonsense @Captainswoop1 @TakeThatDarwin Say that to their compass you clown. 

Penguins dont exist in the north. 

You lose! https://t.co/1bid9XfYNb",Say that to their compass you clown. Penguins dont exist in the north. You lose!,0.28424000000000005,0,0,0
Misc,EN34,Other,1511482257936052224,"Like
most Mark Zuckerberg,
parrots that make my
eyes water is  based on
Mark
Zuckerberg and sour fruits.","Like most Mark Zuckerberg, parrots that make my eyes water is based on Mark Zuckerberg and sour fruits.",0.06640000000000001,0,0,0
Misc,EN34,Other,1511480149509824518,these hoes would fuck Mark Zuckerberg if the opportunity presented itself.,these hoes would fuck Mark Zuckerberg if the opportunity presented itself.,0.27784000000000003,0,0,0
Misc,EN37,Other,1494478808056954882,"No! You are the most crupt evil son of a bitch(your words) to ever be elected! I have a copy of Obama birth certificate, you can have https://t.co/ElC83Zwwyx","No! You are the most crupt evil son of a bitch(your words) to ever be elected! I have a copy of Obama birth certificate, you can have",0.3284,0,0,0
Misc,EN32,True,1308432991878893574,"maybe corporate media has insular framing of debates, which is bad, and maybe youtube podcast type shows also have morons who think antifa starts forest fires, which is bad as well","maybe corporate media has insular framing of debates, which is bad, and maybe youtube podcast type shows also have morons who think antifa starts forest fires, which is bad as well",0.33528,0,0,0
Misc,EN39,False,1504125850500968448,@realDailyWire @TheBabylonBee thought of this first. Biden could sell Alaska to Russia and then the Russians could drill more oil in Alaska and sell it to the US which would somehow be better for climate change,thought of this first. Biden could sell Alaska to Russia and then the Russians could drill more oil in Alaska and sell it to the US which would somehow be better for climate change,0.6504800000000001,1,0,0
Misc,EN32,True,1312452204092039170,"@people_tribune Jfc. Its so out of hand already, but our ""freedom"" allows them to spread whatever the fuck they want. I was in absolutely shock when they actually pushed that antifa started the forest fires.","Jfc. Its so out of hand already, but our ""freedom"" allows them to spread whatever the fuck they want. I was in absolutely shock when they actually pushed that antifa started the forest fires.",0.48256,0,0,0
Misc,EN39,Other,1511443760399409152,@Kennethhalljr1 @newtgingrich I would like to see her remain in Alaska and keep an eye on Russia.,I would like to see her remain in Alaska and keep an eye on Russia.,0.37336,0,0,0
Misc,EN32,False,1312073119822221313,"@RealJamesWoods Mad how all the forest fires stop at the Canadian border and there’s been so many arrested for arson how many have lit fires and got away with it, you’d have to be some sort of evil POS to start a fire knowing your going to kill animals and even people, that’s Antifa for you!!","Mad how all the forest fires stop at the Canadian border and there’s been so many arrested for arson how many have lit fires and got away with it, you’d have to be some sort of evil POS to start a fire knowing your going to kill animals and even people, that’s Antifa for you!!",0.33664000000000005,0,0,0
Misc,EN31,Other,1327350447028400128,"@badjin_rank @photoartist9 @johnralloa @Peaches_Sabrina @kittyst0mper @FrankTompkins1 @CoxsTench @extremecompute @FrancaRose33 @Tampke @yammerapple @garner_forest @FlynDutchman466 @theHazelverse @rincewind_t @it_is_me_GH @RomanthaAries @mikeinmarlton @kristenschaaled @TheJeffBradley @insaneknight85 @BidenInsultBot To all you Trumpers bragging about his brilliant crisis management, has Trump spoken publicly about the raging spike in Covid cases in the past week?","To all you Trumpers bragging about his brilliant crisis management, has Trump spoken publicly about the raging spike in Covid cases in the past week?",0.1356,0,0,0
Misc,EN32,False,1308593256658161664,"@redpill_4 @wa_kin_gup @gatewaypundit According to that insurance business article, as of mid july their BLM activity had cost over $2 Billion and counting! Minnesota asked for a Federal Bailout $500M to repair the damages that the rioting that they ALLOWED? ANTIFA/BLM also started the forest fires in the WEST.","According to that insurance business article, as of mid july their BLM activity had cost over $2 Billion and counting! Minnesota asked for a Federal Bailout $500M to repair the damages that the rioting that they ALLOWED? ANTIFA/BLM also started the forest fires in the WEST.",0.06176000000000001,0,0,0
Misc,EN36,False,1488910634326675464,"""Grapefruit and other bitter citrus berries contain high levels of furanocoumarins.""
""For some medications, this ... poses the risk of a dangerous overdose.""
Well worth reading this. https://t.co/fX73pcKvYn","""Grapefruit and other bitter citrus berries contain high levels of furanocoumarins."" ""For some medications, this ... poses the risk of a dangerous overdose."" Well worth reading this.",0.12808,0,0,0
Misc,EN35,False,1511177360602710020,"@MollyJongFast There was no Russian collusion, no Russian dossier, Hillary Clinton and FBI spied on the Trump campaign and during his presidency, the Biden family is corrupt. Not lies, but MSM won't cover them","There was no Russian collusion, no Russian dossier, Hillary Clinton and FBI spied on the Trump campaign and during his presidency, the Biden family is corrupt. Not lies, but MSM won't cover them",0.67808,1,0,0
Misc,EN38,False,1474919758436843523,"In Omikron, demons pretend to be human to lure humans into Omikron. Then, if the player loses the game, their real-life sole is said to be lost.

1999 video game by MicroSoft hmmmm","In Omikron, demons pretend to be human to lure humans into Omikron. Then, if the player loses the game, their real-life sole is said to be lost. 1999 video game by MicroSoft hmmmm",0.35136,0,0,0
Misc,EN37,Other,1495185973352624131,i left obama in my freezer again mb bro,i left obama in my freezer again mb bro,0.10736,0,0,0
Misc,EN36,Other,1495537414957408258,"Grapefruit Records is quickly becoming one of my very favorite record labels. They put out *tons* of great releases, ranging from intelligently selected compilations to thorough excavations of the work of lesser known bands.","Grapefruit Records is quickly becoming one of my very favorite record labels. They put out *tons* of great releases, ranging from intelligently selected compilations to thorough excavations of the work of lesser known bands.",0.1384,0,0,0
Misc,EN31,Other,1324752111628886016,"I was in New York at the start of COVID and in Oregon during the wildfires. 

Trump has said COVID death numbers would be a lot better ""if you took the blue states out.""

Trump at first refused emergency wildfire aid in California, blaming the state for ""poor forest management.""","I was in New York at the start of COVID and in Oregon during the wildfires. Trump has said COVID death numbers would be a lot better ""if you took the blue states out."" Trump at first refused emergency wildfire aid in California, blaming the state for ""poor forest management.""",0.07200000000000001,0,0,0
Misc,EN38,False,1479972218725711874,"@rick_pittman Omicron (Omikron) is actually a video game.  Produced by sega in 1998 and licensed to MS (billy boy ""dr."" gates) in 1999.  It is still around today.  Look it up. Players battle demons for their souls.  🤦🏼‍♀️","Omicron (Omikron) is actually a video game. Produced by sega in 1998 and licensed to MS (billy boy ""dr."" gates) in 1999. It is still around today. Look it up. Players battle demons for their souls. 🤦🏼‍♀️",0.11912,0,0,0
Misc,EN33,Other,1494646529306542080,"Yeah, not exactly a big line forming to head up Bill Gates &; Harvard's failed Solar Geoengineering project. I guess that's why Harvard took out a full-pager in The Hill.

https://t.co/VoobsV5OQ9
#TechNoFix https://t.co/1QcxbXMlCb","Yeah, not exactly a big line forming to head up Bill Gates &; Harvard's failed Solar Geoengineering project. I guess that's why Harvard took out a full-pager in The Hill. TechNoFix",0.09552000000000001,0,0,0
Misc,EN37,Other,1495186272184381446,"@markpoloncarz @ChrisMurphyCT I’m 2014 Putin invaded and seized the Crimea from Ukraine. What exactly did the Obama administration do? Right, nothing. Their talking point was Crimea belonged to Russia in the past therefore their seizing is ok. Why is Ukraine an issue for the US now? Feel free to speculate.","I’m 2014 Putin invaded and seized the Crimea from Ukraine. What exactly did the Obama administration do? Right, nothing. Their talking point was Crimea belonged to Russia in the past therefore their seizing is ok. Why is Ukraine an issue for the US now? Feel free to speculate.",0.9404800000000001,1,1,1
Misc,EN34,Other,1511480371325587460,"@regeener @egoraptor The Mark Zuckerberg speech came to mind

Also the Eye conversation from BOTW, a most confusing battle

Jennifer Dumped Me would be an insta kill

The BOTW Derude Sandstorm bit would be like the monster from Metroid Dread always chasing you","The Mark Zuckerberg speech came to mind Also the Eye conversation from BOTW, a most confusing battle Jennifer Dumped Me would be an insta kill The BOTW Derude Sandstorm bit would be like the monster from Metroid Dread always chasing you",0.33376000000000006,0,0,0
Misc,EN40,Other,1507052892838154240,"@FreedomCatRedux @RDCLandscapes As I tell everyone in these situations, if you think the earth is flat charter a boat to go around Antarctica, or charter a flight to go from the NA west coast to Japan. Bring a compass and live stream it, let’s see what happens.","As I tell everyone in these situations, if you think the earth is flat charter a boat to go around Antarctica, or charter a flight to go from the NA west coast to Japan. Bring a compass and live stream it, let’s see what happens.",0.30608,0,0,0
Misc,EN34,Other,1511488014077370381,2% of all millennial wealth is Mark Zuckerberg alone 🥴 https://t.co/JFPYDpyPwI,2% of all millennial wealth is Mark Zuckerberg alone 🥴,0.08408,0,0,0
Misc,EN38,True,1474005326106021891,"A section of social media has been falsely claiming that Microsoft and its co-founder, Bill Gates, had created a video game called “Omikron” in 1999, over two decades before the fast-spreading variant of #COVID19 emerged. https://t.co/mko9yNihuZ","A section of social media has been falsely claiming that Microsoft and its co-founder, Bill Gates, had created a video game called “Omikron” in 1999, over two decades before the fast-spreading variant of COVID19 emerged.",0.06464,0,0,0
Misc,EN33,Other,1489447549106675713,@MoreSiegfried Professor David Keith Admits Many Thousands will Die from Harvard Solar Geoengineering Program 2018    https://t.co/6UfBbS8Z4k,Professor David Keith Admits Many Thousands will Die from Harvard Solar Geoengineering Program 2018,0.061360000000000005,0,0,0
Misc,EN33,Other,1495356502789562372,Solar Geoengineering! According to some Harvard scientists this technology could help us solve Climate Change. How? By dimming the sun and its rays?! Read the Full Story to understand:- https://t.co/qlfuThiyLq,Solar Geoengineering! According to some Harvard scientists this technology could help us solve Climate Change. How? By dimming the sun and its rays?! Read the Full Story to understand:-,0.10088000000000001,0,0,0
Misc,EN31,Other,1326033925647511558,"@danielle_todo @WEVCH4 @LinayaUSA @HilaryBeaumont Generally i have no problems with the fundamental principles of conservatism. I often times praise conservatives (people, not politicians) for taking real action on things like forest management. But trump exhibits no traits of real conservatism.","Generally i have no problems with the fundamental principles of conservatism. I often times praise conservatives (people, not politicians) for taking real action on things like forest management. But trump exhibits no traits of real conservatism.",0.34296,0,0,0
Misc,EN33,False,1507842115988037643,@Veritatem2021 Can anyone explaincloud seeding that Bill Gates wants to do to block out the sun?,Can anyone explaincloud seeding that Bill Gates wants to do to block out the sun?,0.09296,0,0,0
Misc,EN40,Other,1511491602312835073,"@LizbethsTweets I’m “watarded” cuz I don’t agree with rape, murder, and news stations who defend those acts? Ok stay ignorant. Believe every word u hear or read especially when tucker says it. If he say the earth is flat and u find an article believe it","I’m “watarded” cuz I don’t agree with rape, murder, and news stations who defend those acts? Ok stay ignorant. Believe every word u hear or read especially when tucker says it. If he say the earth is flat and u find an article believe it",0.06920000000000001,0,0,0
Misc,EN34,Other,1508168397946818560,Milwaukee Officials Sued in Zuckerberg-Related Election Bribery Case https://t.co/zljI6EBfcf,Milwaukee Officials Sued in Zuckerberg-Related Election Bribery Case,0.09208000000000001,0,0,0
Misc,EN39,Other,1511447774851567616,"@LoukasContos1 @SPLeeMartin @DaveTheBlitz @SP1AUTOINJECT @ELINTNews Yes and? Did we go rape and pillage Cuba? Is Alaska next to Russia? Russia does not own Ukraine and they don’t get to go in and commit genocide. It’s not even about NATO, it’s about wiping Ukrainians out and taking over their land!","Yes and? Did we go rape and pillage Cuba? Is Alaska next to Russia? Russia does not own Ukraine and they don’t get to go in and commit genocide. It’s not even about NATO, it’s about wiping Ukrainians out and taking over their land!",0.95,1,1,1
Misc,EN38,True,1474052172132143109,"The creation of the 'Omicron' video game by Bill Gates in 1999 adds to the vast list of conspiracy nuts.

https://t.co/P1ISrQPOQN

#bww #businessworldwire #BillGates #Omicron #Omikron #videogames #Microsoft #technology #conspiracy",The creation of the 'Omicron' video game by Bill Gates in 1999 adds to the vast list of conspiracy nuts. bww businessworldwire BillGates Omicron Omikron videogames Microsoft technology conspiracy,0.1116,0,0,0
Misc,EN38,True,1476058197223903233,"Does the #Omikron’ video game have a connection to #Covid-19 pandemic?

@ThipMedia 
https://t.co/nSKNS2U4zC",Does the Omikron’ video game have a connection to Covid-19 pandemic?,0.12256,0,0,0
Misc,EN40,Other,1497100774773788673,"@Chhabiy @anandmahindra @nitin_gadkari Read somewhere....Animals/Birds  use radical pair-based compass to ""see"" the Earth's magnetic field...they have this sense  which allows them to undertake great migrations,daring rescues also they take their way to home without getting lost.","Read somewhere....Animals/Birds use radical pair-based compass to ""see"" the Earth's magnetic field...they have this sense which allows them to undertake great migrations,daring rescues also they take their way to home without getting lost.",0.29568000000000005,0,0,0
Misc,EN37,True,1494464179108990976,"@mctotatb @thehill @HillaryClinton Trump is a con man and a liar.  

Remember how he was going to ""prove"" the election was fraudulent?  or how he was going to ""prove"" that Obama's birth certificate was faked?  Oh wait, and Mexico was going to build the wall.

I'll NEVER understand why you people trust that POS","Trump is a con man and a liar. Remember how he was going to ""prove"" the election was fraudulent? or how he was going to ""prove"" that Obama's birth certificate was faked? Oh wait, and Mexico was going to build the wall. I'll NEVER understand why you people trust that POS",0.06248000000000001,0,0,0
Misc,EN36,Other,1495532442505158664,"Now pouring at Bottlecraft Liberty Station: JuneShine Grapefruit Paloma, @serpentinecider Prickly Rose Boa With Prickly Pear!","Now pouring at Bottlecraft Liberty Station: JuneShine Grapefruit Paloma, Prickly Rose Boa With Prickly Pear!",0.13984000000000002,0,0,0
Misc,EN32,False,1311128052739444742,$10 Trump says the wild fires were started by Antifa #Debates2020,$10 Trump says the wild fires were started by Antifa Debates2020,0.10112,0,0,0
Misc,EN34,Other,1511482804625936384,Mark Zuckerberg’s employees lovingly refer to him as “computer generated Chris Martin” https://t.co/pSCZ7NVd93,Mark Zuckerberg’s employees lovingly refer to him as “computer generated Chris Martin”,0.1116,0,0,0
Misc,EN31,True,1326902536159236098,@Codiac1881 @Politics_Polls @NYinLA2121 @DecisionDeskHQ Likely the catastrophic effects of climate change that the right refuses to acknowledge.  The belief that the fires are due to “poor forest management”.  Not really.,Likely the catastrophic effects of climate change that the right refuses to acknowledge. The belief that the fires are due to “poor forest management”. Not really.,0.38352,0,0,0
Misc,EN38,True,1473731930734698509,“Omikron” a 1999 video game released (not developed) by Bill Gates Microsoft. It was about demons pretending to be humans &; harvesting their souls. It did happen but Snopes says it’s fake 🤡 nothing to see here. https://t.co/vtmyk0iVWB,“Omikron” a 1999 video game released (not developed) by Bill Gates Microsoft. It was about demons pretending to be humans &; harvesting their souls. It did happen but Snopes says it’s fake 🤡 nothing to see here.,0.11040000000000001,0,0,0
Misc,EN34,False,1508142734325940225,"Milwaukee Officials Sued in #Zuckerberg-Related Election Bribery Case. The election was a total fraud ‘ 

https://t.co/73O2qZQsln",Milwaukee Officials Sued in Zuckerberg-Related Election Bribery Case. The election was a total fraud ‘,0.11416000000000001,0,0,0
Misc,EN36,Other,1470943775954329602,"@2Detracter No - possibly small % 🔽 risk of fatal outcome, however fatal outcome risk elevated with high side effect profile, best to face it naturally with all the early treatments available.Quercetin Zinc VitD3, VitC Aspirin. Home made orange &; grapefruit skin juice = chloroquine. 💥","No - possibly small % 🔽 risk of fatal outcome, however fatal outcome risk elevated with high side effect profile, best to face it naturally with all the early treatments available.Quercetin Zinc VitD3, VitC Aspirin. Home made orange &; grapefruit skin juice = chloroquine. 💥",0.13584000000000002,0,0,0
Misc,EN31,Other,1327763183189315584,"Proud of https://t.co/duyA51PIfF. student @_Sydn3y for presenting her first poster at a conference today. Sydney is studying Holocene climate and sea level change using a sediment core from Haiti, in collaboration with @coastalgrp_whoi. #NESTVAL @UBishops @uOttawa https://t.co/raxFv3vw87","Proud of student for presenting her first poster at a conference today. Sydney is studying Holocene climate and sea level change using a sediment core from Haiti, in collaboration with . NESTVAL",0.13440000000000002,0,0,0
Misc,EN40,Other,1511489811911254021,"@jon_bois It's definitely a sphere, because the Earth is not flat....","It's definitely a sphere, because the Earth is not flat....",0.08688000000000001,0,0,0
Misc,EN32,Other,1324396621728198657,Principal Ahmad Faruqui will discuss both flexible demand-side grid assets and the summer of wildfires and blackouts on the West Coast at the @NARUC Annual Meeting and Education Conference. https://t.co/L38myc2ZHr #energy #utilities #ratemaking https://t.co/ERJMti6jHO,Principal Ahmad Faruqui will discuss both flexible demand-side grid assets and the summer of wildfires and blackouts on the West Coast at the Annual Meeting and Education Conference. energy utilities ratemaking,0.2684,0,0,0
Misc,EN37,Other,1495045363878834176,@mfletcher530 @MollyJongFast Or reach back into the archives for the Obama birth certificate.,Or reach back into the archives for the Obama birth certificate.,0.1268,0,0,0
Misc,EN33,Other,1500298337685233673,@Charlicl2 Wait for the UN IPCC Report that will be discussed from March 21. It’s all about Geoengineering. It’s real it’s now called Solar Radiation Management. A Harvard University experiment. The hope is that globally it has met resistance. The other hope is that it never gets approved.,Wait for the UN IPCC Report that will be discussed from March 21. It’s all about Geoengineering. It’s real it’s now called Solar Radiation Management. A Harvard University experiment. The hope is that globally it has met resistance. The other hope is that it never gets approved.,0.3652,0,0,0
Misc,EN32,True,1308836349110300673,"""Officials"" in law enforcement and other public works created the LIE that ""Antifa"" started the forest fires out west. It's now being parroted by right-wing media and Trump. Again: it's a lie. Lightening started most of the blazes. https://t.co/3PUhTDluFk","""Officials"" in law enforcement and other public works created the LIE that ""Antifa"" started the forest fires out west. It's now being parroted by right-wing media and Trump. Again: it's a lie. Lightening started most of the blazes.",0.1096,0,0,0
Misc,EN31,Other,1325485149501288448,Trump will get a job in Forest Management soon after he left the WH. He must have been chosen for his eloquence and master knowledge of Botanics. https://t.co/vfeC32x7za,Trump will get a job in Forest Management soon after he left the WH. He must have been chosen for his eloquence and master knowledge of Botanics.,0.09392,0,0,0
Misc,EN31,Other,1327762338523475972,"Cooked: Another year of record heat, and it’s only going to get worse | The New Daily https://t.co/ta1P9xGICb","Cooked: Another year of record heat, and it’s only going to get worse | The New Daily",0.07256000000000001,0,0,0
Misc,EN33,False,1511460459865538566,@elonmusk And to think Bill Gates wants to block the sun,And to think Bill Gates wants to block the sun,0.13032,0,0,0
Misc,EN37,Other,1494637883872919557,Obama’s birth certificate is a great wall – consciously or unconsciously.,Obama’s birth certificate is a great wall – consciously or unconsciously.,0.12432000000000001,0,0,0
Misc,EN33,False,1507073702952906757,@Lionel46294550 Bill Gates trying to block out with sun again,Bill Gates trying to block out with sun again,0.0868,0,0,0
Misc,EN40,Other,1510836810183761922,"Incredible!
Scientists have discovered that migratory #birds are equipped with a magnetic compass that helps them detect earth's magnetic field &; trace their path back to their nesting sites. @moefcc @wwf @WWFINDIA @wti_org_india https://t.co/33uSoIhTwf",Incredible! Scientists have discovered that migratory birds are equipped with a magnetic compass that helps them detect earth's magnetic field &; trace their path back to their nesting sites.,0.29552000000000006,0,0,0
Misc,EN40,Other,1511493310971531269,Maybe the earth is flat 😳,Maybe the earth is flat 😳,0.10696,0,0,0
Misc,EN34,False,1508400306035568642,"#StopTheSteal

#MarkZuckerberg
#PriscillaChan
[$400 million to the]
#CenterForTechnologyAndCivicLife
#CTCL

""Center for Tech and Civic Life handed control of the 2020 election in WI over to private partisan interests, in the form of its partners.”

:-|

.
https://t.co/rK9mktbrxE","StopTheSteal MarkZuckerberg PriscillaChan [$400 million to the] CenterForTechnologyAndCivicLife CTCL ""Center for Tech and Civic Life handed control of the 2020 election in WI over to private partisan interests, in the form of its partners.” :-| .",0.13608,0,0,0
Misc,EN37,True,1494783498552365057,@Shayne619420 @CheckMeDaily @needcoffee46355 @AlenaAlex16 Please tell me what Trump has been proven correct about. Hillary isn’t locked up. Obama’s birth certificate is real (by Trumps own admission after 5 years saying he had proof to the contrary). Mexico adamantly refused to pay for his wall he said would be paid for 100%…,Please tell me what Trump has been proven correct about. Hillary isn’t locked up. Obama’s birth certificate is real (by Trumps own admission after 5 years saying he had proof to the contrary). Mexico adamantly refused to pay for his wall he said would be paid for 100%…,0.38424,0,0,0
Misc,EN33,False,1505578434130554884,"Does this make sense to anyone? If we spray chemicals, dust or whatever it is into the sky to block sunlight, would it not also hold carbon in? Wouldn’t it actually worsen greenhouse gases? Just a thought. https://t.co/kaxczo0dj4","Does this make sense to anyone? If we spray chemicals, dust or whatever it is into the sky to block sunlight, would it not also hold carbon in? Wouldn’t it actually worsen greenhouse gases? Just a thought.",0.29648,0,0,0
Misc,EN34,False,1508500997311647744,"Three Milwaukee, Wisconsin, officials face accusations of illegally taking ""Zuck Bucks"" to facilitate voting by purchasing absentee ballot drop boxes

https://t.co/LTj8wLrOCL
#election2020 #election2022 #wisconsin","Three Milwaukee, Wisconsin, officials face accusations of illegally taking ""Zuck Bucks"" to facilitate voting by purchasing absentee ballot drop boxes election2020 election2022 wisconsin",0.12144,0,0,0
Misc,EN40,Other,1508843439655469063,"🐦👀🧭🧲 A bird’s compass relies on subtle, fundamentally #quantum effects in short-lived molecular fragments, known as radical pairs, formed photochemically in its eyes. 

They appear to be able to “see” or percieve Earth’s magnetic field lines. 

https://t.co/n8zDE6Hoyf https://t.co/XLavsfBauH","🐦👀🧭🧲 A bird’s compass relies on subtle, fundamentally quantum effects in short-lived molecular fragments, known as radical pairs, formed photochemically in its eyes. They appear to be able to “see” or percieve Earth’s magnetic field lines.",0.27192000000000005,0,0,0
Misc,EN33,False,1505421647645319174,Why is it that bill gates talks about solar power but he is paying for a program that is supposed to block the sun. I don’t understand why he thinks he’s smart,Why is it that bill gates talks about solar power but he is paying for a program that is supposed to block the sun. I don’t understand why he thinks he’s smart,0.13976,0,0,0
Misc,EN33,False,1505454657576976384,"Bill Gates Quit putting particles in the atmosphere to block the Sun!  It'd trapping heat!

UR headed for Hell Bill

Antarctica experiences massive heat wave, 

https://t.co/kUwp30XWJE

Download the Wion News App now:
https://t.co/krhpnnHraW

-Shared via WION","Bill Gates Quit putting particles in the atmosphere to block the Sun! It'd trapping heat! UR headed for Hell Bill Antarctica experiences massive heat wave, Download the Wion News App now: -Shared via WION",0.32848000000000005,0,0,0
Misc,EN32,False,1310000264146046981,Antifa/BLM started forest fires on the West Coast https://t.co/9J3J4GIhsp,Antifa/BLM started forest fires on the West Coast,0.09536,0,0,0
Misc,EN31,Other,1324695648592187393,"💡Do you have a project in fire prevention and extinction, climate change or forest management?  

The deadline for the 2nd edition Firefighting StartUp Europe Awards (SEUA - @Lab_CILIFO_EU)

You have until Thursday 19 of November‼⬇
https://t.co/qvOZ68E6a7 https://t.co/bSDHJCDy7U","💡Do you have a project in fire prevention and extinction, climate change or forest management? The deadline for the 2nd edition Firefighting StartUp Europe Awards (SEUA - ) You have until Thursday 19 of November‼⬇",0.5936800000000001,1,0,0
Misc,EN34,False,1508134468820688901,"It’s happening…

Milwaukee Officials Sued in Zuckerberg-Related Election Bribery Case
https://t.co/BXa1yuoi8A",It’s happening… Milwaukee Officials Sued in Zuckerberg-Related Election Bribery Case,0.1212,0,0,0
Misc,EN32,False,1315542829045776384,"Antifa: *causes forest fires &; over $10k in damage*

BLM: *starts defending criminals*

US Goverment: *police brutality*

Gangs &; criminal groups: *loot &; terrorism*

Anonymous: *goes woke*

Me after a 10 months: https://t.co/71g9h93cHx",Antifa: *causes forest fires &; over $10k in damage* BLM: *starts defending criminals* US Goverment: *police brutality* Gangs &; criminal groups: *loot &; terrorism* Anonymous: *goes woke* Me after a 10 months:,0.09016,0,0,0
Misc,EN39,False,1507211897376018433,@CNNPolitics Biden's next trick will be to sell Alaska back to the Russians.,Biden's next trick will be to sell Alaska back to the Russians.,0.656,1,0,0
Misc,EN40,Other,1497166630123679778,"@ken_caudle @Harley_Dogg @CallMeEOnly @DanielB59756947 @pale_on @rawlinson92 @keigh_see @Notashe44599418 @J5_Project @thadias518 @DoubleDoubleJon @Michelt1968 @Freak0nIine @JamesMo19320924 @MDH_UAR @IEAffiliate @ReillyOToole1 @carlos_castillo @pashton65 @DannyGodbout @SBhavikh @Ryanis999 @DaveMcC54676218 @PrismPrime @CobraElDiablo @BillyZigouras @stevenelson77 @LaikaAndYuri @globe_4_life @James_Hawke1 @AdenOrdinii @NoLongerThatGuy @Wendigo_bg @Bustersword40 @4brannesca @whoopsbuni @AstroBelac @MrSnoopa @TakeThatDarwin @RunningHippo @Travislc909 @sargin111 @twittafingers16 @M3GATRANS @thuiop1 @Ah_Science You should start by learning the basics of photography.

After that, I'd recommend learning to read a compass and tell the time, and THEN you'll be able to make some meaningful observations. I have plenty to share. All show flat Earth to be completely impossible though.","You should start by learning the basics of photography. After that, I'd recommend learning to read a compass and tell the time, and THEN you'll be able to make some meaningful observations. I have plenty to share. All show flat Earth to be completely impossible though.",0.32944000000000007,0,0,0
Misc,EN38,Other,1473734112510980109,"David Bowie delivers a pertinent message as character 'Boz' in Omikron game made by Quantum Dreams in 1999. I am sampling this for new VJ footage mixed live by ""#VJ_TokenGirl"" livestreaming on Xmas day #OmiKron #DavidBowie #scifiart https://t.co/d84j24z7Lr https://t.co/Ucup2ovjyZ","David Bowie delivers a pertinent message as character 'Boz' in Omikron game made by Quantum Dreams in 1999. I am sampling this for new VJ footage mixed live by ""VJ_TokenGirl"" livestreaming on Xmas day OmiKron DavidBowie scifiart",0.07160000000000001,0,0,0
Misc,EN32,False,1308164965858267137,"@themaxburns everyone's too afraid to go outside!

fear of....ANTIFA!

word is that ANTIFA can start forest fires-DOWNTOWN!",everyone's too afraid to go outside! fear of....ANTIFA! word is that ANTIFA can start forest fires-DOWNTOWN!,0.10632,0,0,0
Misc,EN39,Other,1511416138613379081,"@MarioJemic If Putin's GOP seizes power in the midterms, Sarah Palin will officiate at the return of Alaska to Russia. 

#VoteBlueToSaveAmerica #Fresh #DemVoice1 #OneV1 #BlueVoices","If Putin's GOP seizes power in the midterms, Sarah Palin will officiate at the return of Alaska to Russia. VoteBlueToSaveAmerica Fresh DemVoice1 OneV1 BlueVoices",0.65496,1,0,0
Misc,EN35,False,1511485719264444418,"Durham bombshell: 'joint venture' to smear Trump
Special Counsel John Durham revealed he's unearthed a text message showing Hillary's campaign lawyer Sussmann falsely told FBI he was'nt working on behalf of any client when he delivered anti-Trump research.
https://t.co/brrhabKLaY",Durham bombshell: 'joint venture' to smear Trump Special Counsel John Durham revealed he's unearthed a text message showing Hillary's campaign lawyer Sussmann falsely told FBI he was'nt working on behalf of any client when he delivered anti-Trump research.,0.09856000000000001,0,0,0
Misc,EN32,Other,1324878338444447744,Western wildfires resulting in some amazing sunsets on Michigan's West Coast   #sunsets #photography #sunsetphotography #PureMichigan https://t.co/184uYiMFdF,Western wildfires resulting in some amazing sunsets on Michigan's West Coast sunsets photography sunsetphotography PureMichigan,0.09584000000000001,0,0,0
Misc,EN34,Other,1511490218163118081,"Before Mark Zuckerberg poured an unprecedented $350 million into the Center for Tech and Civic Life to help state and local officials administer the 2020 election, the nonprofit group first distributed millions in grants to election officials in key

https://t.co/zAA214rhmJ https://t.co/XIyFZGl8C6","Before Mark Zuckerberg poured an unprecedented $350 million into the Center for Tech and Civic Life to help state and local officials administer the 2020 election, the nonprofit group first distributed millions in grants to election officials in key",0.0832,0,0,0
Misc,EN39,Other,1511394211567861765,@CNN If Sarah was president we would have these problems in Europe because “ she can see Russia from Alaska”,If Sarah was president we would have these problems in Europe because “ she can see Russia from Alaska”,0.38744,0,0,0
Misc,EN37,False,1495135405095587841,"@JoeTalkShow It's cute to see you pretend that lies bother you, Joe.  

Do go find Obama's real birth certificate for your deeply honest and not at all corrupt ruler, ok?","It's cute to see you pretend that lies bother you, Joe. Do go find Obama's real birth certificate for your deeply honest and not at all corrupt ruler, ok?",0.38624,0,0,0
Misc,EN34,Other,1511487950957203463,@JoshMandelOhio @BerniceKing Mark Zuckerberg without money or charisma has thoughts on race and guns.,Mark Zuckerberg without money or charisma has thoughts on race and guns.,0.13608,0,0,0
Misc,EN31,Other,1327761093750472704,"@davidmatheson27 The experts in investment returns and fossil energy geology got us to here, not climate experts.  Climate experts urged that the people of earth change our energy economy decades ago.","The experts in investment returns and fossil energy geology got us to here, not climate experts. Climate experts urged that the people of earth change our energy economy decades ago.",0.1,0,0,0
Misc,EN39,Other,1511438226459971585,I wonder how “flat-earthers” explain why there are freezing temperatures in Antarctica &; Alaska/Canada/Russia/Scandinavia? https://t.co/TiGnTW0Anz,I wonder how “flat-earthers” explain why there are freezing temperatures in Antarctica &; Alaska/Canada/Russia/Scandinavia?,0.64152,1,0,0
Misc,EN35,Other,1510653199820095490,"@GOPChairwoman REVEALED: Newly indicted Russian spy, Elena Branson,was helping to promote Donald Trump, and spread lies/propaganda about Hillary Clinton and Biden. https://t.co/H5DIqBsxBP","REVEALED: Newly indicted Russian spy, Elena Branson,was helping to promote Donald Trump, and spread lies/propaganda about Hillary Clinton and Biden.",0.82664,1,1,1
Misc,EN38,Other,1494094570291875850,i didnt know i was teaming with bill fucking gates https://t.co/gU8MaCSMfT,i didnt know i was teaming with bill fucking gates,0.27376000000000006,0,0,0
Misc,EN35,False,1510958531247280138,"Crooked Hillary Clinton sold 20% of the US uranium to Russia, paid Christopher Steele for Russian disinformation and hacked into White House servers to plant evidence of Russian collusion against President Trump so the Guardian better check their sources https://t.co/vsuYPpAdMj","Crooked Hillary Clinton sold 20% of the US uranium to Russia, paid Christopher Steele for Russian disinformation and hacked into White House servers to plant evidence of Russian collusion against President Trump so the Guardian better check their sources",0.64464,1,0,0
Misc,EN32,False,1318266236288049154,"@Jwalker977 @NBCNews ANTIFA started forest fires to draw attention to Climate Change

So, burn the forest and cause damage to the climate in order to draw attention to the climate we're damaging? 

Does that make any sense?!

How stupid can one be? I just don't understand that level of stupid. Sorry.","ANTIFA started forest fires to draw attention to Climate Change So, burn the forest and cause damage to the climate in order to draw attention to the climate we're damaging? Does that make any sense?! How stupid can one be? I just don't understand that level of stupid. Sorry.",0.29968000000000006,0,0,0
Misc,EN36,Other,1476607166522011656,Gorgeous gorgeous girls don’t accidentally overdose on paracetamol by drinking grapefruit soju,Gorgeous gorgeous girls don’t accidentally overdose on paracetamol by drinking grapefruit soju,0.12872,0,0,0
Misc,EN32,Other,1324789776143306752,"As wildfires have ignited harsh air conditions along the west coast, Larta company @BlueForestConsv is partnering with @JoinClarity to better understand, quantify, and manage the public health impacts of wildfire smoke. https://t.co/2ki2Zku4cg #ForestConservation #PoweredbyLarta","As wildfires have ignited harsh air conditions along the west coast, Larta company is partnering with to better understand, quantify, and manage the public health impacts of wildfire smoke. ForestConservation PoweredbyLarta",0.07368000000000001,0,0,0
Misc,EN32,True,1307927982015524869,"@YodaFan108 @nick_brock124 @dada_issues @yonicpeony The forest fires weren't started by antifa activists, that rumor only stemmed from dumbasses trying to make antifa activists look bad and officials have literally dispelled these rumors. Please literally do any amount of research before replying dumbass shit","The forest fires weren't started by antifa activists, that rumor only stemmed from dumbasses trying to make antifa activists look bad and officials have literally dispelled these rumors. Please literally do any amount of research before replying dumbass shit",0.6629600000000001,1,0,0
Misc,EN31,Other,1327761691011149824,"Riding around town on your bike in Ohio, instead of whipping around in a car, will largely reduce the chances of polluted air, Climate change is real, so let's do something about it, this tweet is brought to you in part by EcoOps","Riding around town on your bike in Ohio, instead of whipping around in a car, will largely reduce the chances of polluted air, Climate change is real, so let's do something about it, this tweet is brought to you in part by EcoOps",0.34016,0,0,0
Misc,EN38,Other,1494093110833553414,"@TheFudHound @ChristineSFM @SafeMoonWing @TheFudHound  this man is Robocop,Arnold Schwarzenegger, Elon Musk l, Einstein and Bill Gates in one.. keep doing the good job Ryan!!","this man is Robocop,Arnold Schwarzenegger, Elon Musk l, Einstein and Bill Gates in one.. keep doing the good job Ryan!!",0.6175200000000001,1,0,0
Misc,EN38,False,1473510456551690243,@FirstTake @stephenasmith Stephanie A Smith is a A-hole. Kyrie Irving is the GOAT only #3 to #2 Kobe Bryant then #1 Michael Jordan &; Looks Very Blessed to the Players who are fully Vaxxed &; is now dying from heart failure or Omicron aka Moronic aka Bill Gates 1999Video Game https://t.co/zUxcy9E4Hu,Stephanie A Smith is a A-hole. Kyrie Irving is the GOAT only 3 to 2 Kobe Bryant then 1 Michael Jordan &; Looks Very Blessed to the Players who are fully Vaxxed &; is now dying from heart failure or Omicron aka Moronic aka Bill Gates 1999Video Game,0.26512,0,0,0
Misc,EN39,True,1502028538542968833,"Hard figuring out which is the better satire site is it Babylon Bee or USA Today?
Fact check: Satirical claim that Biden is selling Alaska to Russia https://t.co/AdhbJpslWn via @usatoday",Hard figuring out which is the better satire site is it Babylon Bee or USA Today? Fact check: Satirical claim that Biden is selling Alaska to Russia via,0.38624,0,0,0
Misc,EN32,Other,1325628688159842304,"@kimmasters Well, on the bright side, the wildfires these rallies generate are unlikely to be anywhere on the west coast.","Well, on the bright side, the wildfires these rallies generate are unlikely to be anywhere on the west coast.",0.12312000000000001,0,0,0
Misc,EN31,Other,1326234160097353730,"Trump Administration Removes Official Who Oversees National Climate Assessment: https://t.co/P3u4P05tXT via @AOL  is trump not aware (rhetorical) forest management is a federal issue-not state?  trumps response to climate change and cure ""it will start getting cooler, just watch""","Trump Administration Removes Official Who Oversees National Climate Assessment: via is trump not aware (rhetorical) forest management is a federal issue-not state? trumps response to climate change and cure ""it will start getting cooler, just watch""",0.7424000000000001,1,1,0
Misc,EN36,False,1470592118569590790,"friendly reminder that you should NOT eat grapefruit if you take antidepressants, it can cause a fatal overdose. Please be safe.","friendly reminder that you should NOT eat grapefruit if you take antidepressants, it can cause a fatal overdose. Please be safe.",0.07672000000000001,0,0,0
Misc,EN31,Other,1327761230761701376,@allisonpearson @HawkeyeKnows We'll get out of this 'nightmare' as soon as @BorisJohnson and all of the other people who are complicit in it decide. That will happen when they find something else to occupy their minds or interests with. Climate change next.,We'll get out of this 'nightmare' as soon as and all of the other people who are complicit in it decide. That will happen when they find something else to occupy their minds or interests with. Climate change next.,0.08672,0,0,0
Misc,EN31,True,1325376689879257089,"@DrMRReza @QueenofGame5 @realDonaldTrump well your own systems only allows two candidates. I know Biden isnt crispy clean but man thhe orange one?? doesnt believe in climate change, thinks wildfires are caused by bad forest management and tells white supremacists to stand by :D","well your own systems only allows two candidates. I know Biden isnt crispy clean but man thhe orange one?? doesnt believe in climate change, thinks wildfires are caused by bad forest management and tells white supremacists to stand by :D",0.10104,0,0,0
Misc,EN35,False,1511493674596720642,"@CCINDYT7 @Jim_Jordan The Clinton campaign got caught spying on the trump campaign, and produced a phony Steele dossier in order to try and pin fake Russian ties to trump. They just payed a $113k fine for breaking campaign laws. She should be in prison. https://t.co/7kX4ueVj7a","The Clinton campaign got caught spying on the trump campaign, and produced a phony Steele dossier in order to try and pin fake Russian ties to trump. They just payed a $113k fine for breaking campaign laws. She should be in prison.",0.6856800000000001,1,0,0
Misc,EN38,True,1474002703735037961,"11. Bill Gates

📊 Detailed Stats: https://t.co/FKbgv5qrx7
📰 News Related:
https://t.co/c49ZPJdrAy: Fact-check: No, Bill Gates, Microsoft did not make 1999 video game ...
https://t.co/Juu257BO1N","11. Bill Gates 📊 Detailed Stats: 📰 News Related: Fact-check: No, Bill Gates, Microsoft did not make 1999 video game ...",0.06688,0,0,0
Misc,EN40,True,1511339196409126920,"@Michael98410246 @Tobga_ @ken_caudle @MichaelSteidel @watermole6 @doctorbuttons @TheRealEggman @KayeTatton @gatheredwaters @LaikaAndYuri @PTroubleshooter @garethkett @SBhavikh @GlobalizationWw @pauledevans @earthisaglobe @itisjustmebabe @NoLongerThatGuy @JMichaelsonUT @Motodude @JoeEason1 @Earth_is_FLAT_ @keigh_see @LiquidLight89 @telohno @DMR2cor520 @C8red8r @PrismPrime @ChickenQuantum @JohnnyD_cm @ZoomDi @AstroYogi101 @MarroniDean @ReillyOToole1 @jameswzegan85 @Trilluminarian @spotarse @CallMeEOnly @AiNaTow @TheEarthIsFlat2 @_Casaxova @SurferCosmic @Kev_in_Canada @FlatEarthD @Capt_Scorch @MaidelK @AustralisPiper @_hiddenagenda @JesusTruth1 Of course there is a magnetic south, dumdum. That’s the direction the south end of the compass needle points to, DUH.","Of course there is a magnetic south, dumdum. That’s the direction the south end of the compass needle points to, DUH.",0.33392000000000005,0,0,0
Misc,EN40,Other,1511485882687270919,"@JRubinBlogger It's the internet amplification effect. It's why ""flat earth"" belief is a thing. It even makes more believe that nonsense, because humans are programmed to align with the group. Activate enough people around nonsense and it spreads like a virus","It's the internet amplification effect. It's why ""flat earth"" belief is a thing. It even makes more believe that nonsense, because humans are programmed to align with the group. Activate enough people around nonsense and it spreads like a virus",0.11872,0,0,0
Misc,EN34,Other,1511374463857745924,@FactsB4Politics @Provokethought4 @2020_re_VISION @dulcieburt @reddzz1 @belikemike @Ski0861 @ArizonaAudit Now do Wisconsin. https://t.co/3Czb14oLC3,Now do Wisconsin.,0.06024,0,0,0
Misc,EN34,False,1510735352931098626,"@MahGill @KristinaKaramo Courts didn't let it in. Ruling in various states show: election changes due to COVID were ILLEGAL, money from Zuckerberg was BRIBERY, overruling of election law by those Zuckerberg employees was illegal and the 100% participation of nursing/hospice patients was often fraudulant.","Courts didn't let it in. Ruling in various states show: election changes due to COVID were ILLEGAL, money from Zuckerberg was BRIBERY, overruling of election law by those Zuckerberg employees was illegal and the 100% participation of nursing/hospice patients was often fraudulant.",0.10496000000000001,0,0,0
Misc,EN31,Other,1326962885793288193,Trump wouldn't have lost California by so much if he'd campaigned there.... and sent a bunch of rakes for forest management... and maybe some leaf blowers.... and bribed election officials to swap his name with Joe Biden's name in the election results.,Trump wouldn't have lost California by so much if he'd campaigned there.... and sent a bunch of rakes for forest management... and maybe some leaf blowers.... and bribed election officials to swap his name with Joe Biden's name in the election results.,0.10120000000000001,0,0,0
Misc,EN37,False,1494685699097907202,"Look at her for that Barack Obama’s birth certificate is that Barack Obama’s birth certificate is unattractive, both inside","Look at her for that Barack Obama’s birth certificate is that Barack Obama’s birth certificate is unattractive, both inside",0.12512,0,0,0
Misc,EN39,False,1511460581773033474,"@Jack98378580 @MXCNboy96 @KurtSchlichter Just like America bought Alaska, from Russia.","Just like America bought Alaska, from Russia.",0.34168,0,0,0
Misc,EN38,Other,1494097959344091139,@karen_renton Research helps rather than just listening to doctors and bill gates,Research helps rather than just listening to doctors and bill gates,0.10848000000000001,0,0,0
Misc,EN39,Other,1511374579813568515,"@Acyn Palin can see the swamp from Wasilla, like Russia. She's another Boebert, but on steroids. She is too busy representing herself to represent the people of Alaska; she is a headline hunter 25 hours a day. It's all about her.","Palin can see the swamp from Wasilla, like Russia. She's another Boebert, but on steroids. She is too busy representing herself to represent the people of Alaska; she is a headline hunter 25 hours a day. It's all about her.",0.35664,0,0,0
Misc,EN33,False,1508497786152521731,"@mbrewer580_mark @NikkiFried Why do you want people to buy solar? AOC and Bill Gates are trying to find away to block out the sun.
The Green New Deal. 🤔",Why do you want people to buy solar? AOC and Bill Gates are trying to find away to block out the sun. The Green New Deal. 🤔,0.09432,0,0,0
Misc,EN34,Other,1511480129809227778,"🌿🌷Ken Burns: 'Mark Zuckerberg Should Be in Jail'

The master documentarian on his new film 'Benjamin Franklin' and the current state of our nation.

https://t.co/5VELbkYWLc",🌿🌷Ken Burns: 'Mark Zuckerberg Should Be in Jail' The master documentarian on his new film 'Benjamin Franklin' and the current state of our nation.,0.10624,0,0,0
Misc,EN39,True,1501969223991582723,"The Babylon Bee describes its site as “the world’s best satire site, totally inerrant in all its truth claims.” USA TODAY has previously fact-checked out-of-context headlines from the website.
There is no evidence Biden said he plans to sell Alaska. 😂💯😂","The Babylon Bee describes its site as “the world’s best satire site, totally inerrant in all its truth claims.” USA TODAY has previously fact-checked out-of-context headlines from the website. There is no evidence Biden said he plans to sell Alaska. 😂💯😂",0.10368000000000001,0,0,0
Misc,EN33,False,1510287584945389570,@westaustralian On a good day Australia uses between 72% and 75% of its energy from coal and LNG. Good luck with going to green energy fully any time soon.Especially with clowns like Bill Gates wanting to block out the sun with poison vapours. If the wind isn’t blowing either the lights go out.,On a good day Australia uses between 72% and 75% of its energy from coal and LNG. Good luck with going to green energy fully any time soon.Especially with clowns like Bill Gates wanting to block out the sun with poison vapours. If the wind isn’t blowing either the lights go out.,0.08416000000000001,0,0,0
Misc,EN36,Other,1486091748208263172,Once a year I choose to risk my life by having some grapefruit. I don't think my allergy is that bad but I take some Benadryl a bit before just in case😅,Once a year I choose to risk my life by having some grapefruit. I don't think my allergy is that bad but I take some Benadryl a bit before just in case😅,0.06368,0,0,0
Misc,EN36,False,1495281954672893956,@henriediosa @nopeitsmx There’s an enzyme in grapefruit that either causes too much or too little of the drug to be metabolized causing either overdosing/increased risk of side effects or not working enough… I can’t have it either because of both birth control pills and antidepressants,There’s an enzyme in grapefruit that either causes too much or too little of the drug to be metabolized causing either overdosing/increased risk of side effects or not working enough… I can’t have it either because of both birth control pills and antidepressants,0.10296000000000001,0,0,0
Misc,EN39,Other,1511467526739435523,#DifferentSidesOfTheWar (Words of a #NeoNazi.. https://t.co/68rRjPHAJJ #SouthCarolina #Russia #Virginia #Maryland #Arizona #Michigan #Wisconsin #Oregon #Utah #Nevada #NewMexico #Oklahoma #Alaska #Berlin #Prague #NewZealand #Magyarország #Србија #Latvija #Lietuva #Eesti #scotland,DifferentSidesOfTheWar (Words of a NeoNazi.. SouthCarolina Russia Virginia Maryland Arizona Michigan Wisconsin Oregon Utah Nevada NewMexico Oklahoma Alaska Berlin Prague NewZealand Magyarország Србија Latvija Lietuva Eesti scotland,0.95,1,1,1
Misc,EN34,Other,1511491131233955840,"@egoraptor Mark Zuckerberg. That's it, that's the Boss.","Mark Zuckerberg. That's it, that's the Boss.",0.12664,0,0,0
Misc,EN32,False,1317177977050783744,@RepAdamSchiff Trump advised the California’s leaders to start cleaning up dried forest trees and underbrush PRIOR to these forest fires. And they caught some Antifa members starting these fires in Cali. Now you and your cohorts are blaming Trump? Wake up!,Trump advised the California’s leaders to start cleaning up dried forest trees and underbrush PRIOR to these forest fires. And they caught some Antifa members starting these fires in Cali. Now you and your cohorts are blaming Trump? Wake up!,0.09904,0,0,0
Misc,EN38,Other,1494096344981532672,"Just curious: who taught people like Steve Jobs and Bill Gates Finance 101 &; Economics 101
@BillGates 
@Apple",Just curious: who taught people like Steve Jobs and Bill Gates Finance 101 &; Economics 101,0.1152,0,0,0
Misc,EN32,Other,1325494569744658432,"West Coast #wildfires, record-breaking #heatwaves and more than two dozen #tropicalstorms have made #climatechange an issue impossible for #voters to ignore. https://t.co/M5w9OA3cjO | by @Hudson_Sangree and @RichHeidorn #energynews #NEWS #energy #RTO #politics #vote #repost","West Coast wildfires, record-breaking heatwaves and more than two dozen tropicalstorms have made climatechange an issue impossible for voters to ignore. | by and energynews NEWS energy RTO politics vote repost",0.13064,0,0,0
Misc,EN34,Other,1511478643213709327,"@elonmusk @paraga Hi Elon please get rid of Mark Zuckerberg too Please, lol","Hi Elon please get rid of Mark Zuckerberg too Please, lol",0.07904,0,0,0
Misc,EN33,False,1505562706199388167,"China's artificial Sun was seen very brightly in Calama, Chile on February 16, 2022.

They will use it when Bill Gates' project to block the sun in June takes place.

We too will freeze to death from the cold. https://t.co/BWgwzuGmkO","China's artificial Sun was seen very brightly in Calama, Chile on February 16, 2022. They will use it when Bill Gates' project to block the sun in June takes place. We too will freeze to death from the cold.",0.12952,0,0,0
Misc,EN38,Other,1494092847078850562,"The academic world is controlled by the funding sources. Therefore, the likes of Bill gates controll every mind of average intelligence level and below...

That's very dangerous.","The academic world is controlled by the funding sources. Therefore, the likes of Bill gates controll every mind of average intelligence level and below... That's very dangerous.",0.06464,0,0,0
Misc,EN32,False,1307802610225696771,"WHAT DOES THIS TELL YOU?! Took a week off, highly coinsidental, the same week the forest fires started????
ANTIFA, BLM.
Protesters gather in downtown Portland near Justice Center , no arrests made https://t.co/QkxSz0Ykix","WHAT DOES THIS TELL YOU?! Took a week off, highly coinsidental, the same week the forest fires started???? ANTIFA, BLM. Protesters gather in downtown Portland near Justice Center , no arrests made",0.061680000000000006,0,0,0
Misc,EN31,Other,1325966786098065408,"Excellent Town Hall from @DCNRnews tonight, explaining how PA DCNR is both adapting to and mitigating climate change effects: everything from EV hookups and (happy!) rangers on electric motorcycles to bottomless culverts and forest management changes.","Excellent Town Hall from tonight, explaining how PA DCNR is both adapting to and mitigating climate change effects: everything from EV hookups and (happy!) rangers on electric motorcycles to bottomless culverts and forest management changes.",0.11936000000000001,0,0,0
Misc,EN39,True,1501998496274132997,⁦.@USATODAY⁩ fact checks ⁦@TheBabylonBee⁩ 😂😂😂😂😂 https://t.co/pZlI4TON70,⁦.⁩ fact checks ⁦⁩ 😂😂😂😂😂,0.062240000000000004,0,0,0
Misc,EN37,False,1494926300833746944,@briantylercohen You mean like Obama’s birth certificate? MAGA 🇺🇸⚖️,You mean like Obama’s birth certificate? MAGA 🇺🇸⚖️,0.06888,0,0,0
Misc,EN33,Other,1503325114502373376,"Can aerosols be used to combat global warming?  Researchers from @Yale and @Harvard answer this question in our #EnvironmentalResearchLetters journal. 

Read the full article:https://t.co/L4iStpMDBk

#TrendingResearch https://t.co/sIHWouSXQN",Can aerosols be used to combat global warming? Researchers from and answer this question in our EnvironmentalResearchLetters journal. Read the full article: TrendingResearch,0.61792,1,0,0
Misc,EN37,Other,1495185980726423553,"@thehill @DWStweets Obama in office and Putin invades Crimea and takes it.  Trump in office Putin doesn’t do jack.  Biden in office, goodbye Ukraine.  Nobody buys DSW’s fairy tale.","Obama in office and Putin invades Crimea and takes it. Trump in office Putin doesn’t do jack. Biden in office, goodbye Ukraine. Nobody buys DSW’s fairy tale.",0.69952,1,0,0
Misc,EN35,False,1509559138975584261,"@ResistNonsense @realLizUSA Loved by Americans, Illegally spied on by alphabet soup agencies-DOJ-DNC-Clinton’s, Impeached based on lies making our congressmen look stupid &; corrupt, has 10’s of thousands attend his rallies &; is feared yet respected by all the world leaders. Yep that Trump &; WE WANT HIM BACK","Loved by Americans, Illegally spied on by alphabet soup agencies-DOJ-DNC-Clinton’s, Impeached based on lies making our congressmen look stupid &; corrupt, has 10’s of thousands attend his rallies &; is feared yet respected by all the world leaders. Yep that Trump &; WE WANT HIM BACK",0.32008000000000003,0,0,0
Misc,EN31,Other,1327050242416525315,"@FrankTompkins1 @kittyst0mper @photoartist9 @johnralloa @CoxsTench @extremecompute @FrancaRose33 @badjin_rank @Tampke @Peaches_Sabrina @yammerapple @garner_forest @FlynDutchman466 @theHazelverse @rincewind_t @it_is_me_GH @RomanthaAries @mikeinmarlton @kristenschaaled @TheJeffBradley @insaneknight85 @BidenInsultBot 1) It's obvious enough hasnt been done; we're 4% of world pop, 22% of world's cases, &; 10th in deaths per 100M. 2) That it's an open question as to what's been done is ALSO a problem. Effective &; honest communication is part of good crisis management. So, Trump failed there, too.","1) It's obvious enough hasnt been done; we're 4% of world pop, 22% of world's cases, &; 10th in deaths per 100M. 2) That it's an open question as to what's been done is ALSO a problem. Effective &; honest communication is part of good crisis management. So, Trump failed there, too.",0.06968,0,0,0
Misc,EN32,Other,1324457458522349571,'No more tears left:' How wildfires are ravaging the West Coast cannabis industry.https://t.co/jNTa1vkV62,'No more tears left:' How wildfires are ravaging the West Coast cannabis industry.,0.09024,0,0,0
Misc,EN39,True,1501982887876435970,Fact check: Satirical claim that Biden is selling Alaska to Russia https://t.co/3crRz30Fsg WHY THE HELL NOT.OBAMA SOLD AMERICA TO CHINA AND THIS JEST FINISHES THE JOB.DNC IS NOTHING BUT  SELF SERVING TRASH=U.S. MEANS NOTHING AND THERE ACTIONS SHOW JEST THAT FROM DAY ONE LOOK BACK,Fact check: Satirical claim that Biden is selling Alaska to Russia WHY THE HELL NOT.OBAMA SOLD AMERICA TO CHINA AND THIS JEST FINISHES THE JOB.DNC IS NOTHING BUT SELF SERVING TRASH=U.S. MEANS NOTHING AND THERE ACTIONS SHOW JEST THAT FROM DAY ONE LOOK BACK,0.40728,0,0,0
Misc,EN40,Other,1504346656950534146,"@5150BARBIEE Dogs prefer to poop in line with the north-south axis of earth's magnetic field. So If he's circling, think of him like a fluffy compass that poops 😀","Dogs prefer to poop in line with the north-south axis of earth's magnetic field. So If he's circling, think of him like a fluffy compass that poops 😀",0.28536000000000006,0,0,0
Misc,EN32,True,1308741768867803136,We just suffered thru the worst outbreak of forest fires this state has ever seen.(Oregon) The misinformation about how these fires started was almost more than authorities could keep up with. The FBI was involved in debunking rumors that it was Antifa members . It does happen. https://t.co/rTYQq8lxwG,We just suffered thru the worst outbreak of forest fires this state has ever seen.(Oregon) The misinformation about how these fires started was almost more than authorities could keep up with. The FBI was involved in debunking rumors that it was Antifa members . It does happen.,0.12824,0,0,0
Misc,EN38,True,1476379336244666371,'Omikron' video game not related to Bill Gates or Covid-19 variant https://t.co/eUFZbZfXnS,'Omikron' video game not related to Bill Gates or Covid-19 variant,0.12040000000000001,0,0,0
Misc,EN36,True,1470471824458674176,"This is a timely warning for a variety of reasons, but it's out of context and we recommend seeking out expert advice: 

https://t.co/bkS8BqD36o","This is a timely warning for a variety of reasons, but it's out of context and we recommend seeking out expert advice:",0.58496,1,0,0
Misc,EN33,False,1506076393305686020,"@AoifeCarey21 I care for the environment, I don't care for climate scam. When the same people who cry climate change yet conduct weather manipulation, I'm out. Bill gates wants to block out the sun as a good thing, I'm out. Change the course of a river you destroy the environment downstream.","I care for the environment, I don't care for climate scam. When the same people who cry climate change yet conduct weather manipulation, I'm out. Bill gates wants to block out the sun as a good thing, I'm out. Change the course of a river you destroy the environment downstream.",0.0604,0,0,0
Misc,EN40,Other,1508606322836709380,"@CapeTownTruths Compass works on flat earth 🤣🤣🤣

Soo please tell us, where is magnetic north located on your model and why?","Compass works on flat earth 🤣🤣🤣 Soo please tell us, where is magnetic north located on your model and why?",0.32016000000000006,0,0,0
Misc,EN31,Other,1327762406731255808,Want to fight climate change? I just signed up for @TreeCardApp: first wooden debit card 🌳powered by @Ecosia 💚80% of profits to responsible reforestation. Sign up now and they'll plant 3 trees  #plantchange #woodendebitcard https://t.co/MsWomgH2v8 via @TreeCardApp,Want to fight climate change? I just signed up for : first wooden debit card 🌳powered by 💚80% of profits to responsible reforestation. Sign up now and they'll plant 3 trees plantchange woodendebitcard via,0.12928,0,0,0
Misc,EN36,Other,1483436761061769219,"Our TechRise Finale People's Choice Winner was Eric Alvarez of Grapefruit Health! Grapefruit Health recruits and trains nursing students to interact with at risk seniors remotely on a secure, data-driven platform.

Check out his $25K winning pitch here:
https://t.co/oJkpHt3KBL https://t.co/rq2Lznjth4","Our TechRise Finale People's Choice Winner was Eric Alvarez of Grapefruit Health! Grapefruit Health recruits and trains nursing students to interact with at risk seniors remotely on a secure, data-driven platform. Check out his $25K winning pitch here:",0.07376,0,0,0
Misc,EN39,Other,1501992202943307781,"@SethDillon what's scary sad is that most people don't realize that Biden *can't* sell Alaska, even if he wants to.","what's scary sad is that most people don't realize that Biden *can't* sell Alaska, even if he wants to.",0.3792,0,0,0
Misc,EN35,False,1511396541247938568,@ruthsatchfield @ImSpeaking13 You heard that from CNN right? You know the media has lied about everything for three years Trump was a Russian agent remember lies! Hillary Clinton paid to spy on Trump's campaign and White House servers that's illegal.  Now Joe and Hunter taking money from China and Russia.,You heard that from CNN right? You know the media has lied about everything for three years Trump was a Russian agent remember lies! Hillary Clinton paid to spy on Trump's campaign and White House servers that's illegal. Now Joe and Hunter taking money from China and Russia.,0.64144,1,0,0
Misc,EN37,Other,1495185419205431296,"@MarySmithson18 Biden wants public support for another long term occupation in Ukraine just like the ones in Iraq and Afghanistan for which he voted during his Senate tenure, and over which he supervised as Vice President during the Obama Administration.","Biden wants public support for another long term occupation in Ukraine just like the ones in Iraq and Afghanistan for which he voted during his Senate tenure, and over which he supervised as Vice President during the Obama Administration.",0.4136,0,0,0
Misc,EN38,Other,1480965320928108545,Omikron: The Nomad Soul (Video Game 1999) - IMDb. Omikron is a massive city-state in which the people are ruled blindly by an ancient supercomputer and a communist dictator with an iron fist who carries out the computer's orders. Little do ... Read all https://t.co/45FQrjhrpJ,Omikron: The Nomad Soul (Video Game 1999) - IMDb. Omikron is a massive city-state in which the people are ruled blindly by an ancient supercomputer and a communist dictator with an iron fist who carries out the computer's orders. Little do ... Read all,0.28224000000000005,0,0,0
Misc,EN34,False,1508864834829398016,"Robert Barnes @RobertBarnes
Mar 28, 2022 at 4:35pm
Zuckerberg Converted Election Officials into a Democratic GOTV Operation
Definitely fits the definition of election bribery in Wisconsin, and maybe additional states as well. Highlighted complaint.","Robert Barnes Mar 28, 2022 at 4:35pm Zuckerberg Converted Election Officials into a Democratic GOTV Operation Definitely fits the definition of election bribery in Wisconsin, and maybe additional states as well. Highlighted complaint.",0.11240000000000001,0,0,0
Misc,EN40,Other,1493061096839815171,@irlsheyd @saba_eyy The earth is basically a giant magnetic with a north and South Pole so the compass is just another magnet that has opposite sides too. Like charges repel each other and bam. The south end of the compass magnet points north,The earth is basically a giant magnetic with a north and South Pole so the compass is just another magnet that has opposite sides too. Like charges repel each other and bam. The south end of the compass magnet points north,0.32848000000000005,0,0,0
Misc,EN36,Other,1471190906682359818,"@trashbuggy also yeah its not anything fatal, they just dont work because. i THINK something in the grapefruit attaches to the active agent in the meds","also yeah its not anything fatal, they just dont work because. i THINK something in the grapefruit attaches to the active agent in the meds",0.06752,0,0,0
Misc,EN36,Other,1495533382188609543,but with every passing second they would grow until they were the size of grapefruit. It wouldn't be an easy task hold them steady.,but with every passing second they would grow until they were the size of grapefruit. It wouldn't be an easy task hold them steady.,0.30376000000000003,0,0,0
Misc,EN32,False,1311905150068355072,"@GregorYoung First those antifa assholes started all them forest fires, now this!","First those antifa assholes started all them forest fires, now this!",0.26080000000000003,0,0,0
Misc,EN34,False,1508206264345526277,"Milwaukee officials face Zuckerberg-related election bribery lawsuit
https://t.co/tYLO4LbJbP",Milwaukee officials face Zuckerberg-related election bribery lawsuit,0.13768,0,0,0
Misc,EN37,False,1494843242873032704,"@BetsyRoss1792 @NCShangriLa 2.  Biden 1st Pres. ever to not reach 50% approval rate at any point. I still don’t think Obama was born in America,that birth certificate was jacked. No Russian help for Trump, Hillary paid for the bogus dossier. 1st pres. to be acquitted 2x. Iraq issuing an arrest warrant","2. Biden 1st Pres. ever to not reach 50% approval rate at any point. I still don’t think Obama was born in America,that birth certificate was jacked. No Russian help for Trump, Hillary paid for the bogus dossier. 1st pres. to be acquitted 2x. Iraq issuing an arrest warrant",0.95,1,1,1
Misc,EN33,Other,1506994250159775747,"Don't Miss it!!!

Global Security and Solar Geoengineering
3/25/22
12-1 PM EST
Ofer 401 + Virtual

Elizabeth Chalecki, @UNOmaha 

Stewart Patrick, @CFR_org

https://t.co/nEm72ZDp4r https://t.co/h65Z4qeRib","Don't Miss it!!! Global Security and Solar Geoengineering 3/25/22 12-1 PM EST Ofer 401 + Virtual Elizabeth Chalecki, Stewart Patrick,",0.5822400000000001,1,0,0
Misc,EN35,False,1510840382661214212,"@CBS @FaceTheNation why would you have a proven corrupt politician like Hillary Clinton on TV. She along with Obama and Biden spied of the Trump campaign and administration. Why legitimize her? O Wait, your just as corrupt…………That’s why……","why would you have a proven corrupt politician like Hillary Clinton on TV. She along with Obama and Biden spied of the Trump campaign and administration. Why legitimize her? O Wait, your just as corrupt…………That’s why……",0.11792,0,0,0
Misc,EN36,Other,1488150157103411201,They have a variety of health benefits (and risks!) that make them not quite like any other fruit. https://t.co/8EfTG4lUfr,They have a variety of health benefits (and risks!) that make them not quite like any other fruit.,0.13072,0,0,0
Misc,EN40,Other,1511481526193512451,@azhooah @WatermelonFat68 @eajones2k22 @FlatEarthOrg Fair enough. I’m still curious though how you think we stay on the surface of the Earth if it was flat and gravity is actually fake,Fair enough. I’m still curious though how you think we stay on the surface of the Earth if it was flat and gravity is actually fake,0.10408,0,0,0
Misc,EN36,Other,1495533197886689281,@JohnRiche I have a grapefruit knife and I still use it. https://t.co/788LRVDdRJ,I have a grapefruit knife and I still use it.,0.11096,0,0,0
Misc,EN33,False,1504076480720031748,More tampering with the weather/climate/nature. I'm sure they've launched whatever particles Bill Gates was talking about which would block the sun. https://t.co/87BkO6LysS,More tampering with the weather/climate/nature. I'm sure they've launched whatever particles Bill Gates was talking about which would block the sun.,0.33840000000000003,0,0,0
Misc,EN33,False,1504871949691891714,@Storm4Congress They manipulate so much already… probably wouldn’t be able to handle knowing the totality. It does amaze me we are all still alive! God gave us one amazing immune system!! …and then there is Bill Gates..wants to block the sun? Hmmm… geoengineering! 🤔,They manipulate so much already… probably wouldn’t be able to handle knowing the totality. It does amaze me we are all still alive! God gave us one amazing immune system!! …and then there is Bill Gates..wants to block the sun? Hmmm… geoengineering! 🤔,0.13072,0,0,0
Misc,EN33,False,1496672235070840840,@KevGiambertone @BerkshireEagle @BerkEdge @BerkshireMag @Berkshire_Med @NatGeoPhotos @NikonUSA @saint_exther @FineArtAmerica Your photos are not coming good as the background is full of Geoengineering aerosol injections commonly known as solar radiation management. A Harvard program to kill sunlight. It has changed the appearance of sunrises and sunsets. Just look old photos and you will see the change https://t.co/mJGSyY3EMe,Your photos are not coming good as the background is full of Geoengineering aerosol injections commonly known as solar radiation management. A Harvard program to kill sunlight. It has changed the appearance of sunrises and sunsets. Just look old photos and you will see the change,0.32256000000000007,0,0,0
Misc,EN31,Other,1327762721144639489,"The Age of Stupid Full Movie: Why Didn’t We Stop Climate Change When We Had the Chance?
https://t.co/WdxKiYD4pk",The Age of Stupid Full Movie: Why Didn’t We Stop Climate Change When We Had the Chance?,0.27744,0,0,0
Misc,EN40,Other,1503747499823181829,"Migrating birds detect Earth's magnetic field and use it to determine their position and direction. Their compass has been a mystery, but new work shows it uses quantum effects in short-lived molecular fragments formed photochemically in their eyes (!!!!!) https://t.co/EHLGRtQy3K","Migrating birds detect Earth's magnetic field and use it to determine their position and direction. Their compass has been a mystery, but new work shows it uses quantum effects in short-lived molecular fragments formed photochemically in their eyes (!!!!!)",0.31152,0,0,0
Misc,EN38,False,1478869072964206598,Omicron is a Anagram for Moronic &; Bill Gate’s 1999 Video Game Omikron Check out https://t.co/zUxcy9E4Hu https://t.co/le5LPiBioF,Omicron is a Anagram for Moronic &; Bill Gate’s 1999 Video Game Omikron Check out,0.33416000000000007,0,0,0
Misc,EN34,Other,1511480911145185283,"Mark Zuckerberg says Meta employees ""lovingly"" refer to him as ""Satan's gaping butt plug"" https://t.co/RwDOru1Qqm https://t.co/kQ3wNWWNho","Mark Zuckerberg says Meta employees ""lovingly"" refer to him as ""Satan's gaping butt plug""",0.08056,0,0,0
Misc,EN37,Other,1494755823037341701,@Dankenstein6 @Jules31415 They're probably digging out the Obama birth certificate uproar next.,They're probably digging out the Obama birth certificate uproar next.,0.1188,0,0,0
Misc,EN32,Other,1325172328712564737,"@michellehvoices Not to mention all the people that may have been injured or killed from the wildfires on the West Coast, and of course all the people of color/LGBTQ+ who would lose their rights under him... Yeah, I don't need to go on, you know what I mean","Not to mention all the people that may have been injured or killed from the wildfires on the West Coast, and of course all the people of color/LGBTQ+ who would lose their rights under him... Yeah, I don't need to go on, you know what I mean",0.28288,0,0,0
Misc,EN35,False,1509988160272572428,"@ChrissyJergens @MSNBC @MaddowBlog ""Knowingly funneling Clinton paid for Russian propaganda through our intel agencies.

Doctoring FISA applications to get illegal surveillance warrants to spy on the Trump campaign.

""Illegally leaking bogus intel to the media and then citing it to .....""

https://t.co/QgkwjWfI7q","""Knowingly funneling Clinton paid for Russian propaganda through our intel agencies. Doctoring FISA applications to get illegal surveillance warrants to spy on the Trump campaign. ""Illegally leaking bogus intel to the media and then citing it to .....""",0.95,1,1,1
Misc,EN31,Other,1326642495757950980,"""Risk reduction is more important than ever, as the increasing trend of uncharacteristic wildfires in Colorado is expected to continue based on drought and climate change projections."" @dcwoodruff @NewslineCO #ClimateChange  https://t.co/DthHwNIod7","""Risk reduction is more important than ever, as the increasing trend of uncharacteristic wildfires in Colorado is expected to continue based on drought and climate change projections."" ClimateChange",0.07400000000000001,0,0,0
Misc,EN33,Other,1484209108450480133,"@KetanJ0 I get where they are coming from. The funding and interest in speculative solar-geoengineering is dangerous. That´s funding missing in under-researched social sciences focusing on democracy, environmental justice and other more important topics
https://t.co/LDZkRc5InK https://t.co/rBM7T1gPMX","I get where they are coming from. The funding and interest in speculative solar-geoengineering is dangerous. That´s funding missing in under-researched social sciences focusing on democracy, environmental justice and other more important topics",0.08376,0,0,0
Misc,EN35,False,1509583576534183936,@TheView You sorry scumbag females on this anti American show are sick people everyday on TV telling Americans crap and covering up corruption in Washington Clinton lied and spy on trump thats a fact joe Biden and crack head son yall covering up the crap yall sick in the head,You sorry scumbag females on this anti American show are sick people everyday on TV telling Americans crap and covering up corruption in Washington Clinton lied and spy on trump thats a fact joe Biden and crack head son yall covering up the crap yall sick in the head,0.1228,0,0,0
Misc,EN35,Other,1511488957879627784,"@ElizabethRBess @Channel4News Oh I see, reporting on a corrupt Clinton is the reason Trump won? Ok, I see your agenda.","Oh I see, reporting on a corrupt Clinton is the reason Trump won? Ok, I see your agenda.",0.11328,0,0,0
Misc,EN40,Other,1511486682566123524,"@HeyZeus17362532 @sTeamTraen @kristiinaharkon @zoyashef @riikka_kevo As if an entire nation were a member of the Flat Earth Society, and not for fun.","As if an entire nation were a member of the Flat Earth Society, and not for fun.",0.08704,0,0,0
Misc,EN31,Other,1327264042650652672,"https://t.co/IKw0HM8viy EUROPEAN FORESTS: TACKLING CLIMATE CHANGE
https://t.co/BzigozmFx0
 @eustafor
Best practices from state forest management organizations.

Well worth a read #forestersuk Great work going on across Europe",EUROPEAN FORESTS: TACKLING CLIMATE CHANGE Best practices from state forest management organizations. Well worth a read forestersuk Great work going on across Europe,0.11280000000000001,0,0,0
Misc,EN37,Other,1494461720529715200,Obama’s birth certificate is such a traditionalist.,Obama’s birth certificate is such a traditionalist.,0.13976,0,0,0
Misc,EN38,Other,1494093579270057984,"@pablomelito1 @kaimatters @henwhenwhy Jeffrey couldn't spell doghouse much less build one.
Funny story, I used to sell weed to one of the first six employees at Microsoft. Dude was smart, super smart, and from what he said Bill Gates is a moron, if it wasn't for his mom's connections we wouldn't even know his name.","Jeffrey couldn't spell doghouse much less build one. Funny story, I used to sell weed to one of the first six employees at Microsoft. Dude was smart, super smart, and from what he said Bill Gates is a moron, if it wasn't for his mom's connections we wouldn't even know his name.",0.33120000000000005,0,0,0
Misc,EN40,False,1511407118179450883,"@GordonSBrooks @ylcmeap32 @KekmaGeorgia @James_Hawke1 @SEVENTEEN_Mk_12 @thadias518 @777Paul2 @Tranquilizero @gary_astro @DeathDEFYING18 @kmtildsley @GreenNorm @DatabaseSponge @globe_4_life @shollins271 @LifeOnTheJohn It’s a Sept-tant now right? 🤣 Horizon is FLAT HORIZONTAL “Horizon” but you’ll claim it’s a curvrizon that’s curvizontal right? 🤣 Can’t use a sextant, a compass, a sundial and many more measuring instruments on a fake ball earth 😂 https://t.co/C1D4wL9AFa","It’s a Sept-tant now right? 🤣 Horizon is FLAT HORIZONTAL “Horizon” but you’ll claim it’s a curvrizon that’s curvizontal right? 🤣 Can’t use a sextant, a compass, a sundial and many more measuring instruments on a fake ball earth 😂",0.30896000000000007,0,0,0
Misc,EN36,Other,1495538497779818498,@leirakim1 pineapple and grapefruit!!,pineapple and grapefruit!!,0.1264,0,0,0
Misc,EN34,False,1508218431560110080,Milwaukee Bucks: Milwaukee officials face Zuckerberg-related election bribery lawsuit https://t.co/tUmrzO7Vhs,Milwaukee Bucks: Milwaukee officials face Zuckerberg-related election bribery lawsuit,0.10136,0,0,0
Misc,EN38,Other,1475856920334548998,"https://t.co/SABrz9YAat

A video game called ""Omikron"" where the government labels anyone who uses critical thinking a terrorist while ""the awakened"" are a ""terrorist group"" telling people to simply think for themselves. 

Can't make this shit up. Just a coincidence though.","A video game called ""Omikron"" where the government labels anyone who uses critical thinking a terrorist while ""the awakened"" are a ""terrorist group"" telling people to simply think for themselves. Can't make this shit up. Just a coincidence though.",0.5136000000000001,1,0,0
Misc,EN40,Other,1511485464489857028,"@Brenda163121 @dinachka82 That is the intention. But since it applies to any science which contradicts any religious belief it also means banning teaching about geology, nuclear physics, genetics, etc. It's just a matter of time before a flat-earther sues under this law (no spherical Earth, gravity, etc.)","That is the intention. But since it applies to any science which contradicts any religious belief it also means banning teaching about geology, nuclear physics, genetics, etc. It's just a matter of time before a flat-earther sues under this law (no spherical Earth, gravity, etc.)",0.07184000000000001,0,0,0
Misc,EN39,True,1502858233815265280,"@Victor369963 @deltalima21 @JoeBiden President Biden would not sell Alaska back to Russia. You're thinking of Trump. 🙄 

By the way, the whole ""Sleepy Joe"" thing is about as inane &; banal as ""Let's Go, Brandon"" it makes you look even stupider.","President Biden would not sell Alaska back to Russia. You're thinking of Trump. 🙄 By the way, the whole ""Sleepy Joe"" thing is about as inane &; banal as ""Let's Go, Brandon"" it makes you look even stupider.",0.5940000000000001,1,0,0
Misc,EN38,False,1484113619696689157,"“Wake up, people of Omikron,” Bowie’s character says in the video game, warning that they’re being turned into government puppets. “Join the awakened ones, and rise up to fight for your freedom. Together we can win.” Game released by Microsoft Windows 1999. https://t.co/NsiDlhYpTM","“Wake up, people of Omikron,” Bowie’s character says in the video game, warning that they’re being turned into government puppets. “Join the awakened ones, and rise up to fight for your freedom. Together we can win.” Game released by Microsoft Windows 1999.",0.5522400000000001,1,0,0
Misc,EN31,Other,1327763063911624705,"@EddieWins_ @saxena_puru Bezos is giving billions to stop climate change, and millions to schools for the poor. Total hogwash response. Also $AMZN may be unethical when it comes to competition but they are massively pro consumer and don't do anything other companies don't already do (store brands)","Bezos is giving billions to stop climate change, and millions to schools for the poor. Total hogwash response. Also $AMZN may be unethical when it comes to competition but they are massively pro consumer and don't do anything other companies don't already do (store brands)",0.29904000000000003,0,0,0
Misc,EN33,False,1508519232044257281,"@TommyRo53920973 @KaGeeWent @LSkeletor1111 @aenomalus Yes, it hit me today when I was doing some gardening that one reason they it could be there, is bc plants won't grow as good as our sun, which bill gates wants to block out. No gardens, no food..","Yes, it hit me today when I was doing some gardening that one reason they it could be there, is bc plants won't grow as good as our sun, which bill gates wants to block out. No gardens, no food..",0.08928,0,0,0
Misc,EN38,True,1479048127705325568,FACT CHECK: Did Bill Gates and Microsoft Develop the Videogame 'Omikron: The Nomad Soul' in 1999? https://t.co/wwi9Hl9SN0 #factcheckers #factchecking #BillGates #Microsoft #Omicron #Omikron #Omikronvideogame #Fakenews #Covid_19 #coronavirus,FACT CHECK: Did Bill Gates and Microsoft Develop the Videogame 'Omikron: The Nomad Soul' in 1999? factcheckers factchecking BillGates Microsoft Omicron Omikron Omikronvideogame Fakenews Covid_19 coronavirus,0.08800000000000001,0,0,0
Misc,EN34,Other,1511488799230017538,"@Luke17168860 How Everyone sees Mark Zuckerberg: the Creator of Facebook

How Meta employees sees Mark Zuckerberg: https://t.co/nSZwVvQAxA",How Everyone sees Mark Zuckerberg: the Creator of Facebook How Meta employees sees Mark Zuckerberg:,0.09432,0,0,0
Misc,EN31,Other,1324777002310709250,".@MichaelEWebber says the food system is a cause, victim and solution to climate change -- all at once. Mentions refrigeration, manure management, forest carbon  as ways to potentially create change . #OurTable",". says the food system is a cause, victim and solution to climate change -- all at once. Mentions refrigeration, manure management, forest carbon as ways to potentially create change . OurTable",0.08088000000000001,0,0,0
Misc,EN37,False,1494868146800447492,Barack Obama’s birth certificate is the media write as you’ve got a fraud.,Barack Obama’s birth certificate is the media write as you’ve got a fraud.,0.06792000000000001,0,0,0
Misc,EN32,True,1307284705872687107,"@pastorlocke Antifa doesn’t start forest fires.

Maps which only show forest fires in the US only use US data.",Antifa doesn’t start forest fires. Maps which only show forest fires in the US only use US data.,0.11296,0,0,0
Misc,EN33,Other,1502805099080417281,If you don’t believe they’re controlling the weather right now you should look at LBJ’s speech and geoengineering courses (eg. Experimental chemistry and solar radiation management) at MIT and Harvard. https://t.co/icgK5Tqaib is an excellent resource.,If you don’t believe they’re controlling the weather right now you should look at LBJ’s speech and geoengineering courses (eg. Experimental chemistry and solar radiation management) at MIT and Harvard. is an excellent resource.,0.10504,0,0,0
Misc,EN35,False,1509610660568707072,"@60mayLou @Jim_Jordan @Varneyco Good thing you have no say in the matter. Clinton spied on Trump and Bill was the one in the Moscow hotel after he was paid 400k to speak there. Cementing the sale of Uranium 1. All that said, the illegal pornographic material on his laptop is what I'm concerned about.","Good thing you have no say in the matter. Clinton spied on Trump and Bill was the one in the Moscow hotel after he was paid 400k to speak there. Cementing the sale of Uranium 1. All that said, the illegal pornographic material on his laptop is what I'm concerned about.",0.1228,0,0,0
Misc,EN37,Other,1495185844818395138,@yannispappas Is it perhaps rude of you to think that Obama is answering Biden’s calls?,Is it perhaps rude of you to think that Obama is answering Biden’s calls?,0.0912,0,0,0
Misc,EN32,False,1313021952072638464,I was with antifa up until they started all those forest fires. Don't really understand how that helps fight fascism,I was with antifa up until they started all those forest fires. Don't really understand how that helps fight fascism,0.41200000000000003,0,0,0
Misc,EN38,Other,1494095003739643905,Bill Gates is a Reptile who should stick to computers not health systems. https://t.co/PziN7OQYBm,Bill Gates is a Reptile who should stick to computers not health systems.,0.13936,0,0,0
Misc,EN34,False,1509230780102369280,"We know that: It is Obama, Pelosi, &; Soros along with the other traitorous individuals like Bloomberg, Zuckerberg etc that conspired to bribe &; steal an election. Can't wait for their GITMO trials?# https://t.co/q2lGN6ZsCg","We know that: It is Obama, Pelosi, &; Soros along with the other traitorous individuals like Bloomberg, Zuckerberg etc that conspired to bribe &; steal an election. Can't wait for their GITMO trials?#",0.08816,0,0,0
Misc,EN36,Other,1489528878876053511,"•Purple/blue- contain antioxidant properties that can reduce the risks of cancer, stroke and heart disease.

 Examples: Beetroot, red cabbage, eggplant, Blackberry, blueberry, purple grape, plum, passion fruit.

 •Red- Can help lower the risk of cancer and improve heart health","•Purple/blue- contain antioxidant properties that can reduce the risks of cancer, stroke and heart disease. Examples: Beetroot, red cabbage, eggplant, Blackberry, blueberry, purple grape, plum, passion fruit. •Red- Can help lower the risk of cancer and improve heart health",0.28512000000000004,0,0,0
Misc,EN34,False,1508246648157196292,"Open SmartNews and read ""Milwaukee officials face Zuckerberg-related election bribery lawsuit"" here: https://t.co/EFEGJYj7Zd 
To read it on the web, tap here: https://t.co/oj3pHULywu","Open SmartNews and read ""Milwaukee officials face Zuckerberg-related election bribery lawsuit"" here: To read it on the web, tap here:",0.13016,0,0,0
Misc,EN40,Other,1499621323299041280,"Lined up by the earth's spin, these currents combine to create a magnetic field, used by compass needles everywhere.
#FunFacts","Lined up by the earth's spin, these currents combine to create a magnetic field, used by compass needles everywhere. FunFacts",0.27176000000000006,0,0,0
Misc,EN35,False,1510932265437741056,@25NewsWEEK Now you can report on Durham Report proving Clinton campaign spied on Trump AND the White House!! This is a crime.. oh and Hunter Biden's laptop and connection to Crooked Joe!,Now you can report on Durham Report proving Clinton campaign spied on Trump AND the White House!! This is a crime.. oh and Hunter Biden's laptop and connection to Crooked Joe!,0.10912000000000001,0,0,0
Misc,EN36,True,1470471680388648982,"A viral warning about grapefruit and antidepressants is largely inaccurate - but it highlights the importance of asking your doctor or pharmacist about drug interactions: 

https://t.co/UIY2ZAGnDz https://t.co/GhhBiqefS9",A viral warning about grapefruit and antidepressants is largely inaccurate - but it highlights the importance of asking your doctor or pharmacist about drug interactions:,0.6184000000000001,1,0,0
Misc,EN38,True,1473488466277244929,"@maskedbabyface There was a video game called Omikron, not the exact same spelling tho https://t.co/Ao5Im5MzTw","There was a video game called Omikron, not the exact same spelling tho",0.07512,0,0,0
Misc,EN39,True,1502298220776796167,Fact Check of the Year: Some US Media Fall for Satirical Piece on Biden 'Selling Alaska' to Russia https://t.co/3YaRacj4zo https://t.co/MXYFZVcjLz,Fact Check of the Year: Some US Media Fall for Satirical Piece on Biden 'Selling Alaska' to Russia,0.40416,0,0,0
Misc,EN37,Other,1495137436283904002,@Justin_Dunphy7 When will we see Obama’s birth certificate?!,When will we see Obama’s birth certificate?!,0.09352,0,0,0
Misc,EN40,True,1494365479011504132,"@jerkymania2019 @ASFleischman No mic drops. The compass aligns with the Earth's magnetic field. It doesn't point anywhere, really.  It's just of its very nature, being magnetized tin or iron, forced-forced by external forces beyond it's control--to line up a certain way.    

You decide which way it points.","No mic drops. The compass aligns with the Earth's magnetic field. It doesn't point anywhere, really. It's just of its very nature, being magnetized tin or iron, forced-forced by external forces beyond it's control--to line up a certain way. You decide which way it points.",0.5832,1,0,0
Misc,EN32,Other,1325901488380633093,#Dogowners on the West Coast should have a #wildfire disaster plan for their dogs https://t.co/xeMm4TtL9R https://t.co/vRyuURmFR5,Dogowners on the West Coast should have a wildfire disaster plan for their dogs,0.07848000000000001,0,0,0
Misc,EN37,Other,1495186057989611521,"@KellyFe82736944 @MSNBC @PeteWilliamsNBC Well, the judge is an Obama appointee.....","Well, the judge is an Obama appointee.....",0.11576,0,0,0
Misc,EN39,True,1503190290567503879,"😂 🤡 🌎:

USA Today fact-checks Babylon Bee’s satire claim that Biden is selling Alaska to Russia https://t.co/2aunwPvHEe #FoxNews",😂 🤡 🌎: USA Today fact-checks Babylon Bee’s satire claim that Biden is selling Alaska to Russia FoxNews,0.35224,0,0,0
Misc,EN32,Other,1324600277199040512,"@AlwaysR35473971 @BobPersis @JoeBiden Notice how nobody gave a shit what you said, because the recount will still be counting the same votes.
The west coast holds over a third of the voting choice and he chose to let us burn in wildfires. Fuck him","Notice how nobody gave a shit what you said, because the recount will still be counting the same votes. The west coast holds over a third of the voting choice and he chose to let us burn in wildfires. Fuck him",0.48976,0,0,0
Misc,EN39,True,1504548346232516612,"Claim: President Joe Biden plans to sell Alaska to Russia. Rating: Satire. The claim that the U.S. president plans to sell Alaska to Russia is satire. It stems from an article published by The Babylon Bee, a satire website. There is no evidence Biden plans to sell Alaska. Really? https://t.co/MWvGVwwyW7","Claim: President Joe Biden plans to sell Alaska to Russia. Rating: Satire. The claim that the U.S. president plans to sell Alaska to Russia is satire. It stems from an article published by The Babylon Bee, a satire website. There is no evidence Biden plans to sell Alaska. Really?",0.67184,1,0,0
Misc,EN33,False,1507736411960709126,"Absolute Truth! Yet our judicial systems and politicians bow down to Saranic Bill Gates /Harvard's weather manipulating, earth and human destroying ""White the Skies"" agenda.
https://t.co/oPlVXYaZdw https://t.co/fbodBXuj1R","Absolute Truth! Yet our judicial systems and politicians bow down to Saranic Bill Gates /Harvard's weather manipulating, earth and human destroying ""White the Skies"" agenda.",0.13088,0,0,0
Misc,EN40,Other,1511492657830412291,@A_A_Ron_314 @ScotsFyre He is the political equivalent of the Flat Earth Society.  Dumb people will believe dumb ideas.,He is the political equivalent of the Flat Earth Society. Dumb people will believe dumb ideas.,0.30104000000000003,0,0,0
Misc,EN31,Other,1327761568575078400,"@abcnews Climate change must have the same marketing department as the China Virus.

Normality blown up into irrationality.",Climate change must have the same marketing department as the China Virus. Normality blown up into irrationality.,0.11848,0,0,0
Misc,EN34,False,1508144260859658246,#Milwaukee Officials Sued in #Zuckerberg -Related Election Bribery Case https://t.co/MyfP3j1DAc,Milwaukee Officials Sued in Zuckerberg -Related Election Bribery Case,0.08928,0,0,0
Misc,EN33,False,1508200562323599367,What I'm trying to figure out is what would cause a mini iceage? The gulf stream needs to be involved! Bill Gates wants to do cloud seeding and that will block out the sun! Would that also create a colder climate?😀,What I'm trying to figure out is what would cause a mini iceage? The gulf stream needs to be involved! Bill Gates wants to do cloud seeding and that will block out the sun! Would that also create a colder climate?😀,0.07192000000000001,0,0,0
Misc,EN36,Other,1495532281309675526,"relaxing weekend 🦎 going on a date tonight, cut up a grapefruit for bf for his breakfast, found some whiskers to add to the collection ... not ready for next week but here it cums!!! https://t.co/5Qle015UbF","relaxing weekend 🦎 going on a date tonight, cut up a grapefruit for bf for his breakfast, found some whiskers to add to the collection ... not ready for next week but here it cums!!!",0.06672,0,0,0
Misc,EN35,False,1510847364084416521,"@Russell54582769 @SheilaSully55 @ELAINES42618745 @laineyberly @RandyRRQuaid You need to further research as some has been out!

https://t.co/cIRdH09BO1",You need to further research as some has been out!,0.07056000000000001,0,0,0
Misc,EN39,False,1504184229743185931,Be aware president biden might sell Alaska to Russia since putin wants that too,Be aware president biden might sell Alaska to Russia since putin wants that too,0.95,1,1,1
Misc,EN40,Other,1511480415617691650,So looking at real estate sites for rental properties for my son. A little granny flat is now $400-450 a week. A year ago was $350 tops. Affordable 3 bedroom house is over $500 &; that’s for old Fibro place. Brick is $600 plus. How on earth can anyone pay that?,So looking at real estate sites for rental properties for my son. A little granny flat is now $400-450 a week. A year ago was $350 tops. Affordable 3 bedroom house is over $500 &; that’s for old Fibro place. Brick is $600 plus. How on earth can anyone pay that?,0.38464,0,0,0
Misc,EN38,False,1483472604455395332,"Bill Gates video game called OMIKRON. Listen to video. 
Till end. Holy $^##$

https://t.co/LxDEDNrEdm",Bill Gates video game called OMIKRON. Listen to video. Till end. Holy $^##$,0.10888,0,0,0
Misc,EN37,Other,1495185616207859717,I deleted my acct on HER because i met a girl that said she had 4 Obama phones but the police took 2,I deleted my acct on HER because i met a girl that said she had 4 Obama phones but the police took 2,0.0876,0,0,0
Misc,EN32,False,1309026252989366272,Arsonists start massive forest fires but unclear if tied to Antifa. https://t.co/RTR8u4mGpO,Arsonists start massive forest fires but unclear if tied to Antifa.,0.32120000000000004,0,0,0
Misc,EN32,Other,1325840580870541314,"It was only 2 months ago that smoke from wildfires on the West Coast began to block out the sun in San Francisco, Portland, and other major cities.","It was only 2 months ago that smoke from wildfires on the West Coast began to block out the sun in San Francisco, Portland, and other major cities.",0.09656,0,0,0
Misc,EN38,Other,1494094104845635585,"@ghosthoffa Still waiting to see what Bill Gates pulls off west of Buckeye with his ""city of tomorrow.""","Still waiting to see what Bill Gates pulls off west of Buckeye with his ""city of tomorrow.""",0.09816,0,0,0
Misc,EN31,Other,1327761484462649349,@bren_galla @AndyFarnham @beag_t @rooneymobile Like many things. A good geotechnical assessment should be done first. But it's also likely that increasingly heavy rain caused by climate change would eventually cause a slip anyway.,Like many things. A good geotechnical assessment should be done first. But it's also likely that increasingly heavy rain caused by climate change would eventually cause a slip anyway.,0.31592000000000003,0,0,0
Misc,EN37,Other,1495185952356003841,See Viola Davis play Michelle Obama in new trailer https://t.co/ooWw4sLMbo #NEWS https://t.co/QkNOaGIXAU,See Viola Davis play Michelle Obama in new trailer NEWS,0.07024,0,0,0
Misc,EN36,Other,1488305798493134851,@lddoram Haha! Go to the head of the class. My doc just put me on due to family history and risk factors. I had no idea grapefruit would come up?,Haha! Go to the head of the class. My doc just put me on due to family history and risk factors. I had no idea grapefruit would come up?,0.3224,0,0,0
Misc,EN34,False,1508230591627505664,"We watched the BigTech Delivery..😏
Hopping mad then; hopping mad now..

🚨THIS=&gt; 
""The evidence in this complaint is overwhelming and condemning,"" a Thomas More Society attorney said.

⚡️Milwaukee officials face Zuckerberg-related election bribery lawsuit
https://t.co/GXIUMXGslj https://t.co/NSmiKqQXyI","We watched the BigTech Delivery..😏 Hopping mad then; hopping mad now.. 🚨THIS=&gt; ""The evidence in this complaint is overwhelming and condemning,"" a Thomas More Society attorney said. ⚡️Milwaukee officials face Zuckerberg-related election bribery lawsuit",0.09664,0,0,0
Misc,EN36,True,1485602658023096331,"@NurseLizJ @julesserkin “Eating grapefruit or drinking grapefruit juice can affect some medicines. In most cases, it increases the level of the medicine in your blood. This can increase the risk of side effects or alter the effect the medicine has.”","“Eating grapefruit or drinking grapefruit juice can affect some medicines. In most cases, it increases the level of the medicine in your blood. This can increase the risk of side effects or alter the effect the medicine has.”",0.11072000000000001,0,0,0
Misc,EN31,True,1327597672790851585,"@Hubbub707 @Scorpio05365134 @BaeVictus @RSorokanich Your ""fairly mainstream answers"" are pure corporate disinfo – forest management has never been better studied and resourced. Climate change is THE PRIMARY FACTOR in our ever worsening wildfire seasons.","Your ""fairly mainstream answers"" are pure corporate disinfo – forest management has never been better studied and resourced. Climate change is THE PRIMARY FACTOR in our ever worsening wildfire seasons.",0.11304,0,0,0
Misc,EN33,Other,1511433867831488520,CIA grants and Harvard work together to make Solar Geoengineering  a socially acceptable notion https://t.co/WScC31EYtu https://t.co/AEVpzv1tcX,CIA grants and Harvard work together to make Solar Geoengineering a socially acceptable notion,0.10264000000000001,0,0,0
Misc,EN36,Other,1489054623193128966,"@deusericusl Unfortunately pomelo DOES contain furanocoumarins, which are the same thing in grapefruit that cause problems, albeit in much lower amounts tmk. (Also in oranges and tangelos.) Still probably not worth the risk. But IF SOMEHOW THE CHANCE PRESENTS AT SOME POINT IN THE FUTURE… 🥲","Unfortunately pomelo DOES contain furanocoumarins, which are the same thing in grapefruit that cause problems, albeit in much lower amounts tmk. (Also in oranges and tangelos.) Still probably not worth the risk. But IF SOMEHOW THE CHANCE PRESENTS AT SOME POINT IN THE FUTURE… 🥲",0.07128000000000001,0,0,0
Misc,EN39,Other,1511411371715571718,"@TFVM76 @LPNH Just give Alaska to Russia maybe he will agree, for a while","Just give Alaska to Russia maybe he will agree, for a while",0.3852,0,0,0
Misc,EN40,Other,1501577580452974599,"Year 3 have been learning all about magnets and did some fun magnet experiments including making their own compass by floating a magnet on water; the magnet lined up with the Earth's magnetic field and faced north each time.
#Alwaysprepared #Stretch #Diversity #Inclusion https://t.co/K5ckNwoXzg",Year 3 have been learning all about magnets and did some fun magnet experiments including making their own compass by floating a magnet on water; the magnet lined up with the Earth's magnetic field and faced north each time. Alwaysprepared Stretch Diversity Inclusion,0.32560000000000006,0,0,0
Misc,EN35,False,1509680954075398144,"@daddyrose91865 @TruthHawaii369 @FactSparrow @JohnLovasz I truly feel for you, as you will never see the truth. Still think hunters laptop was “Russian disinformation “ now that even CNN has admitted it was real. Trump is right, Clinton spied on him, that was true, they are terrified of Trump because he doesn’t back down .","I truly feel for you, as you will never see the truth. Still think hunters laptop was “Russian disinformation “ now that even CNN has admitted it was real. Trump is right, Clinton spied on him, that was true, they are terrified of Trump because he doesn’t back down .",0.9460000000000001,1,1,1
Misc,EN39,False,1504125886580338689,"@realDailyWire This is close enough to @TheBabylonBee article about Biden selling Alaska back to Russia so that we can start drilling oil there again. I'm calling it ""fulfilled""","This is close enough to article about Biden selling Alaska back to Russia so that we can start drilling oil there again. I'm calling it ""fulfilled""",0.39152,0,0,0
Misc,EN33,Other,1509908449542344711,"Coming Up

Energy Policy Seminar: Space-Based Solar Geoengineering and Astropolitics

4/4/22
Noon - 1 PM EST
Wex-g02 Seminar Room (HUID Req.) / Zoom

W/ @worden &; Oliver Morton 

Moderator - @DKeithClimate  
@BelferCenter 
@HUCEnvironment 

https://t.co/APfHsdhtDG",Coming Up Energy Policy Seminar: Space-Based Solar Geoengineering and Astropolitics 4/4/22 Noon - 1 PM EST Wex-g02 Seminar Room (HUID Req.) / Zoom W/ &; Oliver Morton Moderator -,0.11504,0,0,0
Misc,EN34,Other,1511476283393384449,"I literally coded Facebook in my dorm room and launched it from my dorm room. I rented a server for $85 a month, and I funded it by putting an ad on the side, and we've funded ever since by putting ads on the side. - Mark Zuckerberg #quotesnigeria https://t.co/Pn3HRv7Hc9","I literally coded Facebook in my dorm room and launched it from my dorm room. I rented a server for $85 a month, and I funded it by putting an ad on the side, and we've funded ever since by putting ads on the side. - Mark Zuckerberg quotesnigeria",0.09072000000000001,0,0,0
Misc,EN38,Other,1478485874463571972,"Can’t make this stuff up.  
According to Google, David Bowie DID appear in a video game called Omikron.. the same year he so eerily described the future of the Internet in a 1999 interview! https://t.co/4dYgc0MvyO","Can’t make this stuff up. According to Google, David Bowie DID appear in a video game called Omikron.. the same year he so eerily described the future of the Internet in a 1999 interview!",0.11328,0,0,0
Misc,EN32,Other,1324834758405357571,@ErinNorthStar Definitely and expecially the ones in California and the west coast for fighting the wildfires,Definitely and expecially the ones in California and the west coast for fighting the wildfires,0.10416,0,0,0
Misc,EN37,Other,1494715648756174848,"@pannlewis44 @nowthisnews @KelliSmith15 @Robin_Volpi @birdieglad @KingIvan @MzDivah67 @haldonahue @DLTrunnell @Magic367g @BakerHugh @FredChristian10 @Numbers28 @mikelm31 @flints1963 @kemet2000 @CandaceTX @elise_flowers @Hopey_70 @asoldiersvoice When Trump announced his candidacy for president, every media should've been all over exposing this family's history more than what they reported and less with Trump on Obama's birth certificate.
Big News Outlets played a part in helping Trump get elected with selected reporting.","When Trump announced his candidacy for president, every media should've been all over exposing this family's history more than what they reported and less with Trump on Obama's birth certificate. Big News Outlets played a part in helping Trump get elected with selected reporting.",0.11304,0,0,0
Misc,EN32,True,1314622457140015105,@SheilaHamilton I think that same misconception is why rumors started that Antifa was starting fires in the Santiam forest!😩,I think that same misconception is why rumors started that Antifa was starting fires in the Santiam forest!😩,0.08848,0,0,0
Misc,EN39,True,1502272498708135944,"One Of The Nation’s Largest Newspaper’s “Fact-Checks” Satirical Story About Biden Selling Alaska. Their Ruling: Its Satire
#newspaper #fact #check #bee #alaska #biden #russia #oil
https://t.co/zq5FdiJCQb",One Of The Nation’s Largest Newspaper’s “Fact-Checks” Satirical Story About Biden Selling Alaska. Their Ruling: Its Satire newspaper fact check bee alaska biden russia oil,0.36016,0,0,0
Misc,EN40,False,1499889378146983939,"@ChickenQuantum @Michael98410246 @sgtrolls3 What is the magnetic effect that makes my compass align N-S?  Nobody knows.  Ideas of a 'globe' with a molten iron core creating a 'magnetic field' are conjecture at best, and a blatant lie at worst.","What is the magnetic effect that makes my compass align N-S? Nobody knows. Ideas of a 'globe' with a molten iron core creating a 'magnetic field' are conjecture at best, and a blatant lie at worst.",0.3122400000000001,0,0,0
Misc,EN39,True,1501961531478749188,"@TheBabylonBee I appreciate your candor and willingness to improve after an event like this. I was under the impression Biden was selling Alaska back to Russia so we could drill until they fact checked that this was, in-fact, satire.","I appreciate your candor and willingness to improve after an event like this. I was under the impression Biden was selling Alaska back to Russia so we could drill until they fact checked that this was, in-fact, satire.",0.40264,0,0,0
Misc,EN31,Other,1327058182506569729,"@Management_101_ @wenzitgonnaend @ddale8 I've seen these:  Tangerine Tornado, Trumplethinskin, President Pussygrabber, New York Pork Dork, Forest Trump, Orange Julius, Cantelope Caigula, Agent Orange, Cinnamon Hitler, Twitler, Super Callous Fragile Ego Extra Braggadocious, Prima Donald.","I've seen these: Tangerine Tornado, Trumplethinskin, President Pussygrabber, New York Pork Dork, Forest Trump, Orange Julius, Cantelope Caigula, Agent Orange, Cinnamon Hitler, Twitler, Super Callous Fragile Ego Extra Braggadocious, Prima Donald.",0.40504,0,0,0
Misc,EN38,False,1477092996353249281,BILL GATES HAD A VIDEO GAME CREATED FOR MICROSOFT WINDOWS CALLED ‘OMIKRON’ IN 1999 ABOUT DEMONS HARVESTING SOULS https://t.co/LLzsktiyBk via @GospelNewsNetw1,BILL GATES HAD A VIDEO GAME CREATED FOR MICROSOFT WINDOWS CALLED ‘OMIKRON’ IN 1999 ABOUT DEMONS HARVESTING SOULS via,0.07872000000000001,0,0,0
Misc,EN31,Other,1324785709283233792,"(ex. climate change risk perceptions, adaptive management techniques, barriers to implementation). No prior social science experience is required.

Full advertisement yhere: https://t.co/wSHXqqKDpy","(ex. climate change risk perceptions, adaptive management techniques, barriers to implementation). No prior social science experience is required. Full advertisement yhere:",0.12704000000000001,0,0,0
Misc,EN39,Other,1511385139791630336,"@TYT @TheDamageReport Palin didn't say ""She could see Russian from her backyard."" Tina Fey said that on SNL. What she said ""“They’re our next-door neighbors, and you can actually see Russia from land here in Alaska, from an island in Alaska""https://t.co/4eV7CWjV5O","Palin didn't say ""She could see Russian from her backyard."" Tina Fey said that on SNL. What she said ""“They’re our next-door neighbors, and you can actually see Russia from land here in Alaska, from an island in Alaska""",0.67904,1,0,0
Misc,EN38,False,1491445450700115971,"Is Anyone Really Surprised That Bill Gates Had A Video Game Created For Microsoft Windows Called ‘Omikron’ In 1999 About Demons Harvesting Souls? 
https://t.co/tOMJnDtCOb",Is Anyone Really Surprised That Bill Gates Had A Video Game Created For Microsoft Windows Called ‘Omikron’ In 1999 About Demons Harvesting Souls?,0.35992,0,0,0
Misc,EN32,False,1312543074753552385,@healthyairall Of coarse it had nothing to do with terrible forest management caused by environmentalists or that 80% of the fires were started by BLM&;Antifa arsonists! Democrats have run the west coast into the ground&;have mismanaged the environment on a huge level to nature&;peoples detriment,Of coarse it had nothing to do with terrible forest management caused by environmentalists or that 80% of the fires were started by BLM&;Antifa arsonists! Democrats have run the west coast into the ground&;have mismanaged the environment on a huge level to nature&;peoples detriment,0.07656,0,0,0
Misc,EN36,Other,1495526606013673478,@_ParadiseParis1 @RockkStarrrrr Grapefruit juice works,Grapefruit juice works,0.13408,0,0,0
Misc,EN31,Other,1327761495879540737,"Known for their brilliant gold leaves that tremble even in light breezes, quaking #aspens are the most widely distributed tree species in #NorthAmerica🌿 https://t.co/BKBw6mZCcH https://t.co/eIs9gtjHlJ","Known for their brilliant gold leaves that tremble even in light breezes, quaking aspens are the most widely distributed tree species in NorthAmerica🌿",0.06824,0,0,0
Misc,EN34,False,1508397046855835653,"Milwaukee’s acting mayor, former mayor, and city clerk have been accused of being involved in an election bribery scheme for accepting election-assistance money from Zuckerberg-funded activist group in the 2020 election cycle,
https://t.co/IfFro5RQe0 https://t.co/TuppsSKQl7","Milwaukee’s acting mayor, former mayor, and city clerk have been accused of being involved in an election bribery scheme for accepting election-assistance money from Zuckerberg-funded activist group in the 2020 election cycle,",0.2876,0,0,0
Misc,EN38,Other,1494093355462057985,"What kind of punishment do Diabolical, Genocidal psychopaths like Joe Biden, Justin Trudeau, Hillary Clinton, Anthony Fauci, Bill Gates, etc. actually deserve???","What kind of punishment do Diabolical, Genocidal psychopaths like Joe Biden, Justin Trudeau, Hillary Clinton, Anthony Fauci, Bill Gates, etc. actually deserve???",0.0684,0,0,0
Misc,EN32,False,1324537936038125573,"To those who are truly, truly stupid enough to not see what the deep state has done to you...

A fake pandemic.
Forest fires across the globe (proven started by hundreds of arsonists).
BLM paid for by Soros.
Antifa paid for by Soros.
And now election rigging...

You are lost.","To those who are truly, truly stupid enough to not see what the deep state has done to you... A fake pandemic. Forest fires across the globe (proven started by hundreds of arsonists). BLM paid for by Soros. Antifa paid for by Soros. And now election rigging... You are lost.",0.27872,0,0,0
Misc,EN31,False,1326242774589472771,"November 10, 2018:

""Trump blamed the Camp Fire, the deadliest blaze in California’s history, on poor forest management. In a tweet, he threatened the state: “Remedy now, or no more Fed payments!” California regulators, however, came to a different conclusion, ..."" (1/2)","November 10, 2018: ""Trump blamed the Camp Fire, the deadliest blaze in California’s history, on poor forest management. In a tweet, he threatened the state: “Remedy now, or no more Fed payments!” California regulators, however, came to a different conclusion, ..."" (1/2)",0.29224000000000006,0,0,0
Misc,EN38,False,1480118889933643780,"#Breaking Message

2/5

1999 Game #BillGates “had created”

#Omikron 

Wake Up #COVIDIOTS 
#COVID19 https://t.co/KmwJyGMncD",Breaking Message 2/5 1999 Game BillGates “had created” Omikron Wake Up COVIDIOTS COVID19,0.28736000000000006,0,0,0
Misc,EN39,True,1502279982722306062,OH the super intelligent FACTCHECKERS!!!!!!!!!!!!!!!!!!!https://t.co/d0znckDs7U,OH the super intelligent FACTCHECKERS!!!!!!!!!!!!!!!!!!!,0.06096000000000001,0,0,0
Misc,EN40,Other,1502757783996928004,High accuracy sun and moon positions make for a better compass than the Earth's magnetic field. https://t.co/IYEDbCSfq6 #Compass #FindYourCar,High accuracy sun and moon positions make for a better compass than the Earth's magnetic field. Compass FindYourCar,0.27376000000000006,0,0,0
Misc,EN36,Other,1495521885752369166,@arabaltmed Use grapefruit seed oil and oregano for SIBO,Use grapefruit seed oil and oregano for SIBO,0.12192,0,0,0
Misc,EN35,False,1510258849151922184,"@Bob66467 @T2theBauer @freddyatton Let's see hunters laptop real, Hillary spied on Trump's campaign true, The Steele dossier was a fake report Hillary Clinton, DNC fined $113,000 for violating campaign finance law. Seems to me, that Trump was right about a lot of things.","Let's see hunters laptop real, Hillary spied on Trump's campaign true, The Steele dossier was a fake report Hillary Clinton, DNC fined $113,000 for violating campaign finance law. Seems to me, that Trump was right about a lot of things.",0.3868,0,0,0
Misc,EN34,False,1508736507422588928,"81MM my ass  #Zuckerberg #Soros #DNC others rigged this...be careful what you wish for you just may get it   #BidenWorstPresidentEver #BidenIsADisgrace 
@SpeakerPelosi @SenSchumer @POTUS @RBReich
https://t.co/dDbZoEFtBA",81MM my ass Zuckerberg Soros DNC others rigged this...be careful what you wish for you just may get it BidenWorstPresidentEver BidenIsADisgrace,0.30736,0,0,0
Misc,EN36,Other,1481584009322848256,Why Is Grapefruit So Bad? Risks &; Side Effects https://t.co/DmrgrQdhqB,Why Is Grapefruit So Bad? Risks &; Side Effects,0.0668,0,0,0
Misc,EN32,Other,1324881524165124096,"Climate refugees - a term to describe people who have lost their homes and whole communities to natural disasters like wildfires. When will our leadership wake up and realize climate change is a real thing, and it is causing increased homelessness? https://t.co/0mIhEQClYv","Climate refugees - a term to describe people who have lost their homes and whole communities to natural disasters like wildfires. When will our leadership wake up and realize climate change is a real thing, and it is causing increased homelessness?",0.40608,0,0,0
Misc,EN32,False,1314017589346086912,Wild fires?! umm sorry there was more arson started by Antifa than actually wild fires. #VPDebate,Wild fires?! umm sorry there was more arson started by Antifa than actually wild fires. VPDebate,0.08784,0,0,0
Misc,EN40,True,1511240135844810754,"@Michael98410246 @MichaelSteidel @watermole6 @doctorbuttons @badibulgator @TheRealEggman @KayeTatton @gatheredwaters @LaikaAndYuri @PTroubleshooter @garethkett @SBhavikh @GlobalizationWw @pauledevans @earthisaglobe @itisjustmebabe @NoLongerThatGuy @ken_caudle @JMichaelsonUT @Motodude @JoeEason1 @Earth_is_FLAT_ @keigh_see @LiquidLight89 @telohno @DMR2cor520 @C8red8r @PrismPrime @ChickenQuantum @JohnnyD_cm @ZoomDi @AstroYogi101 @MarroniDean @ReillyOToole1 @jameswzegan85 @Trilluminarian @spotarse @CallMeEOnly @AiNaTow @TheEarthIsFlat2 @_Casaxova @SurferCosmic @Kev_in_Canada @FlatEarthD @Capt_Scorch @MaidelK @AustralisPiper @_hiddenagenda @JesusTruth1 A magnet has two poles. We know that, so the earth must also have two poles, it's an easy deduction. We know that a compass responds to a magnetic field, so the earth must have a magnetic field, so the earth must have two poles. Once again, science is not about belief. https://t.co/4UPQeZ5q9n","A magnet has two poles. We know that, so the earth must also have two poles, it's an easy deduction. We know that a compass responds to a magnetic field, so the earth must have a magnetic field, so the earth must have two poles. Once again, science is not about belief.",0.29200000000000004,0,0,0
Misc,EN37,Other,1495185740380127243,@jimsciutto Most people don't care what happens outside their own families. When gas prices skyrocket they'll pay attention. And then blame Biden. Or Hillary. Or Obama. Or Critical Race Theory. Or Something.,Most people don't care what happens outside their own families. When gas prices skyrocket they'll pay attention. And then blame Biden. Or Hillary. Or Obama. Or Critical Race Theory. Or Something.,0.07224,0,0,0
Misc,EN32,False,1311382008535429120,"@MattKamen I’m just trying to imagine the context of these supposed convos. Would Europeans approach him saying, “Sir, yes, our trees are highly flammable, yet, our forest cities are not on fire. Tell your antifa to start raking.”","I’m just trying to imagine the context of these supposed convos. Would Europeans approach him saying, “Sir, yes, our trees are highly flammable, yet, our forest cities are not on fire. Tell your antifa to start raking.”",0.13056,0,0,0
Misc,EN34,Other,1511491327678197763,@egoraptor @GameGrumps you just have to fight Mark Zuckerberg but no one can remember his name and they keep calling him Jesse Eisenberg,you just have to fight Mark Zuckerberg but no one can remember his name and they keep calling him Jesse Eisenberg,0.07448,0,0,0
Misc,EN40,Other,1498671762153820167,The earth's magnetic fields have shifted. Every moral compass points toward the center of Kyiv. Glory to Ukraine.,The earth's magnetic fields have shifted. Every moral compass points toward the center of Kyiv. Glory to Ukraine.,0.95,1,1,1
Misc,EN34,False,1511033398034370565,"2

traffickers that were paid with money linked to Zuckerberg to harvest ballots

Countless states have already implemented new laws directly banning Zuckerbuck like funding for elections.

Several municipalities in Wisconsin are now dealing with election bribery complaints as",2 traffickers that were paid with money linked to Zuckerberg to harvest ballots Countless states have already implemented new laws directly banning Zuckerbuck like funding for elections. Several municipalities in Wisconsin are now dealing with election bribery complaints as,0.08752,0,0,0
Misc,EN31,Other,1326964821619781634,"Just because you say it, doesn't make it true ex: Trump!
From their website -KORINDO builds forest in a professional and responsible manner through the principles of management of natural forest and plantation forest in a sustainable way from its production, environment, and... https://t.co/PHCfX9cZPI","Just because you say it, doesn't make it true ex: Trump! From their website -KORINDO builds forest in a professional and responsible manner through the principles of management of natural forest and plantation forest in a sustainable way from its production, environment, and...",0.10872000000000001,0,0,0
Misc,EN35,True,1509832141898760196,"@ShannenPerez2 @GeorgePapa19 Read the first 35 pages of Mueller report &; decide. Don't forget, George ends up pleading guilty. His pardon by Trump doesn't change his guilty plea.

This is just FYI:""How the right embraced the false claim that... Clinton ‘spied’ on... Trump""

https://t.co/Xw2UawEKXe","Read the first 35 pages of Mueller report &; decide. Don't forget, George ends up pleading guilty. His pardon by Trump doesn't change his guilty plea. This is just FYI:""How the right embraced the false claim that... Clinton ‘spied’ on... Trump""",0.10688,0,0,0
Misc,EN39,True,1502225610642497536,"TIME FOR A FACEPALM: The USA Today feels the need to fact check that President Joe Biden is... #LOL..Not selling Alaska back to Russia....

https://t.co/Gq3APYsffg",TIME FOR A FACEPALM: The USA Today feels the need to fact check that President Joe Biden is... LOL..Not selling Alaska back to Russia....,0.36792,0,0,0
Misc,EN36,Other,1477301635453964288,@vegasexpats @Franklin_Graham Grapefruit isn't that healthy. It interacts with blood pressure medicine. Vitamins don't reduce your risk of dementia. One look at Frankie today is proof why you need to go to a doctor that actually keeps up on medicine. https://t.co/YwD1Srannt,Grapefruit isn't that healthy. It interacts with blood pressure medicine. Vitamins don't reduce your risk of dementia. One look at Frankie today is proof why you need to go to a doctor that actually keeps up on medicine.,0.12736,0,0,0
