topic,event_id,label,tweet_id,text,clean,toxicity,flag_0.5,flag_0.7,flag_0.8,has_hotspot
Ukraine,EN09,True,1511433128300232707,"@yungdindux @DeftoneSpeak @andrewkimmel @mtracey @republic Who cares? War is full of rumors, false alarms, double reported casualties and other misunderstandings. Getting hung up on the ghost of Kyiv maybe being a myth is some seriously anal levels of scrutiny, and clearly an attempt to lay the basis for wider pro-russian denialism.","Who cares? War is full of rumors, false alarms, double reported casualties and other misunderstandings. Getting hung up on the ghost of Kyiv maybe being a myth is some seriously anal levels of scrutiny, and clearly an attempt to lay the basis for wider pro-russian denialism.",0.95,1,1,1,True
Ukraine,EN07,False,1498623246391930882,"Andy Vermaut shares:""We Will Win"": Former Miss Ukraine's Message To ""Inspire People"": Former Miss Ukraine Anastasiia Lenna, who has joined the military to fight against Russia,has now shared a video of wartime bombings. https://t.co/3msieAqz7W Thank you. https://t.co/LAxH2ixfRD","Andy Vermaut shares:""We Will Win"": Former Miss Ukraine's Message To ""Inspire People"": Former Miss Ukraine Anastasiia Lenna, who has joined the military to fight against Russia,has now shared a video of wartime bombings. Thank you.",0.95,1,1,1,True
Ukraine,EN03,Other,1511242774145814528,"how many jews have been killed in bucha genocide ? Moscow , Putin , Russia, Ukraine , NATO  Europe  #RussianUkrainianWar #Putin Baltic  #Donbas  #Putin  #BuchaGenocide #Bucha  #Butcha https://t.co/t05LbgWSjW","how many jews have been killed in bucha genocide ? Moscow , Putin , Russia, Ukraine , NATO Europe RussianUkrainianWar Putin Baltic Donbas Putin BuchaGenocide Bucha Butcha",0.95,1,1,1,True
Ukraine,EN06,True,1503454617182515203,@undersharer @XrpBates @TheInsiderPaper He says it right here “Not here to make friends.  Crypto Twitter only”.  So what was i to make of his comments that the war in Ukraine is “staged”.  This guy doesn’t live in reality.  Does he need Ukrainian War Panda NFTs in order to realize that this war is very real? https://t.co/3D26i2hCN0,He says it right here “Not here to make friends. Crypto Twitter only”. So what was i to make of his comments that the war in Ukraine is “staged”. This guy doesn’t live in reality. Does he need Ukrainian War Panda NFTs in order to realize that this war is very real?,0.95,1,1,1,True
Ukraine,EN01,Other,1502056641507827714,Statement from the Russian embassy in Canada about the ongoing conflict in #Ukraine. https://t.co/quY2rGuzZp,Statement from the Russian embassy in Canada about the ongoing conflict in Ukraine.,0.95,1,1,1,True
Ukraine,EN08,Other,1511487869499625489,@JustinTrudeau @lopezobrador_ Are you sure that you spoke with him?? I’m not sure he has a capable translator at the Palace where he lives in poverty.. Lopez is a Fan of Socialism and he goes always into the wrong direction. Believe me if Hitler was alive Lopez would have been a Real Fan.. He loves Putin btw,Are you sure that you spoke with him?? I’m not sure he has a capable translator at the Palace where he lives in poverty.. Lopez is a Fan of Socialism and he goes always into the wrong direction. Believe me if Hitler was alive Lopez would have been a Real Fan.. He loves Putin btw,0.934,1,1,1,True
Ukraine,EN03,False,1511485866123972609,"@schloops01 @TruthJusticeAz @Richard95859255 @Citizen6222 @Vasilisa_2_0 Here!!
please watch this and tell me how is it the fault of Russia?!?!
Conducting those war crimes is decision of Ukraine alone, territory disputes have nothing to do with it.

its a collection of videos from 2014 Ukraine ""Anti-Terrorist Program"" 
https://t.co/eK6XctQlya","Here!! please watch this and tell me how is it the fault of Russia?!?! Conducting those war crimes is decision of Ukraine alone, territory disputes have nothing to do with it. its a collection of videos from 2014 Ukraine ""Anti-Terrorist Program""",0.95,1,1,1,True
Ukraine,EN06,False,1502379798966018055,"Russia vs Ukraine, a new play of war. Produced &; scripted by the Hawks label, USA. Directed by best director J Biden. Play leading by best actor, V Zelensky, plus many supporting extras. Many scenes were touching &; moving. Remember, this is just a staged play, fake &; not real. https://t.co/ohYnD1f4te","Russia vs Ukraine, a new play of war. Produced &; scripted by the Hawks label, USA. Directed by best director J Biden. Play leading by best actor, V Zelensky, plus many supporting extras. Many scenes were touching &; moving. Remember, this is just a staged play, fake &; not real.",0.95,1,1,1,True
Ukraine,EN09,True,1504057519127228420,@mattysino Kinzinger wants nuclear war now and believes Samuel Hyde is the Ghost of Kyiv. He’s a clown extraordinaire.,Kinzinger wants nuclear war now and believes Samuel Hyde is the Ghost of Kyiv. He’s a clown extraordinaire.,0.8600000000000001,1,1,1,True
Ukraine,EN05,Other,1507319334087110662,@jmbenson1491 Just had conversation with my Ukrainian friend who just fled to Poland. Zelensky is “no saint”,Just had conversation with my Ukrainian friend who just fled to Poland. Zelensky is “no saint”,0.94256,1,1,1,True
Ukraine,EN04,Other,1511453596470190083,"@lookner about the Tank issue, that is not true that Czech Republic is the first country delivering tanks to Ukraine, Russia has been delivering in the last month tanks for free to Ukraine, you can ask the Traktor legion!","about the Tank issue, that is not true that Czech Republic is the first country delivering tanks to Ukraine, Russia has been delivering in the last month tanks for free to Ukraine, you can ask the Traktor legion!",0.90424,1,1,1,True
Ukraine,EN01,Other,1511364474321711110,"Claim: 'Faked dead bodies'
The Russian Embassy in Canada tweeted the video, dismissing the idea that it showed corpses, with the caption ""staged video showing faked dead bodies in the town of Bucha near Kiev"". BBC Source

Remove the Russian Diplomats from Canada NOW!!","Claim: 'Faked dead bodies' The Russian Embassy in Canada tweeted the video, dismissing the idea that it showed corpses, with the caption ""staged video showing faked dead bodies in the town of Bucha near Kiev"". BBC Source Remove the Russian Diplomats from Canada NOW!!",0.95,1,1,1,True
Ukraine,EN01,False,1499276047749156870,Statement from Russian Embassy in Canda. Russia is ending a war. The media and Cabal tell you different. Now you know. #canada #russia #ukraine #Azov https://t.co/SLHFqaA9qX,Statement from Russian Embassy in Canda. Russia is ending a war. The media and Cabal tell you different. Now you know. canada russia ukraine Azov,0.95,1,1,1,True
Ukraine,EN03,Other,1511479555520819208,"Russia's plan: to secure the Donbas region and most of Ukraine's energy resources. That's where they've launched their best and best-equipped troops.

Kyiv was a feint, and Russia's withdrawal from there is nothing. Grabbing Donbas and linking it to Crimea is everything.","Russia's plan: to secure the Donbas region and most of Ukraine's energy resources. That's where they've launched their best and best-equipped troops. Kyiv was a feint, and Russia's withdrawal from there is nothing. Grabbing Donbas and linking it to Crimea is everything.",0.92488,1,1,1,True
Ukraine,EN03,Other,1511455184421015553,"Zelensky accused Russia of war crimes during his speech to the U.N. Security Council today and a look at the new phase of the war in the Donbas, in today's @nytimes Russia Ukraine War Briefing. https://t.co/jZ4s1XogCw","Zelensky accused Russia of war crimes during his speech to the U.N. Security Council today and a look at the new phase of the war in the Donbas, in today's Russia Ukraine War Briefing.",0.95,1,1,1,True
Ukraine,EN01,False,1499205117396267010,New statement from Russian embassy canada Re the DeNazification of Ukraine #ANTIFA #AntiFascist https://t.co/AygNkfW5wH,New statement from Russian embassy canada Re the DeNazification of Ukraine ANTIFA AntiFascist,0.95,1,1,1,True
Ukraine,EN01,False,1499235795735089161,Russian Embassy in Canada released a statement that is pointing to a deeper deep divide between Ukrainian &; Russian supporters. Both side are digging in. https://t.co/NYxGqeXk70,Russian Embassy in Canada released a statement that is pointing to a deeper deep divide between Ukrainian &; Russian supporters. Both side are digging in.,0.95,1,1,1,True
Ukraine,EN03,Other,1511482727576571911,"ZELENSKYY caused a War in Ukraine.

He is trying to STOP Russia from ejecting NAZIS from his Annex regions of Donbas, Luhansk Odesa .

Zelenskyy is Warring against a Operation not a War , a Special Operation as Putin stated

Zelenskyy chose to fight it like a War.

@KremlinRussia https://t.co/sUBDYiB5S6","ZELENSKYY caused a War in Ukraine. He is trying to STOP Russia from ejecting NAZIS from his Annex regions of Donbas, Luhansk Odesa . Zelenskyy is Warring against a Operation not a War , a Special Operation as Putin stated Zelenskyy chose to fight it like a War.",0.95,1,1,1,True
Ukraine,EN06,True,1505447834778324993,"@PeterCronau @fivestarmichael It was real &; not staged. Russia's been targeting homes,hospitals, churches &; schools almost since the beginning of the war. Not too far of a jump to targeting a theater, just as it was no surprise that they'd target the Svetogorskaya Lavra in Donbas.","It was real &; not staged. Russia's been targeting homes,hospitals, churches &; schools almost since the beginning of the war. Not too far of a jump to targeting a theater, just as it was no surprise that they'd target the Svetogorskaya Lavra in Donbas.",0.95,1,1,1,True
Ukraine,EN07,True,1500836704068210689,FALSE: Ex-Miss Ukraine Anastasiia Lenna joins military in fight against Russia https://t.co/gVnpagKSjd,FALSE: Ex-Miss Ukraine Anastasiia Lenna joins military in fight against Russia,0.9228,1,1,1,True
Ukraine,EN06,False,1505657996008902667,"@vijeta11w @MaajidNawaz There is war, that we know.
I stumbled even on a Twitter corner full of folks that proclaim that the war is not even real, that it’s all staged. That’s where is my line.
It is war, and the longer it keeps going, the more F’ed up it will be and the more reality will be blurred.","There is war, that we know. I stumbled even on a Twitter corner full of folks that proclaim that the war is not even real, that it’s all staged. That’s where is my line. It is war, and the longer it keeps going, the more F’ed up it will be and the more reality will be blurred.",0.95,1,1,1,True
Ukraine,EN02,Other,1511477630050185221,"Zelensky Deplores U.N. Inaction
“Now the world can see what Russia did in Bucha,” Pres Zelensky of Ukraine said of the slaughter of civilians, during a fiery speech to the U.N. Security Council in which he showed a graphic video of the aftermath. https://t.co/nke8tJmaC4","Zelensky Deplores U.N. Inaction “Now the world can see what Russia did in Bucha,” Pres Zelensky of Ukraine said of the slaughter of civilians, during a fiery speech to the U.N. Security Council in which he showed a graphic video of the aftermath.",0.95,1,1,1,True
Ukraine,EN03,False,1511338164081807362,"@oneillquigley @richimedhurst Nato sponsored Donbas Genocide. 
Give me a 'kin break!

So many Putin-apologists in Ireland, judging from the last 3 weeks of twitter Ukraine invasion
Why?","Nato sponsored Donbas Genocide. Give me a 'kin break! So many Putin-apologists in Ireland, judging from the last 3 weeks of twitter Ukraine invasion Why?",0.95,1,1,1,True
Ukraine,EN06,False,1505847045726392323,"@greenkrakenpod @stillgray so you think its not possible to stage this or that the FSB would never do such a thing? 
i believe both are possible, it could be real or staged and that bias towards Russian speakers makes it possible. its a war","so you think its not possible to stage this or that the FSB would never do such a thing? i believe both are possible, it could be real or staged and that bias towards Russian speakers makes it possible. its a war",0.95,1,1,1,True
Ukraine,EN04,Other,1504819919132712960,@ZelenskyyUa @BorisJohnson When can we start buying seized Russian items on ebay? I'm sure there are a few crypto billionaires out there that would love a slightly used Russian tank. https://t.co/5m5l9hgqYm,When can we start buying seized Russian items on ebay? I'm sure there are a few crypto billionaires out there that would love a slightly used Russian tank.,0.95,1,1,1,True
Ukraine,EN02,Other,1511491793719902210,"As the war in Ukraine unfolds, here's what you need to know. Get the latest developments as Russia's attacks continue. 

https://t.co/yPzy3MCcix
https://t.co/jVDb7fi08n
#ONEPIECE1045 #BoredApeYachtClub #AsItWas #station19 #BelAir 
#3danimation #3danimations #fiverrbuyer #animator https://t.co/E07RzmNGjd","As the war in Ukraine unfolds, here's what you need to know. Get the latest developments as Russia's attacks continue. ONEPIECE1045 BoredApeYachtClub AsItWas station19 BelAir 3danimation 3danimations fiverrbuyer animator",0.95,1,1,1,True
Ukraine,EN04,Other,1511470505005625347,"That must have been surprise, and not only for those chickens around 😀

#Ukraine #Ukraineinvasion #UkraineRussiaWar #War #Tank #UkraineWillWin #SlavaUkraini #SlavaUkraine #Russia #RussiaInvadedUkraine https://t.co/uFZYG786LH","That must have been surprise, and not only for those chickens around 😀 Ukraine Ukraineinvasion UkraineRussiaWar War Tank UkraineWillWin SlavaUkraini SlavaUkraine Russia RussiaInvadedUkraine",0.95,1,1,1,True
Ukraine,EN04,Other,1511440977872961536,"""""It's not clear what the rate of attrition is for the Ukrainian forces is. The answer is, We don't know,"" said Michael Kofman, a Russia specialist at the CNA think-tank based in Arlington, Virginia.""

https://t.co/F8e6VGjSJJ
. https://t.co/8KoGGH9F74","""""It's not clear what the rate of attrition is for the Ukrainian forces is. The answer is, We don't know,"" said Michael Kofman, a Russia specialist at the CNA think-tank based in Arlington, Virginia."" .",0.95,1,1,1,True
Ukraine,EN04,False,1504108337155223557,"@nevedimka123 @ArmedForcesUkr Ebay is going to be interesting once this is all over.. ""russian tank, brown stain on seat, red smear on hull. Needs fuel, otherwise in reasonable condition for russian equipment of the period. Would be ideal agricultural machinery and a fine addition to your farm"".","Ebay is going to be interesting once this is all over.. ""russian tank, brown stain on seat, red smear on hull. Needs fuel, otherwise in reasonable condition for russian equipment of the period. Would be ideal agricultural machinery and a fine addition to your farm"".",0.95,1,1,1,True
Ukraine,EN08,Other,1511491251656445954,"Vladimir Putin calls Ukraine ""Nazi,"" yet he acts like Hitler and his troops are the butchers of Bucha. https://t.co/5eD1Hzu5Dw","Vladimir Putin calls Ukraine ""Nazi,"" yet he acts like Hitler and his troops are the butchers of Bucha.",0.95,1,1,1,True
Ukraine,EN01,Other,1499544716538523677,@ReutersFacts Does a Russian embassy statement from Canada count as fact or fiction? https://t.co/iHrvFvjnBc,Does a Russian embassy statement from Canada count as fact or fiction?,0.95,1,1,1,True
Ukraine,EN06,Other,1511119246654377984,"So the west are calling for genocide committed by Russia, However Russia says these are staged and not real examples of genocide. Whose telling the truth 👀 I smell US intervention and the us joining this war….","So the west are calling for genocide committed by Russia, However Russia says these are staged and not real examples of genocide. Whose telling the truth 👀 I smell US intervention and the us joining this war….",0.95,1,1,1,True
Ukraine,EN04,False,1502099677159641092,@RFERL so the ebay listing for a working russian tank wasn't a joke!,so the ebay listing for a working russian tank wasn't a joke!,0.95,1,1,1,True
Ukraine,EN08,Other,1499202455824916481,"North Korea nobody gives a shit about them , But maybe if Time Magazine and other publications didn’t blow smoke up Dictators asses saying they are man of the year and the most powerful man on Earth guys like Hitler and Putin wouldn’t start believe the hype https://t.co/dTGJTlrSzH","North Korea nobody gives a shit about them , But maybe if Time Magazine and other publications didn’t blow smoke up Dictators asses saying they are man of the year and the most powerful man on Earth guys like Hitler and Putin wouldn’t start believe the hype",0.95,1,1,1,True
Ukraine,EN03,Other,1511032892956237825,"Vladimir Zhirinovsky's Liberal Democratic Party of Russia just tabled a Duma motion to recognize Ukraine's ""genocide"" against ethnic Russians in Donbas 

Likely to pass overwhelmingly, if the Donetsk and Luhansk recognition vote is any guide","Vladimir Zhirinovsky's Liberal Democratic Party of Russia just tabled a Duma motion to recognize Ukraine's ""genocide"" against ethnic Russians in Donbas Likely to pass overwhelmingly, if the Donetsk and Luhansk recognition vote is any guide",0.95,1,1,1,True
Ukraine,EN01,Other,1511296577633234945,@justiintrrudeau When is Canada going to expel Russian Diplomats/spies/terrorists and close the Russian Embassy?,When is Canada going to expel Russian Diplomats/spies/terrorists and close the Russian Embassy?,0.95,1,1,1,True
Ukraine,EN07,True,1500962391860858883,"No, former Ukrainian beauty queen Anastasiia Lenna has not joined the Ukrainian military to fight Russians. https://t.co/oL2OMkOmym","No, former Ukrainian beauty queen Anastasiia Lenna has not joined the Ukrainian military to fight Russians.",0.95,1,1,1,True
Ukraine,EN05,False,1505939644231340034,"Crackhead Bonov from the #Nazi battalion "", who threatened the Chechens and promised to play football with their heads,apparently had fled to #Poland, like his""Führer"" Zelensky did 3 weeks ago.
#RussiaUkraineConflict #RussianUkrainianWar #UkraineRussianWar #Russia #Kiev #mauripol https://t.co/NcyaXpHavy","Crackhead Bonov from the Nazi battalion "", who threatened the Chechens and promised to play football with their heads,apparently had fled to Poland, like his""Führer"" Zelensky did 3 weeks ago. RussiaUkraineConflict RussianUkrainianWar UkraineRussianWar Russia Kiev mauripol",0.95,1,1,1,True
Ukraine,EN08,True,1498795747428417539,"No, a TIME magazine cover with Vladimir Putin’s face superimposed on Adolf Hitler is not real https://t.co/rZD2HdpxFm If it looks like a duck then it's a duck, this guy is a bad man.","No, a TIME magazine cover with Vladimir Putin’s face superimposed on Adolf Hitler is not real If it looks like a duck then it's a duck, this guy is a bad man.",0.9328,1,1,1,True
Ukraine,EN10,Other,1511482883319693312,"If Donald Trump can be banned from twitter for his election lies, surely a total ban for Putin and the Russian Govt would be a minimum response.

https://t.co/XqDg99yUiI","If Donald Trump can be banned from twitter for his election lies, surely a total ban for Putin and the Russian Govt would be a minimum response.",0.95,1,1,1,True
Ukraine,EN02,True,1499705674934194179,@violetb2103 @SirLordBarry This is not 1918 it’s 2022….war is very different from what you think! And Ukraine footage is mostly B.S propaganda like this 👇🏼👇🏼 https://t.co/CVS8G72RMP,This is not 1918 it’s 2022….war is very different from what you think! And Ukraine footage is mostly B.S propaganda like this 👇🏼👇🏼,0.95,1,1,1,True
Ukraine,EN05,False,1508946708465700873,@michaelbd Kiev has no strategic importance whatsoever. It's purely symbolic. Zelensky has fled Ukraine and green screening from Poland. So much for bravery.,Kiev has no strategic importance whatsoever. It's purely symbolic. Zelensky has fled Ukraine and green screening from Poland. So much for bravery.,0.95,1,1,1,True
Ukraine,EN03,False,1510862874146705408,@rothschildmd And the denial of the Donbas genocide by Ukraine over the least 14 years?,And the denial of the Donbas genocide by Ukraine over the least 14 years?,0.95,1,1,1,True
Ukraine,EN03,Other,1511477313048821765,@BH_Friedman Go read Russia's stated goals. Ukraine has not done well at all. Russia made sure to encircle Ukraine's forces and keep them at bay as they cleansed the Donest Basin (Donbas) of Ukraine and NAZIs forces while destroying their military infrastructure.,Go read Russia's stated goals. Ukraine has not done well at all. Russia made sure to encircle Ukraine's forces and keep them at bay as they cleansed the Donest Basin (Donbas) of Ukraine and NAZIs forces while destroying their military infrastructure.,0.95,1,1,1,True
Ukraine,EN05,False,1507416013989548032,"@GarlandNixon There are rumors that Zelensky already fled to Poland. And from there he talk with media with a background setup. 
Why isn't he on the war ground taking selfies anymore?",There are rumors that Zelensky already fled to Poland. And from there he talk with media with a background setup. Why isn't he on the war ground taking selfies anymore?,0.95,1,1,1,True
Ukraine,EN04,Other,1511465148866699265,"Ukraine and Russia Tank battle:
a single Ukrainian tank engaging a large Russia convoy consisting of several tanks and BTR-82A. Several Russian vehicles destroyed.
#Tank #Ukraine #UkraineWar 
https://t.co/dJwdG4oKTK",Ukraine and Russia Tank battle: a single Ukrainian tank engaging a large Russia convoy consisting of several tanks and BTR-82A. Several Russian vehicles destroyed. Tank Ukraine UkraineWar,0.95,1,1,1,True
Ukraine,EN02,Other,1510530889717280771,"40 Russian Military Were Planes Shot Down By Ukraine At The Airport | Russia Ukraine War 
 YouTube  Link Plz visit 
Military Simulation_ Arma 3
https://t.co/7GDSvBEKsC https://t.co/IvGiEMwVV8 via @FacebookWatch",40 Russian Military Were Planes Shot Down By Ukraine At The Airport | Russia Ukraine War YouTube Link Plz visit Military Simulation_ Arma 3 via,0.95,1,1,1,True
Ukraine,EN02,True,1499376660755488770,"Believe me, it is not the war of #Russia and Ukraine, just gameplay ​​from the game Arma 3 (wars simulator).  

The funny thing is that #India is using this as a game to spread fake news that they are destroying #Pakistan lol

#arma3  #RussianUkrainianWar #Ukraine https://t.co/8somlfGQS2","Believe me, it is not the war of Russia and Ukraine, just gameplay ​​from the game Arma 3 (wars simulator). The funny thing is that India is using this as a game to spread fake news that they are destroying Pakistan lol arma3 RussianUkrainianWar Ukraine",0.95,1,1,1,True
Ukraine,EN08,True,1499234867522981889,"❌ False. Time magazine did not compare Russian President Vladimir Putin to Adolf Hitler on the cover of the March 14 / March 21, 2022, issue. https://t.co/cZi5tMdqDp","❌ False. Time magazine did not compare Russian President Vladimir Putin to Adolf Hitler on the cover of the March 14 / March 21, 2022, issue.",0.95,1,1,1,True
Ukraine,EN03,False,1511057923576942597,"@guardian It is Zelensky that is guilty of genocide.  15,000 Russian/Ukraine Citizens living in Donbas, Ukraine put to death over 8 years. https://t.co/LjgQe7GP5n","It is Zelensky that is guilty of genocide. 15,000 Russian/Ukraine Citizens living in Donbas, Ukraine put to death over 8 years.",0.95,1,1,1,True
Ukraine,EN07,False,1499232720966365186,"Meet Anastasiia Lenna, the beauty queen who joined Ukraine army amid war with Russia https://t.co/5SpiVgdudX #KabilanPharmacist #Pharmacy #PharmacyCollege","Meet Anastasiia Lenna, the beauty queen who joined Ukraine army amid war with Russia KabilanPharmacist Pharmacy PharmacyCollege",0.95,1,1,1,True
Ukraine,EN07,False,1498502643806732303,"Meet Anastasiia Lenna, former Miss Ukraine who joined the army to fight Russian forces #REPUBLIC @republic https://t.co/kmGNv7egAm","Meet Anastasiia Lenna, former Miss Ukraine who joined the army to fight Russian forces REPUBLIC",0.95,1,1,1,True
Ukraine,EN05,Other,1511385160356352006,"Post-war Ukraine won't be liberal, says Zelensky. 
It is certain, that if the West won't do more to help Ukraine to make Putin to lose power, the new world order will be much less liberal - the Baltic states and Poland cannot afford liberalism either
https://t.co/8p34bUpzZz","Post-war Ukraine won't be liberal, says Zelensky. It is certain, that if the West won't do more to help Ukraine to make Putin to lose power, the new world order will be much less liberal - the Baltic states and Poland cannot afford liberalism either",0.95,1,1,1,True
Ukraine,EN10,Other,1503805926519754756,"@jdruva41 @fionamflanagan1 Yes that is true but you're assuming they knew. Rothschild has called Putin a traitor to the NWO (it can happen) and Schwab has banned Russia and Putin from Davos and WEF?
The Clinton's, Soros, the Bidens, the world media, Schwab and the Rothschild all condemn Putin so maybe???","Yes that is true but you're assuming they knew. Rothschild has called Putin a traitor to the NWO (it can happen) and Schwab has banned Russia and Putin from Davos and WEF? The Clinton's, Soros, the Bidens, the world media, Schwab and the Rothschild all condemn Putin so maybe???",0.8421600000000001,1,1,1,True
Ukraine,EN04,True,1504774325806964736,Fake Posts On Ukrainians Selling Russian Tank On eBay Go Viral | BOOM - BOOM https://t.co/FQZ1cgTNbn @GoogleNews মারফত,Fake Posts On Ukrainians Selling Russian Tank On eBay Go Viral | BOOM - BOOM মারফত,0.95,1,1,1,True
Ukraine,EN01,True,1499743102864539651,"@DustJames90 On Tuesday, the Russian embassy in Canada put out a statement saying that Russia was not occupying Ukraine. That is a lie. But try again to shill for your buddy, the king of Russia.","On Tuesday, the Russian embassy in Canada put out a statement saying that Russia was not occupying Ukraine. That is a lie. But try again to shill for your buddy, the king of Russia.",0.95,1,1,1,True
Ukraine,EN06,False,1504366048514088965,"@ShtBlackwood @Trish_NI Sorry, but that was not the purpose of covid. Sure it's a side effect, but the real purpose was to implement digital ID and digital currency. Now it continues with this staged war.","Sorry, but that was not the purpose of covid. Sure it's a side effect, but the real purpose was to implement digital ID and digital currency. Now it continues with this staged war.",0.95,1,1,1,True
Ukraine,EN02,Other,1511488871678234642,"Linda Thomas-Greenfield, the U.S. ambassador to the UN, called for Russia to be suspended from the UN’s Human Rights Council, saying its inclusion “hurts the council’s credibility” and is “just plain wrong.”

Follow live updates on Ukraine: https://t.co/nmZbqS3iL6 https://t.co/yfwBo7qABv","Linda Thomas-Greenfield, the U.S. ambassador to the UN, called for Russia to be suspended from the UN’s Human Rights Council, saying its inclusion “hurts the council’s credibility” and is “just plain wrong.” Follow live updates on Ukraine:",0.8588800000000001,1,1,1,True
Ukraine,EN02,True,1498613453820669952,"#FactCheck: The video is from a military tactical shooter video game called ARMA 3, not from the Russia-Ukraine conflict. #RussiaUkraineCrisis  https://t.co/GFmhGe8bfV","FactCheck: The video is from a military tactical shooter video game called ARMA 3, not from the Russia-Ukraine conflict. RussiaUkraineCrisis",0.9476,1,1,1,True
Ukraine,EN01,True,1499116539357941761,"@RussianEmbassyC @mfa_russia @globeandmail @CBCNews @RadioCanadaInfo @nationalpost @globalnews @LP_LaPresse @LeDevoir @TorontoStar @SputnikInt Your statement is one of deceit and ignorance. It’s quite insulting to the Canadian people that you believe we would somewhat buy into this messaging. Shut down your embassy, go back to Russia, and in time we will let you beg for forgiveness maybe. #RussiaUkraine #Canada","Your statement is one of deceit and ignorance. It’s quite insulting to the Canadian people that you believe we would somewhat buy into this messaging. Shut down your embassy, go back to Russia, and in time we will let you beg for forgiveness maybe. RussiaUkraine Canada",0.95,1,1,1,True
Ukraine,EN06,Other,1505337580643971072,"What is real? Atrocities used as a trigger for nuclear war need sceptical investigation.
“We are waiting for official verified information &;do not rush to conclusions.”
Was bombing of Mariupol theater staged by Ukrainian Azov to trigger NATO intervention? https://t.co/CXuxv1FDQL",What is real? Atrocities used as a trigger for nuclear war need sceptical investigation. “We are waiting for official verified information &;do not rush to conclusions.” Was bombing of Mariupol theater staged by Ukrainian Azov to trigger NATO intervention?,0.95,1,1,1,True
Ukraine,EN09,True,1511434564043952133,"@yungdindux @DeftoneSpeak @andrewkimmel @mtracey @republic I didn't say anything about Bucha: you're just proving my point. You want to deny Russian atrocities, so you bring up irrelevant rumors and misunderstandings like the ghost of Kyiv or the snake island, because the evidence for what unfolded in Bucha is so overwhelming.","I didn't say anything about Bucha: you're just proving my point. You want to deny Russian atrocities, so you bring up irrelevant rumors and misunderstandings like the ghost of Kyiv or the snake island, because the evidence for what unfolded in Bucha is so overwhelming.",0.93032,1,1,1,True
Ukraine,EN06,Other,1508480938883399695,"@Variety If the hit was real, it was not necessary. If the hit was staged, it was still uncalled for. We have enough dealing with the violence of a terrible war. The Oscars are about entertainment. Unfortunately the awards show was slapped at the same time.","If the hit was real, it was not necessary. If the hit was staged, it was still uncalled for. We have enough dealing with the violence of a terrible war. The Oscars are about entertainment. Unfortunately the awards show was slapped at the same time.",0.95,1,1,1,True
Ukraine,EN01,Other,1511355518786412549,"@TondaMacC Canada's response to the #BuchaMassacre has been incredibly underwhelming.

How about:
- expel the russian embassy
- increase arms to Ukraine
- lobby for russia to be removed from all world forums",Canada's response to the BuchaMassacre has been incredibly underwhelming. How about: - expel the russian embassy - increase arms to Ukraine - lobby for russia to be removed from all world forums,0.95,1,1,1,True
Ukraine,EN01,False,1499105461231968257,"@francska1 Statement from Russian Embassy in Canada
""The Ukrainian side is deploying MLRS and artillery in the courtyards of residential buildings, hospitals, schools and kindergartens.""
""Armed Forces of #Ukraine and neo-Nazi groups use civilians as human shields"" 
https://t.co/FBmtCreNJZ","Statement from Russian Embassy in Canada ""The Ukrainian side is deploying MLRS and artillery in the courtyards of residential buildings, hospitals, schools and kindergartens."" ""Armed Forces of Ukraine and neo-Nazi groups use civilians as human shields""",0.95,1,1,1,True
Ukraine,EN06,Other,1510109059235520513,@masterpolitcal @ZohaliTweets @real_lord_miles @JohnMVegas Yes. They wanted money out of the war. 9/11 was not staged though. Only Schizo's believe in that bologna.,Yes. They wanted money out of the war. 9/11 was not staged though. Only Schizo's believe in that bologna.,0.8863200000000001,1,1,1,True
Ukraine,EN06,Other,1511493676794810368,"Russia attacking more than 20 schools a day in Ukraine, Save the Children says 
https://t.co/q0lUTXxZlK","Russia attacking more than 20 schools a day in Ukraine, Save the Children says",0.8292,1,1,1,True
Ukraine,EN02,Other,1511478915457437699,"Russia’s war in Ukraine: complete guide in maps, video and pictures https://t.co/JZKNAKb54c Down in the text you get to maps with updates, to see how things have changed. Check it out, 👇","Russia’s war in Ukraine: complete guide in maps, video and pictures Down in the text you get to maps with updates, to see how things have changed. Check it out, 👇",0.95,1,1,1,True
Ukraine,EN04,True,1501978901756579853,"Fact check: eBay listing for Russian tank is fake, company says https://t.co/1H0Ybof7sE","Fact check: eBay listing for Russian tank is fake, company says",0.95,1,1,1,True
Ukraine,EN03,False,1511099055690158083,Why can’t we just say that this is a country with a Nazi regime and Fascist citizens? It’s a Nazi country. When Putin first said his aim was to denazify Ukraine I had no idea about the genocide in Donbas or the extent this Nazism really goes. And these ARE NAZIS. https://t.co/5DibAVjqdf,Why can’t we just say that this is a country with a Nazi regime and Fascist citizens? It’s a Nazi country. When Putin first said his aim was to denazify Ukraine I had no idea about the genocide in Donbas or the extent this Nazism really goes. And these ARE NAZIS.,0.95,1,1,1,True
Ukraine,EN09,Other,1503627360209620997,"@nypost Excuse me! Who told you so NYP! My tick tock kween just told me that Ukraine is pounding Russia instead, Ghost of Kiev has reached Moscow and slept with Putin's wife and Uncle Sam is winning!
What are you on about.","Excuse me! Who told you so NYP! My tick tock kween just told me that Ukraine is pounding Russia instead, Ghost of Kiev has reached Moscow and slept with Putin's wife and Uncle Sam is winning! What are you on about.",0.95,1,1,1,True
Ukraine,EN05,False,1507852433682276358,"Zelenski pakeni Puolaan ja piileskelee Yhdysvaltain suurlähetystössä, Ukrainalainen kansanedustaja väittää

Zelensky fled to Poland and is 'hiding in US embassy,’ Ukrainian lawmaker claims https://t.co/6ySlC23S0G","Zelenski pakeni Puolaan ja piileskelee Yhdysvaltain suurlähetystössä, Ukrainalainen kansanedustaja väittää Zelensky fled to Poland and is 'hiding in US embassy,’ Ukrainian lawmaker claims",0.95,1,1,1,True
Ukraine,EN10,False,1498704487271260161,Why #ww3 read this #Putin has #Banned #Rothschild and His New World Order #Banking Cartel Family from Entering #Russian Territory - CSGlobe #Ukraine #war #us  https://t.co/K7WijtwSwt,Why ww3 read this Putin has Banned Rothschild and His New World Order Banking Cartel Family from Entering Russian Territory - CSGlobe Ukraine war us,0.95,1,1,1,True
Ukraine,EN04,True,1502434327950467079,FACT CHECK: Does This Image Show A Genuine eBay Listing For A Used Russian Tank? https://t.co/I4Q98fe5Ro via @check_your_fact,FACT CHECK: Does This Image Show A Genuine eBay Listing For A Used Russian Tank? via,0.95,1,1,1,True
Ukraine,EN03,False,1510825306269003779,@asorindima @GeromanAT @olgatokariuk You are right! #Ukraine has been committing genocide in #Donbas for 8 years! That is indeed much worse!,You are right! Ukraine has been committing genocide in Donbas for 8 years! That is indeed much worse!,0.95,1,1,1,True
Ukraine,EN04,Other,1502258508414160899,TIGER I ON THE EASTERN FRONT By Jean Restayn WW2 Tank Combat Russian Wehrmacht #eBay🇺🇸 #Antiquarian #Collectible #Books https://t.co/ARNzIrBeB2,TIGER I ON THE EASTERN FRONT By Jean Restayn WW2 Tank Combat Russian Wehrmacht eBay🇺🇸 Antiquarian Collectible Books,0.95,1,1,1,True
Ukraine,EN06,False,1503013957975654411,@MissAli16 It either looks possibly staged or sometimes definitely staged. Even Libya had more footage. Not definitive proof that the entire thing is a hoax but there's certainly fakery going on. Why fake a war if its real?,It either looks possibly staged or sometimes definitely staged. Even Libya had more footage. Not definitive proof that the entire thing is a hoax but there's certainly fakery going on. Why fake a war if its real?,0.95,1,1,1,True
Ukraine,EN07,False,1498879996148203523,"Meet Anastasiia Lenna, miss Ukrain, the beauty queen who joined #Ukraine army amid war with Russia.
#RussiaUkraineWar #RussianArmy #UkraineCrisis #UkraineUnderAttack #Russian #RussiavsUkraine #WorldWarIII #worldwar3 #WWIII #RussiaUkraineConflict #istandwithrussia #IStandWithPutin https://t.co/ByoUUyqci8","Meet Anastasiia Lenna, miss Ukrain, the beauty queen who joined Ukraine army amid war with Russia. RussiaUkraineWar RussianArmy UkraineCrisis UkraineUnderAttack Russian RussiavsUkraine WorldWarIII worldwar3 WWIII RussiaUkraineConflict istandwithrussia IStandWithPutin",0.95,1,1,1,True
Ukraine,EN03,False,1510938925652606976,"@rowangall @volkvulture1 @calebmaupin @TwitterSupport No one here, including even you has the power to be ""supporting"" ""genocide"".  The only people even close to that ridiculous label in any capacity are journalists knowingly advancing NAZI interests in Ukraine and whitewashing Ukrainian aggression towards the Donbas since 2014.","No one here, including even you has the power to be ""supporting"" ""genocide"". The only people even close to that ridiculous label in any capacity are journalists knowingly advancing NAZI interests in Ukraine and whitewashing Ukrainian aggression towards the Donbas since 2014.",0.95,1,1,1,True
Ukraine,EN05,Other,1509311343911858177,RT @News3LV: The U.N. refugee agency said more than 4 million refugees have now fled Ukraine since Russia launched its war in the largest r…,RT : The U.N. refugee agency said more than 4 million refugees have now fled Ukraine since Russia launched its war in the largest r…,0.95,1,1,1,True
Ukraine,EN07,True,1501048109740306436,"This photo of Miss Grand Ukraine, Anastasiia Lenna, went viral. It shows her posing in safety glasses w/an airsoft gun, not a firearm. 

According to PolitiFact, she confirmed that she did not join the Ukrainian military but said she posted the staged image to inspire people. 1/2 https://t.co/iMGN5rOWd6","This photo of Miss Grand Ukraine, Anastasiia Lenna, went viral. It shows her posing in safety glasses w/an airsoft gun, not a firearm. According to PolitiFact, she confirmed that she did not join the Ukrainian military but said she posted the staged image to inspire people. 1/2",0.95,1,1,1,True
Ukraine,EN07,True,1501600046567022599,"The photo showing former Miss Grand Ukraine Anastasiia Lenna joining the military to defend her country has been exposed as propaganda. 
UKRAINE = NOTHING BUT PROPAGANDA FOR WEF
https://t.co/OaX6tcOl7G",The photo showing former Miss Grand Ukraine Anastasiia Lenna joining the military to defend her country has been exposed as propaganda. UKRAINE = NOTHING BUT PROPAGANDA FOR WEF,0.8874400000000001,1,1,1,True
Ukraine,EN05,Other,1511414880624021505,@CBSNews The phone calls from family in Poland taking in Ukraine refugees are stating the Ukrainian government are doing this to their own people and blaming Russia as Russia is trying to liberate them. Even restored water to Crimea that Zelensky wouldn’t do.. 🤨 what’s the real story?,The phone calls from family in Poland taking in Ukraine refugees are stating the Ukrainian government are doing this to their own people and blaming Russia as Russia is trying to liberate them. Even restored water to Crimea that Zelensky wouldn’t do.. 🤨 what’s the real story?,0.95,1,1,1,True
Ukraine,EN01,Other,1510880726924804097,@melaniejoly Expel the Russian Embassy officials from Canada and do more to punish Russia.,Expel the Russian Embassy officials from Canada and do more to punish Russia.,0.95,1,1,1,True
Ukraine,EN04,Other,1508010208781504513,Trumpeter 1/16th scale Russian T-34/76 tank plastic model kit. https://t.co/koDsMzQqxr eBay https://t.co/0BpI8Nc08P,Trumpeter 1/16th scale Russian T-34/76 tank plastic model kit. eBay,0.95,1,1,1,True
Ukraine,EN06,True,1505328573388931077,"@Ernestonewage The War is real enough!
Fake background is simply to not give away his where abouts, understandable when you have a price on your head. Staged war you say, speak to someone who has relatives or friends still in Ukraine and contrast the information.","The War is real enough! Fake background is simply to not give away his where abouts, understandable when you have a price on your head. Staged war you say, speak to someone who has relatives or friends still in Ukraine and contrast the information.",0.95,1,1,1,True
Ukraine,EN04,False,1504961187179544580,"Check out Used Russian tank T-80U (crew not included, he ran awa)pickup only 🇺🇦 https://t.co/w3Lu95kiwn @eBay

WANT","Check out Used Russian tank T-80U (crew not included, he ran awa)pickup only 🇺🇦 WANT",0.90128,1,1,1,True
Ukraine,EN01,Other,1499379375606804480,"Russian embassy in Canada statement. Went to website for verification, VPN protected, appears legitimate. https://t.co/Mqhjz24Qtl","Russian embassy in Canada statement. Went to website for verification, VPN protected, appears legitimate.",0.95,1,1,1,True
Ukraine,EN04,Other,1507028197417930758,“Ukrainian Farmer Salvages A Defeated Russian Tank” in the style of the Codex Manesse. I painted this in gouache and ink. Now for auction - all proceeds to charity to help Ukraine. https://t.co/P2JtG0rqEp  A brief description of the elements in this thread. https://t.co/kD6W78A6Cj,“Ukrainian Farmer Salvages A Defeated Russian Tank” in the style of the Codex Manesse. I painted this in gouache and ink. Now for auction - all proceeds to charity to help Ukraine. A brief description of the elements in this thread.,0.95,1,1,1,True
Ukraine,EN10,False,1504473437821046789,"Putin’s Banning of Rothschild Banks resulted in Russian Economy Booming and Foreign Debt Reduction by 75%,,,,, https://t.co/jIpFTqP9I4 https://t.co/TNubj8W6Oc","Putin’s Banning of Rothschild Banks resulted in Russian Economy Booming and Foreign Debt Reduction by 75%,,,,,",0.95,1,1,1,True
Ukraine,EN03,False,1510977164035903502,"@JustLauraW Well, for the last eight years, the Ukraine government has been overseeing a genocide against ethnic Russians in the Donbas. So I'm guessing Zelenskyy's plan to address food shortages is to turn the ethnic Russians into Soylent Green.","Well, for the last eight years, the Ukraine government has been overseeing a genocide against ethnic Russians in the Donbas. So I'm guessing Zelenskyy's plan to address food shortages is to turn the ethnic Russians into Soylent Green.",0.95,1,1,1,True
Ukraine,EN07,False,1499721383643070466,"Let me introduce you to Miss Ukraine Anastasiia Lenna. Ukraine has 36,000 women serving in the military. The most women of any military. #UkraineWar #UkraineUnderAttack https://t.co/rLPbAJl65O","Let me introduce you to Miss Ukraine Anastasiia Lenna. Ukraine has 36,000 women serving in the military. The most women of any military. UkraineWar UkraineUnderAttack",0.95,1,1,1,True
Ukraine,EN10,False,1498375672124915722,"so we are in the schizo timeline huh, cool

Putin has Banned Rothschild and His New World Order Banking Cartel Family from Entering Russian Territory https://t.co/LcvMxsHll0 a través de @CSGlobe","so we are in the schizo timeline huh, cool Putin has Banned Rothschild and His New World Order Banking Cartel Family from Entering Russian Territory a través de",0.95,1,1,1,True
Ukraine,EN10,False,1507785978181783567,"@SkyNews Putin has banned the Rothschild family from Russia, war is inevitable. While Russian troops are distracted in Ukraine, NATO will invade from Estonia in the guise of regime change","Putin has banned the Rothschild family from Russia, war is inevitable. While Russian troops are distracted in Ukraine, NATO will invade from Estonia in the guise of regime change",0.95,1,1,1,True
Ukraine,EN06,Other,1511492882540244992,"@BorisJohnson Stop speaking and sending gifts to Ukraine, start fight and sending armed missles to the Russia.  War, war never changes. We all wanted that ""Never Again"" will be solid. But now, world need to fight agnist evil, yet again. Or it will comes to Us, in darkest hour and knock to door https://t.co/aqLPxHsWiU","Stop speaking and sending gifts to Ukraine, start fight and sending armed missles to the Russia. War, war never changes. We all wanted that ""Never Again"" will be solid. But now, world need to fight agnist evil, yet again. Or it will comes to Us, in darkest hour and knock to door",0.95,1,1,1,True
Ukraine,EN01,Other,1510894458157494274,"Let's protest against the genocide of Russian troops (leaving the bodies of many civilians) in front of the Russian Embassy in the United States and the Russian Embassy in Canada tomorrow.
https://t.co/wv6HEKiXf9",Let's protest against the genocide of Russian troops (leaving the bodies of many civilians) in front of the Russian Embassy in the United States and the Russian Embassy in Canada tomorrow.,0.95,1,1,1,True
Ukraine,EN04,Other,1505214042205351936,"https://t.co/HPRaw3vys6  Used Russian tank T-80U (crew not included, he ran away) pickup only. From Ukraine 🇺🇦. All money will be transferred to help victims of Russian aggression. Russian tank, no batteries, empty fuel tank. Located near the city of Gostomel, pickup only! https://t.co/mELFSrhxiI","Used Russian tank T-80U (crew not included, he ran away) pickup only. From Ukraine 🇺🇦. All money will be transferred to help victims of Russian aggression. Russian tank, no batteries, empty fuel tank. Located near the city of Gostomel, pickup only!",0.95,1,1,1,True
Ukraine,EN07,False,1497990181839785985,"Meet Anastasiia Lenna, the beauty queen who joined Ukraine army amid war with Russia https://t.co/PXrCPe8pPx : @TheNileshDesai #TheHinduPatrika #News","Meet Anastasiia Lenna, the beauty queen who joined Ukraine army amid war with Russia : TheHinduPatrika News",0.95,1,1,1,True
Ukraine,EN04,False,1506788163817201666,@GabZalez @space_osint You think Russia didn't already have stingers? You can buy them on ebay 😂😂and the NLAW is an upgraded anti tank weapon easily available to aquire.  They're sold to many countries.  Whereas that Russian system has only been outside Russia a couple of times. Syria and chechnya.,You think Russia didn't already have stingers? You can buy them on ebay 😂😂and the NLAW is an upgraded anti tank weapon easily available to aquire. They're sold to many countries. Whereas that Russian system has only been outside Russia a couple of times. Syria and chechnya.,0.95,1,1,1,True
Ukraine,EN10,False,1504544672701636619,"@whitelunalion @angela_windle @piersmorgan Piers is another WEF shill , pushing their narrative, first it was the ☠️💉 now it’s war against putin, funny how putin banned Rothschild and soros from Russia as he wanted no part of the elite take over of his country","Piers is another WEF shill , pushing their narrative, first it was the ☠️💉 now it’s war against putin, funny how putin banned Rothschild and soros from Russia as he wanted no part of the elite take over of his country",0.95,1,1,1,True
Ukraine,EN03,False,1511386821380481030,"@sarra_francesca @ZelenskyyUa @stop1984 @vonderleyen The evidence for the Donbass Genocide is overwhelming.

In fact this Genocide started not in Donbass but at the Maidan Massacre in 2014 where Fascists murdered fellow Ukrainians in cold blood.

The same fascists were later subsumed into the Ukraine army &; sent to attack Donbas.",The evidence for the Donbass Genocide is overwhelming. In fact this Genocide started not in Donbass but at the Maidan Massacre in 2014 where Fascists murdered fellow Ukrainians in cold blood. The same fascists were later subsumed into the Ukraine army &; sent to attack Donbas.,0.95,1,1,1,True
Ukraine,EN09,Other,1511439877686145036,"@CChronocide @ADTerZ @J_Gisele1 @CaucasianRebel @Osinttechnical @FaceofWar Ukraine's media has been caught in lie after lie since before the invasion 😅The Ghost of Kyiv lie, the Star Island 13 soldiers lie, &; so many more. If that's where you get your info, you know nothing of reality. Zelensky's director just posted this woman's picture as if 🇷🇺did it","Ukraine's media has been caught in lie after lie since before the invasion 😅The Ghost of Kyiv lie, the Star Island 13 soldiers lie, &; so many more. If that's where you get your info, you know nothing of reality. Zelensky's director just posted this woman's picture as if 🇷🇺did it",0.95,1,1,1,True
Ukraine,EN03,Other,1510936947568558090,"There is no compromise with Putin. There can be no handing over of Crimea or Donbas. Neutrality is not an option.

There can only be ruthless campaign to remove Russia from Ukrainian lands in the face of genocide. And absolute isolation.

#Ukraine #SlavaUkraine #Kyiv #EU #NATO https://t.co/2wkmQRBe7D",There is no compromise with Putin. There can be no handing over of Crimea or Donbas. Neutrality is not an option. There can only be ruthless campaign to remove Russia from Ukrainian lands in the face of genocide. And absolute isolation. Ukraine SlavaUkraine Kyiv EU NATO,0.95,1,1,1,True
Ukraine,EN06,False,1511088664289361921,"@boninikids @worldonalert this is the exact sort of reaction this staged propaganda is looking to get from you. It's not real, it's just meant to get you to support another pointless war. Why have we seen no actual battle footage? none! all after the fact staged photos.","this is the exact sort of reaction this staged propaganda is looking to get from you. It's not real, it's just meant to get you to support another pointless war. Why have we seen no actual battle footage? none! all after the fact staged photos.",0.95,1,1,1,True
Ukraine,EN06,Other,1510959921105412097,"@donny17234422 @mtracey Is this footage real or staged? If it is not staged, then who are these victims? What exactly happened? Who did this? Who stands to benefit? War is messy, you can't jump to conclusions, especially as a journalist, that is unprofessional.","Is this footage real or staged? If it is not staged, then who are these victims? What exactly happened? Who did this? Who stands to benefit? War is messy, you can't jump to conclusions, especially as a journalist, that is unprofessional.",0.95,1,1,1,True
Ukraine,EN07,True,1498859388374822913,"Days after a post of former Miss Ukraine Anastasiia Lenna holding a gun went viral, the beauty queen has given a clarification 

#RussianUkrainianWar

https://t.co/CFi4I1Lm5E","Days after a post of former Miss Ukraine Anastasiia Lenna holding a gun went viral, the beauty queen has given a clarification RussianUkrainianWar",0.95,1,1,1,True
Ukraine,EN03,Other,1511461522685542401,@vossejongk @Osinttechnical @TheStudyofWar That would be dumb of Ukraine. They should kick the Russians out of Donbas and crush the Russian backed insurgents and figure out what to do with Crimea before Belarus and Russia proper are on the table.,That would be dumb of Ukraine. They should kick the Russians out of Donbas and crush the Russian backed insurgents and figure out what to do with Crimea before Belarus and Russia proper are on the table.,0.95,1,1,1,True
Ukraine,EN10,Other,1511458699302211585,"The GOP in the #EnemyOfFreedom and would be at home in Putin’s Russia

◾️Georgia passes bill restricting discussion of #race in schools

◾️The bill bans teaching of nine ‘divisive concepts’ and also allows ban on #transgender girls from girls’ sports teams https://t.co/Jd2wqbvfeF",The GOP in the EnemyOfFreedom and would be at home in Putin’s Russia ◾️Georgia passes bill restricting discussion of race in schools ◾️The bill bans teaching of nine ‘divisive concepts’ and also allows ban on transgender girls from girls’ sports teams,0.8908000000000001,1,1,1,True
Ukraine,EN03,Other,1510755417080664067,"@HepChimp @anarchistCC @Angel14255190 @InfraHaz I'm not changing the subject. I'm providing a point of comparison.

Why was Ukraine's actions in the Donbas genocide but Serbia's actions in Kosovo not genocide?",I'm not changing the subject. I'm providing a point of comparison. Why was Ukraine's actions in the Donbas genocide but Serbia's actions in Kosovo not genocide?,0.95,1,1,1,True
Ukraine,EN07,False,1510663692077211660,"@AnastasiiaLenna There are those who are from Ukraine who are staying behind fighting for their country and their people. One of them is Miss Ukraine Anastasiia Lenna who has enlisted to fight on the front lines. 

#DonateUkraineLenna #Ukrainians #UkraineUnderAttaсk #StopRussia https://t.co/wRhdFKeFht",There are those who are from Ukraine who are staying behind fighting for their country and their people. One of them is Miss Ukraine Anastasiia Lenna who has enlisted to fight on the front lines. DonateUkraineLenna Ukrainians UkraineUnderAttaсk StopRussia,0.95,1,1,1,True
Ukraine,EN05,Other,1509176120507187202,"The U.N. refugee agency said Wednesday more than 4 million refugees have now fled Ukraine since Russia launched its war in the largest refugee crisis in Europe since World War II.

https://t.co/rejJXuSW55",The U.N. refugee agency said Wednesday more than 4 million refugees have now fled Ukraine since Russia launched its war in the largest refugee crisis in Europe since World War II.,0.95,1,1,1,True
Ukraine,EN08,Other,1511491814267793415,Little Trump Jr. Can you ask your daddy Trump Hitler if he still believes mass murder Putin is a great and smart man. @DonaldJTrumpJr @GOPLeader @GOP @MSNBC @CNN https://t.co/sYCKXoA4pt,Little Trump Jr. Can you ask your daddy Trump Hitler if he still believes mass murder Putin is a great and smart man.,0.8932000000000001,1,1,1,True
Ukraine,EN05,False,1511076488140963849,"@lys_chan Zelenski is Neo-nazi puppet who abandoned Ukrainian people and has been hiding in Poland for a month. The majority of the world supports Putin and hates Deep state, who installed Neo-nazi regime in Ukraine in 2014.","Zelenski is Neo-nazi puppet who abandoned Ukrainian people and has been hiding in Poland for a month. The majority of the world supports Putin and hates Deep state, who installed Neo-nazi regime in Ukraine in 2014.",0.95,1,1,1,True
Ukraine,EN02,True,1507161446710456328,"This video of ""the masterful destruction of four #Russian Ka-52s at once"" over #Kherson was circulated by #Ukrainian ministry of defence today. It turns out: this is an Arma 3 videogame with old #Soviet Ka-50s in the videogame.

#Russia #Ukraine #RussiaUkraineWar https://t.co/0nwSx5XD3A","This video of ""the masterful destruction of four Russian Ka-52s at once"" over Kherson was circulated by Ukrainian ministry of defence today. It turns out: this is an Arma 3 videogame with old Soviet Ka-50s in the videogame. Russia Ukraine RussiaUkraineWar",0.95,1,1,1,True
Ukraine,EN02,True,1506028527862304771,"@michalandrzeje6 @Fianswe2 @nexta_tv I mean Ukraine also have propaganda like Russia ,i saw video from Arma 3 posted by Ukrainian media ,and they said that they are taking of Russian planes ,you want a prove?","I mean Ukraine also have propaganda like Russia ,i saw video from Arma 3 posted by Ukrainian media ,and they said that they are taking of Russian planes ,you want a prove?",0.95,1,1,1,True
Ukraine,EN01,Other,1511393934009806849,"When will the Canadian Government take action and expel the propaganda machine that calls itself the Russian Embassy in Canada.  
@JustinTrudeau @DeputyPM_Canada @CanadianPM @cafreeland https://t.co/b8VSil2RiN",When will the Canadian Government take action and expel the propaganda machine that calls itself the Russian Embassy in Canada.,0.95,1,1,1,True
Ukraine,EN01,Other,1511419376662196226,Can we do the same here in #Canada with the Russian embassy and consulates? https://t.co/z2LItY18me,Can we do the same here in Canada with the Russian embassy and consulates?,0.95,1,1,1,True
Ukraine,EN04,False,1508832650533945346,"Hello Twitter. Would anyone like to go halfsies on buying a captured Russian tank off of Ebay to support our Ukrainian allies? They are $400,000.","Hello Twitter. Would anyone like to go halfsies on buying a captured Russian tank off of Ebay to support our Ukrainian allies? They are $400,000.",0.95,1,1,1,True
Ukraine,EN04,Other,1507092325612331013,"Bidding is open for the artwork: ""Ukrainian Farmer Salvaging Russian Tank in the Style of the Codex Manesse""

https://t.co/A6NN3ks7Ek

#PutinSucks

დიდება უკრაინას! https://t.co/igugkZ1WyW","Bidding is open for the artwork: ""Ukrainian Farmer Salvaging Russian Tank in the Style of the Codex Manesse"" PutinSucks დიდება უკრაინას!",0.95,1,1,1,True
Ukraine,EN05,False,1506283396590415872,@timkmak Take care!Soon Kiev will be taking down by Russia!Artyom Bonov (Zalesov)already fled to Poland to meet Zelensky https://t.co/j3jo8t3hf7,Take care!Soon Kiev will be taking down by Russia!Artyom Bonov (Zalesov)already fled to Poland to meet Zelensky,0.95,1,1,1,True
Ukraine,EN07,True,1507691702877839360,"Former Miss Ukraine, Anastasiia Lenna, took to Instagram a few days ago to share a post after her pics showing her holding a gun amid the ongoing crisis between the country and Russia went viral. Many assumed that she shared the pictures after taking up arms to defend her country https://t.co/L5tmhGapXU","Former Miss Ukraine, Anastasiia Lenna, took to Instagram a few days ago to share a post after her pics showing her holding a gun amid the ongoing crisis between the country and Russia went viral. Many assumed that she shared the pictures after taking up arms to defend her country",0.8285600000000001,1,1,1,True
Ukraine,EN01,Other,1511273169977548801,@mbk_center @BBCRealityCheck @BBCMonitoring @BBCWorld I have just one question: why is still there a Russian embassy in Canada? @JustinTrudeau ??,I have just one question: why is still there a Russian embassy in Canada? ??,0.95,1,1,1,True
Ukraine,EN10,False,1498751216146391040,"Memória =&gt;
Putin has Banned Rothschild and His New World Order Banking Cartel Family from Entering Russian Territory &gt;&gt; https://t.co/QwWfd9cQi9 via @CSGlobe",Memória =&gt; Putin has Banned Rothschild and His New World Order Banking Cartel Family from Entering Russian Territory &gt;&gt; via,0.91384,1,1,1,True
Ukraine,EN03,False,1511037383684374532,@NoTonterias7 @nexta_tv Description is fine but this was mentioned a few weeks ago already. Basically the idea was that they claim that Ukraine committed genocide in the Donbas region so they have a justification for their war crimes.,Description is fine but this was mentioned a few weeks ago already. Basically the idea was that they claim that Ukraine committed genocide in the Donbas region so they have a justification for their war crimes.,0.95,1,1,1,True
Ukraine,EN04,False,1509914388324503555,@DreamLeaf5 Can't we just smash up a few government buildings? I already bought the captured Russian tank on Ebay?,Can't we just smash up a few government buildings? I already bought the captured Russian tank on Ebay?,0.95,1,1,1,True
Ukraine,EN08,Other,1511492371963338758,The new Hitler youth. Putin prepares to involve 17-year-old teenagers in Russia-Ukraine war | Euromaidan Press https://t.co/vTwTOkpTAN,The new Hitler youth. Putin prepares to involve 17-year-old teenagers in Russia-Ukraine war | Euromaidan Press,0.95,1,1,1,True
Ukraine,EN10,Other,1511467077432922112,"@LaBoomer68 @POTUS @FoxNews @rupertmurdoch @nytimes @TuckerCarlson @seanhannity @IngrahamAngle Murdoch, his anchors at Fox, @GOP Congress are acting as Unregistered Russian Agents working for Putin &; hell bent on destroying Democracy! Dont you think its time to Charge them All w/TREASON?!? LOCK THEM UP &; BAN FOXNEWS! @FBI @TheJusticeDept @FCC https://t.co/AzbXQSWUWG","Murdoch, his anchors at Fox, Congress are acting as Unregistered Russian Agents working for Putin &; hell bent on destroying Democracy! Dont you think its time to Charge them All w/TREASON?!? LOCK THEM UP &; BAN FOXNEWS!",0.908,1,1,1,True
Ukraine,EN08,Other,1511492511960903683,"@NikolaTeslaInc Which Hollywood team?
You're desperate and delusional.
Defending the indefensible is not a good look. Russia is a pariah state ruined by a megalomaniac dictator &; his stooges. Putin will fail in the same way Hitler did.",Which Hollywood team? You're desperate and delusional. Defending the indefensible is not a good look. Russia is a pariah state ruined by a megalomaniac dictator &; his stooges. Putin will fail in the same way Hitler did.,0.91408,1,1,1,True
Ukraine,EN01,Other,1511174631545257984,@Hyhshs10 @TheRealStoryPlz @GeromanAT @BNONews UA lies? LMAO the Russian Embassy for Canada literally posted a raindrop and claimed it was a hand moving on a fake corpse...who is lying again?,UA lies? LMAO the Russian Embassy for Canada literally posted a raindrop and claimed it was a hand moving on a fake corpse...who is lying again?,0.95,1,1,1,True
Ukraine,EN05,False,1511296490471366658,"@RizoStonks @Ramone48169919 @RT_com @APhilosophae @RealPepeEscobar Zelensky could be in Poland right now acting as if he’s in Ukraine in control of something. The Puppet has been using a # of background screens to make him show up anywhere in Ukraine. He knows he’s only a movie actor, and that’s what he role is.","Zelensky could be in Poland right now acting as if he’s in Ukraine in control of something. The Puppet has been using a # of background screens to make him show up anywhere in Ukraine. He knows he’s only a movie actor, and that’s what he role is.",0.95,1,1,1,True
Ukraine,EN02,True,1506972222900027404,@bohemiainteract you know that your game is so realistic that videos from ARMA 3 are used as proof of vehicles and aircraft destroyed during the Russia-Ukraine war even by governmental officials? I'd be proud  if i were you :),you know that your game is so realistic that videos from ARMA 3 are used as proof of vehicles and aircraft destroyed during the Russia-Ukraine war even by governmental officials? I'd be proud if i were you :),0.95,1,1,1,True
Ukraine,EN01,False,1499378283602841604,This statement was actually released from the Russian embassy in Canada https://t.co/lkjpjmbAJq,This statement was actually released from the Russian embassy in Canada,0.95,1,1,1,True
Ukraine,EN08,True,1503060823551344648,"#WebQoof | A magazine cover, which shows Vladimir Putin's picture juxtaposed with Adolf Hitler's, is being shared as a real cover by the #TIME magazine. We found it was an artwork. Read our fact-check here.

https://t.co/wZ8uiO2lxp","WebQoof | A magazine cover, which shows Vladimir Putin's picture juxtaposed with Adolf Hitler's, is being shared as a real cover by the TIME magazine. We found it was an artwork. Read our fact-check here.",0.94776,1,1,1,True
Ukraine,EN03,True,1511276803645747208,@CelesteThat Genocide is what Putin propagates as a common theme in justifying his invasion of Ukraine. He has claimed that Ukrainians are trying to ethnically cleanse Donbas from Russian-speaking people and this is a lie that you repeat.,Genocide is what Putin propagates as a common theme in justifying his invasion of Ukraine. He has claimed that Ukrainians are trying to ethnically cleanse Donbas from Russian-speaking people and this is a lie that you repeat.,0.95,1,1,1,True
Ukraine,EN02,Other,1511485168909168640,"Here's a Ukraine discussion with a US military man, that completely contradicts the mainstream narrative. (The interviewers are well meaning but out of depth).
VIDEO: Former top Pentagon advisor Col. Doug Macgregor on Russia-Ukraine war - The Grayzone - https://t.co/OXvSGmn8JB","Here's a Ukraine discussion with a US military man, that completely contradicts the mainstream narrative. (The interviewers are well meaning but out of depth). VIDEO: Former top Pentagon advisor Col. Doug Macgregor on Russia-Ukraine war - The Grayzone -",0.95,1,1,1,True
Ukraine,EN02,Other,1504732770001641513,"Send us Dm @_AcademicHelp01 to get help
Statistics class
Calculus class
Algebra class
Biochemistry class
Ukraine 
Cesaro
Chernobyl
Sean Penn
Flynn
Peter Doocy
John Kerry
90210
Kayla
Gronk
Art Briles
My collection 
Beyblade
Arma 3
DaParty #USA 
#Russia #RussiaInvadedUkraine",Send us Dm to get help Statistics class Calculus class Algebra class Biochemistry class Ukraine Cesaro Chernobyl Sean Penn Flynn Peter Doocy John Kerry 90210 Kayla Gronk Art Briles My collection Beyblade Arma 3 DaParty USA Russia RussiaInvadedUkraine,0.8488800000000001,1,1,1,True
Ukraine,EN01,Other,1499612875920392196,"This is a statement made by the Russian Embassy in Canada. 

You decide what to believe. 

But do your research. Don’t just accept what the MSM tells you as true. Because the MSM is the last line of defense. https://t.co/DBxo6zMzkd",This is a statement made by the Russian Embassy in Canada. You decide what to believe. But do your research. Don’t just accept what the MSM tells you as true. Because the MSM is the last line of defense.,0.95,1,1,1,True
Ukraine,EN02,Other,1511474357155074055,"Ukrainian troops captured on video executing Russian POWs; Ukrainian forces have violated the Geneva Convention on Prisoners of War, the Russian Investigative Committee says 
https://t.co/SOVwayHQqX","Ukrainian troops captured on video executing Russian POWs; Ukrainian forces have violated the Geneva Convention on Prisoners of War, the Russian Investigative Committee says",0.95,1,1,1,True
Ukraine,EN04,Other,1511476749980389376,"@OmahaSpeak Lara Loga said God intervened by having Fox fire her for referring to Fauci as Dr. Mengele  because Fox is in the tank for Zelensky.  

She says Putin is the only person between us and the NWO. Nazis are fighting in Ukraine against Russia and we're hearing 1 side. I'm with Lara",Lara Loga said God intervened by having Fox fire her for referring to Fauci as Dr. Mengele because Fox is in the tank for Zelensky. She says Putin is the only person between us and the NWO. Nazis are fighting in Ukraine against Russia and we're hearing 1 side. I'm with Lara,0.95,1,1,1,True
Ukraine,EN06,Other,1511493474893410308,"Former Obama defense secretary calls on US to accelerate aid to stop Russia's war: This is bigger than Ukraine

https://t.co/VmyFwO4z7E",Former Obama defense secretary calls on US to accelerate aid to stop Russia's war: This is bigger than Ukraine,0.95,1,1,1,True
Ukraine,EN10,Other,1511483767365509124,Putin nightmare as Russian economy about to be slapped with 'ban on ALL new investments' #SmartNews  https://t.co/eVWxpVvxSL,Putin nightmare as Russian economy about to be slapped with 'ban on ALL new investments' SmartNews,0.90472,1,1,1,True
Ukraine,EN06,Other,1511492814324269061,"@Norrsteinn @VillageAttache @harding_iain @olex_scherba Food commodity prices are bound to rise given an exacerbation in crop shortages stemming from an ongoing ""war"" in Ukraine. Given Russia's current policy of blackmailing other countries to further its geopolitical agenda,  you can safely assume many people will starve to death.","Food commodity prices are bound to rise given an exacerbation in crop shortages stemming from an ongoing ""war"" in Ukraine. Given Russia's current policy of blackmailing other countries to further its geopolitical agenda, you can safely assume many people will starve to death.",0.95,1,1,1,True
Ukraine,EN03,False,1511166003295637504,"@priorJoan @dandcaldwell So why did the USA violently overthrow the elected government of Ukraine in 2014 and fund a NAZI Genocide / proxy war in the Donbas which killed 14,000 civilians?

https://t.co/f1DFJt6H3D","So why did the USA violently overthrow the elected government of Ukraine in 2014 and fund a NAZI Genocide / proxy war in the Donbas which killed 14,000 civilians?",0.95,1,1,1,True
Ukraine,EN07,False,1507674996381990914,"Amid War, many Ukrainians have volunteered to sign up to join their country's armed forces to safeguard their nation. A few days ago, reports of former Miss Ukraine Anastasiia Lenna joining military surfaced online after the model shared photographs holding a gun via social media","Amid War, many Ukrainians have volunteered to sign up to join their country's armed forces to safeguard their nation. A few days ago, reports of former Miss Ukraine Anastasiia Lenna joining military surfaced online after the model shared photographs holding a gun via social media",0.95,1,1,1,True
Ukraine,EN03,Other,1511460584872685575,@Caucasuswar What are the chances that the Ukraine military will begin moving southeast towards the Donbas region to push Russia back and free those cities? I realize that then leaves Kyiv somewhat exposed but I think Russia has no interest in that fight again.,What are the chances that the Ukraine military will begin moving southeast towards the Donbas region to push Russia back and free those cities? I realize that then leaves Kyiv somewhat exposed but I think Russia has no interest in that fight again.,0.95,1,1,1,True
Ukraine,EN06,True,1510381226250711041,"@Karl_Mpls Twitter removed some of these tweets due to violating twitter rules.  Also, the attack is confirmed real by journalists who were there n Mariupol covering the war. https://t.co/o4BnWKWKoF","Twitter removed some of these tweets due to violating twitter rules. Also, the attack is confirmed real by journalists who were there n Mariupol covering the war.",0.95,1,1,1,True
Ukraine,EN01,False,1502689510597234690,"@Mwam_1993_ Interesting statement from the Russian Embassy in Canada...
- Haven't seen much on Taiwan... https://t.co/NKTQ3ctvBK",Interesting statement from the Russian Embassy in Canada... - Haven't seen much on Taiwan...,0.95,1,1,1,True
Ukraine,EN01,True,1499333187520053248,"russian embassy in Canada made a statement and people already corrected it 
Slava Ukraini! https://t.co/Y3wDHAzfxM",russian embassy in Canada made a statement and people already corrected it Slava Ukraini!,0.95,1,1,1,True
Ukraine,EN02,Other,1511484969444593668,"Officials continue to uncover evidence of atrocities and possible war crimes committed by Russian forces in Ukraine. And while Russia claims the horrific images were somehow faked, satellite images and witnesses’ stories prove otherwise. https://t.co/Zoyq2KGlrb","Officials continue to uncover evidence of atrocities and possible war crimes committed by Russian forces in Ukraine. And while Russia claims the horrific images were somehow faked, satellite images and witnesses’ stories prove otherwise.",0.95,1,1,1,True
Ukraine,EN10,Other,1511468278450843653,"@nypost They alow all terrorists, putin, and all the lib freaks on here threatening murder?  But ban thier political foes?","They alow all terrorists, putin, and all the lib freaks on here threatening murder? But ban thier political foes?",0.81104,1,1,1,True
Ukraine,EN03,False,1511027877302738944,@PeterJJ_ @libertadorzn Lol as if you wouldn’t immediately call it Russian propaganda if you didn’t like the result. More projection from someone calling me a genocide denier for saying crimes should be investigated while denying the atrocities Ukraine has committed in the Donbas for the last 8 years,Lol as if you wouldn’t immediately call it Russian propaganda if you didn’t like the result. More projection from someone calling me a genocide denier for saying crimes should be investigated while denying the atrocities Ukraine has committed in the Donbas for the last 8 years,0.95,1,1,1,True
Ukraine,EN08,Other,1511488873183862787,"TOUCH A GLOBAL NERVE? WTF!! This is MASS MURDER on a scale last seen being committed by the NATZ against Jews, Poles &; anyone else who got in their way of a world domination.  Putin is just a re-incarnate of Adolph Hitler, JUST PURE F--ING EVIL. There should be GLOBAL DAMNATION.","TOUCH A GLOBAL NERVE? WTF!! This is MASS MURDER on a scale last seen being committed by the NATZ against Jews, Poles &; anyone else who got in their way of a world domination. Putin is just a re-incarnate of Adolph Hitler, JUST PURE F--ING EVIL. There should be GLOBAL DAMNATION.",0.95,1,1,1,True
Ukraine,EN05,False,1509401530310574081,"@amanpour @AndriyYermak #Zelensky fled the country to #Poland last night .,
This heralds a victory for #Putin","Zelensky fled the country to Poland last night ., This heralds a victory for Putin",0.93336,1,1,1,True
Ukraine,EN04,Other,1509110712014057473,Vintage Soviet Russian Artillery Anti Tank Gun Howitzer Toy https://t.co/XeEu99bPJe eBay,Vintage Soviet Russian Artillery Anti Tank Gun Howitzer Toy eBay,0.95,1,1,1,True
Ukraine,EN02,True,1498808669059883018,"@insurgent2047 Well arma 3 gameplay has been boardcast as ""real"" news, it even happend the first day, of the russia Ukraine debacle (granted not by a newssite but by a user) and it got like 10000 likes","Well arma 3 gameplay has been boardcast as ""real"" news, it even happend the first day, of the russia Ukraine debacle (granted not by a newssite but by a user) and it got like 10000 likes",0.95,1,1,1,True
Ukraine,EN04,Other,1511442845802151937,"""Russian forces struck a tank of nitric acid in Ukraine’s Luhansk region, sparking panicked warnings for residents to protect their faces and remain indoors.  Serhiy Gaidai issued video address warning residents the toxic fumes can cause “severe damage.”"" https://t.co/voUdm3dOyP","""Russian forces struck a tank of nitric acid in Ukraine’s Luhansk region, sparking panicked warnings for residents to protect their faces and remain indoors. Serhiy Gaidai issued video address warning residents the toxic fumes can cause “severe damage.”""",0.95,1,1,1,True
Ukraine,EN04,Other,1511445102530641921,"⚡️Remarkable footage of a single UA T-64BV tank engaging a #Russian convoy,destroying a BTR-82A from an ambush position
#GenocideOfUkrainians #Ukraine #Russia #UkraineRussiaWar #WARINUKRAINE #RussianWarCrimesInUkraine #Bucha #PutinWarCrimes #StopPutinNOW 
 https://t.co/iCa9J9FTGu","⚡️Remarkable footage of a single UA T-64BV tank engaging a Russian convoy,destroying a BTR-82A from an ambush position GenocideOfUkrainians Ukraine Russia UkraineRussiaWar WARINUKRAINE RussianWarCrimesInUkraine Bucha PutinWarCrimes StopPutinNOW",0.95,1,1,1,True
Ukraine,EN02,Other,1511475434919280647,"@Longterm_Value That’s a fallacy,

I’m stating historic facts about Ukraine and a video showing that Zelenskyy is manipulated by the nazis.

I also can tell you Zelenskyy is a CIA puppet and he sold Ukrainians to be used as cannon fodder in a CIA-NATO proxy war against Russia. https://t.co/iLnI3hdzFw","That’s a fallacy, I’m stating historic facts about Ukraine and a video showing that Zelenskyy is manipulated by the nazis. I also can tell you Zelenskyy is a CIA puppet and he sold Ukrainians to be used as cannon fodder in a CIA-NATO proxy war against Russia.",0.95,1,1,1,True
Ukraine,EN07,False,1509567935785971713,"Former Miss Grand Ukraine, Anastasiia Lenna has become a member of Ukraine's fighting force to stem Russia from taking over her country. Photos show herself armed and taking a position against the invading Russians. #Russia #Ukraine #UkrainianArmy #RussianArmy #war #girlpower https://t.co/1Ku2EcWsfY","Former Miss Grand Ukraine, Anastasiia Lenna has become a member of Ukraine's fighting force to stem Russia from taking over her country. Photos show herself armed and taking a position against the invading Russians. Russia Ukraine UkrainianArmy RussianArmy war girlpower",0.95,1,1,1,True
Ukraine,EN01,Other,1499265882069299200,"Who has the truth about Russian Embassy in Canada about Ukraine issues formal statement... no opinion, simply consider @Havenaar64 @JaggerMickOZ https://t.co/UjoQreYmxN","Who has the truth about Russian Embassy in Canada about Ukraine issues formal statement... no opinion, simply consider",0.95,1,1,1,True
Ukraine,EN04,Other,1510299667275259908,1988 🔥TANK🔥 Models 1/35th Scale US Sherman Easy Eight Russian KV-1B by Tamiya https://t.co/55LPCTdQDd eBay https://t.co/6GmxgugMw9,1988 🔥TANK🔥 Models 1/35th Scale US Sherman Easy Eight Russian KV-1B by Tamiya eBay,0.95,1,1,1,True
Ukraine,EN03,True,1511414161284210691,"@M07yn @pedropradolopes @GermanyUN @GermanyDiplo @ABaerbock @UKRinUN @GermanyinUA @germania_online @GER_OSCE @GermanyNATO @GermanyUNGeneva @germany_un_rome @GermanyUNVienna Genocide towards Donbas? Donbas is Ukraine, why would Ukraine do such thing? Doesn't sound like russian propaganda at all","Genocide towards Donbas? Donbas is Ukraine, why would Ukraine do such thing? Doesn't sound like russian propaganda at all",0.95,1,1,1,True
Ukraine,EN08,Other,1511491337790672897,'Would you negotiate with Hitler?': Poland's PM questions Macron over Putin dialogue | Euronews https://t.co/zXamox8PRh,'Would you negotiate with Hitler?': Poland's PM questions Macron over Putin dialogue | Euronews,0.95,1,1,1,True
Ukraine,EN06,False,1504653746554515465,@LezLuthor A real war would not require so many fake and staged photos and videos posted all over. I think Putin is just playing his part as the bad guy. They have to get the West hating Russia and Russia hating the west to get the real WWIII going. This is a staged pep rally for idiots.,A real war would not require so many fake and staged photos and videos posted all over. I think Putin is just playing his part as the bad guy. They have to get the West hating Russia and Russia hating the west to get the real WWIII going. This is a staged pep rally for idiots.,0.95,1,1,1,True
Ukraine,EN06,Other,1508716643995820034,"I wish the media would f)ck off with the Will Smith Sh!t. No one cares! Focus on real issues that affect real lives you bunch of busy body w@nkers. The cost of living, covid, Ukraine war and poverty are the real topics that affect all of our lives. Not this staged bollox","I wish the media would f)ck off with the Will Smith Sh!t. No one cares! Focus on real issues that affect real lives you bunch of busy body w. The cost of living, covid, Ukraine war and poverty are the real topics that affect all of our lives. Not this staged bollox",0.95,1,1,1,True
Ukraine,EN03,False,1510755192945446924,@Dan_Marchais @mtracey There is a genocide in Ukraine. Waged by Ukrainian Gov for the last 8 years against Russian speaking people of the Donbas region. Killing over 14k people. But I also doubt that's what she is talking about. Maybe because US supports them both (Ukraine and Yemen).,There is a genocide in Ukraine. Waged by Ukrainian Gov for the last 8 years against Russian speaking people of the Donbas region. Killing over 14k people. But I also doubt that's what she is talking about. Maybe because US supports them both (Ukraine and Yemen).,0.95,1,1,1,True
Ukraine,EN04,False,1508150101969047556,"@UAWeapons @Martina @Blue_Sauron Will this show up on eBay.  “For Sale, Russian tank, hardly used”. Will trade for better model","Will this show up on eBay. “For Sale, Russian tank, hardly used”. Will trade for better model",0.95,1,1,1,True
Ukraine,EN02,Other,1509611788849094661,@DooseyDoe @EuromaidanPR Not surprise. There is no murder child and old lady in bed DLC for War Thunder or Arma 3 to practice. Is there training programme #RussianSoldiers @mod_russia must fail to drive/shoot tank? They run away from brave #Ukraine tree? #WarCrimes   #incels #coward - the lot of them,Not surprise. There is no murder child and old lady in bed DLC for War Thunder or Arma 3 to practice. Is there training programme RussianSoldiers must fail to drive/shoot tank? They run away from brave Ukraine tree? WarCrimes incels coward - the lot of them,0.95,1,1,1,True
Ukraine,EN06,True,1504136380129198093,It’s so insane to me there’s people who believe that the war in Ukraine is FAKE and staged. I’ll be honest I’ve spent like last 21 days reading and watching about it endlessly. How can people be so naive? Pretending it’s not real isn’t going to save you when it happens to us.,It’s so insane to me there’s people who believe that the war in Ukraine is FAKE and staged. I’ll be honest I’ve spent like last 21 days reading and watching about it endlessly. How can people be so naive? Pretending it’s not real isn’t going to save you when it happens to us.,0.95,1,1,1,True
Ukraine,EN03,Other,1511476671953657866,Ukraine War: Russia set to launch 'concentrated offensive' on Donbas https://t.co/GOp2D4uGKY via @YouTube,Ukraine War: Russia set to launch 'concentrated offensive' on Donbas via,0.95,1,1,1,True
Ukraine,EN06,Other,1510720450862755842,"Two questions when a video comes out of a war zone, and it is certain that it is from there and not from another place:

Real or staged situation?

If real, when did it happen?","Two questions when a video comes out of a war zone, and it is certain that it is from there and not from another place: Real or staged situation? If real, when did it happen?",0.95,1,1,1,True
Ukraine,EN04,False,1505498773262577669,@JoaoSilverstein My wife made me promise not to buy a Russian tank on eBay. Bummer!,My wife made me promise not to buy a Russian tank on eBay. Bummer!,0.95,1,1,1,True
Ukraine,EN04,False,1502771799511216130,"Er, how can you buy a mint condition Russian tank from eBay now? The Russian tanks sold at Ukrainian eBay all have holes in them!

That sort of thing tends to reduce the value of any collectible.

https://t.co/OTiNWbg2vt","Er, how can you buy a mint condition Russian tank from eBay now? The Russian tanks sold at Ukrainian eBay all have holes in them! That sort of thing tends to reduce the value of any collectible.",0.95,1,1,1,True
Ukraine,EN07,False,1498964645008363523,Miss ukraine anastasiia lenna join the military forces to fight russia model reacts ss https://t.co/3PfuiGbMTe,Miss ukraine anastasiia lenna join the military forces to fight russia model reacts ss,0.94808,1,1,1,True
Ukraine,EN05,False,1506025988303777793,"@joncoopertweets Russia 🇷🇺 is saving the world from Nazis. Again.

Zelensky is CIA puppet, had already fled to Poland. #coward When captured, will face trial for crimes against humanity. https://t.co/8U3YChN6Lu","Russia 🇷🇺 is saving the world from Nazis. Again. Zelensky is CIA puppet, had already fled to Poland. coward When captured, will face trial for crimes against humanity.",0.95,1,1,1,True
Ukraine,EN02,Other,1511480250361909253,"@AnyaGouveia @Manuel_dM_M Now I see, you are a russian bot that's why you didn't translate the video well, ahaha. Back to your russian cave bot, Russia will lose this war and they won't get any other territory from Ukraine. Go cry now.","Now I see, you are a russian bot that's why you didn't translate the video well, ahaha. Back to your russian cave bot, Russia will lose this war and they won't get any other territory from Ukraine. Go cry now.",0.95,1,1,1,True
Ukraine,EN03,Other,1511367606539804678,"From the outset Putin weaponised international criminal law claiming 'genocide' in Donbas as his reason for invading Ukraine. We need to use all ICL tools available against Russia, including seriously exploring Philippe Sands' proposal. Great interview.   https://t.co/4qz3rEE7B4","From the outset Putin weaponised international criminal law claiming 'genocide' in Donbas as his reason for invading Ukraine. We need to use all ICL tools available against Russia, including seriously exploring Philippe Sands' proposal. Great interview.",0.95,1,1,1,True
Ukraine,EN04,Other,1511260996702126091,Meng Model ES-005 1/35 T-90A Special Edition Russian Main Battle Tank https://t.co/nv1amo3UXE eBay,Meng Model ES-005 1/35 T-90A Special Edition Russian Main Battle Tank eBay,0.95,1,1,1,True
Ukraine,EN01,Other,1511090540904919043,@ALanoszka @CanadaFP Canada has had no love for Russia since the invasion began. I'm wondering if their hesitance is because the Russian embassy is actively or unknowingly acting as a source of intel that they don't want to lose?,Canada has had no love for Russia since the invasion began. I'm wondering if their hesitance is because the Russian embassy is actively or unknowingly acting as a source of intel that they don't want to lose?,0.95,1,1,1,True
Ukraine,EN04,False,1504267464078553091,"eBay item newly listed:
Russian tank, barely used.

#IStandWithUkriane https://t.co/9J6cGn4UrI","eBay item newly listed: Russian tank, barely used. IStandWithUkriane",0.95,1,1,1,True
Ukraine,EN04,False,1501945133142462473,@amitisinvesting How much should I bid for that Russian tank on eBay https://t.co/GabNqBYPRY,How much should I bid for that Russian tank on eBay,0.95,1,1,1,True
Ukraine,EN01,Other,1511332273341308932,"Please give #Stepanov the boot and close the embassy, @melaniejoly. Russia has no genuine interest in diplomacy. Its embassy in Canada only serves to spread russian propaganda. https://t.co/W3Qx3TFQ4M","Please give Stepanov the boot and close the embassy, . Russia has no genuine interest in diplomacy. Its embassy in Canada only serves to spread russian propaganda.",0.95,1,1,1,True
Ukraine,EN06,False,1502836096710885379,@Day_Zeee It’s not real. It’s a staged film basically using a fake war set in Paris showing what it’s like for citizens in Ukraine.  It’s a messaging film trying to get more people to see how scary it is for them and to send more help.  It’s effective.,It’s not real. It’s a staged film basically using a fake war set in Paris showing what it’s like for citizens in Ukraine. It’s a messaging film trying to get more people to see how scary it is for them and to send more help. It’s effective.,0.95,1,1,1,True
Ukraine,EN02,Other,1511465467977900034,"Ukraine's President Zelenskiy told the UN Security Council that Russia's military must be brought to justice for war crimes, accusing troops of the worst atrocities since World War II https://t.co/xcCkeeGsLB https://t.co/7NGOwqTsnG","Ukraine's President Zelenskiy told the UN Security Council that Russia's military must be brought to justice for war crimes, accusing troops of the worst atrocities since World War II",0.95,1,1,1,True
Ukraine,EN01,True,1499159678856708099,"If you have a moment today, please read this statement from the Embassy of Russian Federation in Canada. This is a war of not only bombs and bullets but disinformation against the safety and freedom of the Ukranian people. https://t.co/F48q2VukyT","If you have a moment today, please read this statement from the Embassy of Russian Federation in Canada. This is a war of not only bombs and bullets but disinformation against the safety and freedom of the Ukranian people.",0.95,1,1,1,True
Ukraine,EN07,False,1498425277877268484,"Former Miss Ukraine Anastasia Lenna has vowed to defend her country against Russian invaders. She posted on her Instagram account that she is armed and ready.

(Photos: @anastasiia.lenna/Instagram)

READ MORE:
https://t.co/ZDBiH1PFwY https://t.co/qj87cYj3wM",Former Miss Ukraine Anastasia Lenna has vowed to defend her country against Russian invaders. She posted on her Instagram account that she is armed and ready. (Photos: .lenna/Instagram) READ MORE:,0.95,1,1,1,True
Ukraine,EN06,True,1504565217082195971,"@RonSexsmith Absolutely, 100% agree. One guy I saw yesterday was going about how this war is all staged, and what we are seeing is not real. How do people get that stupid!","Absolutely, 100% agree. One guy I saw yesterday was going about how this war is all staged, and what we are seeing is not real. How do people get that stupid!",0.95,1,1,1,True
Ukraine,EN05,False,1509473541749624844,@RepAdamSchiff So now you support Zelensky who has fled Ukraine and is hiding in the US embassy in Poland because his own people want to assassinate him. Do you want a nuclear war? https://t.co/ZcE6RQallT,So now you support Zelensky who has fled Ukraine and is hiding in the US embassy in Poland because his own people want to assassinate him. Do you want a nuclear war?,0.95,1,1,1,True
Ukraine,EN04,False,1510041458975387648,@nevillebartos12 A Russian Tank of EBay,A Russian Tank of EBay,0.95,1,1,1,True
Ukraine,EN06,False,1508580378516373507,"@h0td0gjpeg @prescottcraig @RALee85 So provide any not staged footages. When there is a real backfire and camerman is not standing steady on open field. They are just bad in war, and bad at filming.","So provide any not staged footages. When there is a real backfire and camerman is not standing steady on open field. They are just bad in war, and bad at filming.",0.95,1,1,1,True
Ukraine,EN07,True,1502177077226729477,"Former beauty Queen, Anastasia Lenna shares a photo with a rifle to show support for her country, Ukraine.

The 2015 Miss Grand representative from Ukraine has been using her platforms to gather support for Ukraine since Russia waged war against her country.

📸: anastasiia.lenna https://t.co/bIPagY8g4d","Former beauty Queen, Anastasia Lenna shares a photo with a rifle to show support for her country, Ukraine. The 2015 Miss Grand representative from Ukraine has been using her platforms to gather support for Ukraine since Russia waged war against her country. 📸: anastasiia.lenna",0.95,1,1,1,True
Ukraine,EN04,Other,1511454175594520576,@Cluckyz @MrsEmmaJK @AFP Remember when Ukraine killed their peace negotiation and tried to blame it on Russia? Or when a Ukrainian tank killed multiple Ukrainian civilians and tried to blame it on Russia before dozens of civilians who live in the area were interviewed and every one said it was ukraine?,Remember when Ukraine killed their peace negotiation and tried to blame it on Russia? Or when a Ukrainian tank killed multiple Ukrainian civilians and tried to blame it on Russia before dozens of civilians who live in the area were interviewed and every one said it was ukraine?,0.95,1,1,1,True
Ukraine,EN08,True,1498968894257704962,"No, a TIME magazine cover featuring Vladimir Putin’s face superimposed over Adolf Hitler's face is not real. https://t.co/y1bcd8w79c","No, a TIME magazine cover featuring Vladimir Putin’s face superimposed over Adolf Hitler's face is not real.",0.90736,1,1,1,True
Ukraine,EN05,False,1506418704606810120,"@tuennes50 @Youblacksoul Zelensky is NOT in Kyiv, and he hasn't been for weeks. He fled to Italy, and then to Poland where he is now. The MSM is all fake lies, you have to wake up. There's literally Neo Nazis, with guns, enforcing laws, and control over citizens in Ukraine. How do you think that's going?","Zelensky is NOT in Kyiv, and he hasn't been for weeks. He fled to Italy, and then to Poland where he is now. The MSM is all fake lies, you have to wake up. There's literally Neo Nazis, with guns, enforcing laws, and control over citizens in Ukraine. How do you think that's going?",0.95,1,1,1,True
Ukraine,EN10,Other,1500565828391026696,"The REAL reason the West banned RT (Russian TV) 

It wouldn't help with the demonization of Putin as a war criminal. 
ALL lies and deceit.
All our banks and media (apart from a few like Russia, is owned by the Rothschild family.
Putin hates NWO

https://t.co/7PSjHqy85U","The REAL reason the West banned RT (Russian TV) It wouldn't help with the demonization of Putin as a war criminal. ALL lies and deceit. All our banks and media (apart from a few like Russia, is owned by the Rothschild family. Putin hates NWO",0.95,1,1,1,True
Ukraine,EN06,True,1509159921102770183,"Fact check: False claim that the Russia-Ukraine conflict is 'scripted and staged' [Ah, such ignorant, lying people foolishlessly say there's no invasion and war by Russia into Ukraine!] https://t.co/UvSCYUPIFa via @usatoday","Fact check: False claim that the Russia-Ukraine conflict is 'scripted and staged' [Ah, such ignorant, lying people foolishlessly say there's no invasion and war by Russia into Ukraine!] via",0.95,1,1,1,True
Ukraine,EN04,Other,1511428710951489552,"#Putin #Rusland , #Oekraïne: ""Russian - They learned pretty well from Prof. Shen from the CCP think tank.""
https://t.co/TWSbSY1HJr
#Russia #Ukraine #UkraineRussiaConflict  #UkraineRussiaCrisis #UkraineRussiaWar","Putin Rusland , Oekraïne: ""Russian - They learned pretty well from Prof. Shen from the CCP think tank."" Russia Ukraine UkraineRussiaConflict UkraineRussiaCrisis UkraineRussiaWar",0.95,1,1,1,True
Ukraine,EN08,True,1499220014708183042,"No, the viral image is not a TIME magazine cover; it was created by artist Patrick Mulder as a commentary on Russia’s attack on Ukraine. https://t.co/Ara46JxECm","No, the viral image is not a TIME magazine cover; it was created by artist Patrick Mulder as a commentary on Russia’s attack on Ukraine.",0.87272,1,1,1,True
Ukraine,EN03,False,1511491188385357834,"@LexxBrody @ANonymo66806979 @Levi_godman you have to watch this video and decide if Ukraine was killing people in Donbas or not.

https://t.co/eK6XctQlya",you have to watch this video and decide if Ukraine was killing people in Donbas or not.,0.95,1,1,1,True
Ukraine,EN04,Other,1505423524491509765,Russian Heavy Tank KV-1 Tow Truck - Full Option Kit 1:16 RC Radio-Controlled https://t.co/MGpvg01rrg eBay,Russian Heavy Tank KV-1 Tow Truck - Full Option Kit 1:16 RC Radio-Controlled eBay,0.95,1,1,1,True
Ukraine,EN08,True,1501656685928136719,Artwork falsely shared as 'genuine Time magazine cover' likening Russia's Putin to Hitler https://t.co/eSmmgGNDpr Time does not have the guts to print such a cover.,Artwork falsely shared as 'genuine Time magazine cover' likening Russia's Putin to Hitler Time does not have the guts to print such a cover.,0.9312,1,1,1,True
Ukraine,EN05,True,1510995313804390400,@KyivIndependent Doesn't seem to be any pro Russian trolls out today.. saying zelensky fled to Poland and is using a green screen 🤷🏻‍♂️🤔😁,Doesn't seem to be any pro Russian trolls out today.. saying zelensky fled to Poland and is using a green screen 🤷🏻‍♂️🤔😁,0.95,1,1,1,True
Ukraine,EN03,Other,1511369191286194180,"😬Oops! Putin's proxy warlord in Donbas gave a military award to a DNR neo-Nazi fighting against Ukraine in Mariupol. His Nazi patch was on video of the ceremony, later cut.

Add to the mountain of evidence of Russia's ""deNazification"" Nazis &; war criminals. committing genocide. https://t.co/b6KzCWnokF","😬Oops! Putin's proxy warlord in Donbas gave a military award to a DNR neo-Nazi fighting against Ukraine in Mariupol. His Nazi patch was on video of the ceremony, later cut. Add to the mountain of evidence of Russia's ""deNazification"" Nazis &; war criminals. committing genocide.",0.95,1,1,1,True
Ukraine,EN03,True,1511341907510767618,"@napinba @AmberJe57976439 @UlWBWCOM @CGMeifangZhang OK, but there has been a civil war in Donbas since 2014. I don't know how you are all getting from that to genocide. If it was genocide, why not target Russian speakers elsewhere in easten Ukraine?","OK, but there has been a civil war in Donbas since 2014. I don't know how you are all getting from that to genocide. If it was genocide, why not target Russian speakers elsewhere in easten Ukraine?",0.95,1,1,1,True
Ukraine,EN08,Other,1511488055554846722,"Don't take this out of context but I prefer Hitler over Putin right now for one reason, Hitler knew to kill himself","Don't take this out of context but I prefer Hitler over Putin right now for one reason, Hitler knew to kill himself",0.8695200000000001,1,1,1,True
Ukraine,EN03,Other,1511469667008880646,"Defense Ministry: Russia aims to capture Kharkiv. Defense Ministry spokesperson Oleksandr Motuzianyk said the Russian forces have concentrated their efforts to attack Ukrainian troops in Donbas and capture Kharkiv, the second-biggest city in Ukraine","Defense Ministry: Russia aims to capture Kharkiv. Defense Ministry spokesperson Oleksandr Motuzianyk said the Russian forces have concentrated their efforts to attack Ukrainian troops in Donbas and capture Kharkiv, the second-biggest city in Ukraine",0.95,1,1,1,True
Ukraine,EN01,True,1504437420703596545,It’s worth reading this Russian Embassy (Canada) statement from March 1st. Never trust a single word from Putin or someone under his control https://t.co/SpBqxViIUJ,It’s worth reading this Russian Embassy (Canada) statement from March 1st. Never trust a single word from Putin or someone under his control,0.95,1,1,1,True
Ukraine,EN06,Other,1511493297579118593,Bucha killings: ‘The world cannot be tricked anymore’ | Russia-Ukraine war News | Al Jazeera https://t.co/tReWGILFAB,Bucha killings: ‘The world cannot be tricked anymore’ | Russia-Ukraine war News | Al Jazeera,0.95,1,1,1,True
Ukraine,EN03,Other,1511342888944349189,"@danbrusca @AmberJe57976439 @UlWBWCOM @CGMeifangZhang Just like you didn't support us invasions
Where did i say it was a genocide in donbas ?
I said i don't know what happened there and we don't know what's happening now in ukraine
I've seen enough lies to be at least sceptical about what they're branding as absolute truth",Just like you didn't support us invasions Where did i say it was a genocide in donbas ? I said i don't know what happened there and we don't know what's happening now in ukraine I've seen enough lies to be at least sceptical about what they're branding as absolute truth,0.95,1,1,1,True
Ukraine,EN03,False,1510925154930593794,@ainsleyearhardt Your Hypocrisy r/t to Ukraine is STUNNING!Why haven't you been Reporting on the GENOCIDE THAT ZELENSKYY SUPPORTS IN THE DONBAS REGION TO RUSSIAN SPEAKING UKRANIANS? AZOV &; THE UKRANIAN ARMY HAVE BEEN TORTURING &; MURDERING CIVILIANS IN MARIUPOL. HUMAN SHIELDS!!,Your Hypocrisy r/t to Ukraine is STUNNING!Why haven't you been Reporting on the GENOCIDE THAT ZELENSKYY SUPPORTS IN THE DONBAS REGION TO RUSSIAN SPEAKING UKRANIANS? AZOV &; THE UKRANIAN ARMY HAVE BEEN TORTURING &; MURDERING CIVILIANS IN MARIUPOL. HUMAN SHIELDS!!,0.95,1,1,1,True
Ukraine,EN01,Other,1511336479611625477,@Justin_Ling same with the Russian Embassy in Canada @russianembassyc,same with the Russian Embassy in Canada,0.95,1,1,1,True
Ukraine,EN06,Other,1510703735097417737,OMG! That is the real proof of war crimes. Not that staged Bucha https://t.co/irFlWz0HUc,OMG! That is the real proof of war crimes. Not that staged Bucha,0.95,1,1,1,True
Ukraine,EN06,Other,1511493825411248128,Signature work of #Chechens #Irpin #BuchaMassacre #bucha #homstel #ukraine #russia #war #putin #Zelensky #Kadyrov #mercenaries #jihadists same done in #Artsakh #2020 #Azerbaijan #Turkey #Erdogan #Aliev #BuchaGenocide #ArmenianGenocide #hell #evil #madness #terror #terrorist #bomb https://t.co/S1HfvQIxJL,Signature work of Chechens Irpin BuchaMassacre bucha homstel ukraine russia war putin Zelensky Kadyrov mercenaries jihadists same done in Artsakh 2020 Azerbaijan Turkey Erdogan Aliev BuchaGenocide ArmenianGenocide hell evil madness terror terrorist bomb,0.95,1,1,1,True
Ukraine,EN05,False,1510055907740327951,"RT @rina__kor: “Zelensky fled to Poland and is 'hiding in US embassy,’ Ukrainian lawmaker claims”

""#Zelensky left #Ukraine. Deputies of th…","RT : “Zelensky fled to Poland and is 'hiding in US embassy,’ Ukrainian lawmaker claims” ""Zelensky left Ukraine. Deputies of th…",0.95,1,1,1,True
Ukraine,EN09,True,1502592740034428929,"#WebQoof | A morphed photo falsely claims that it identified an ace pilot, the 'Ghost of Kyiv' who has allegedly shot down six Russian jets as one 36-year-old Samuyil Hyde. Read our fact-check here.

https://t.co/Gr8hWWY7ee","WebQoof | A morphed photo falsely claims that it identified an ace pilot, the 'Ghost of Kyiv' who has allegedly shot down six Russian jets as one 36-year-old Samuyil Hyde. Read our fact-check here.",0.95,1,1,1,True
Ukraine,EN04,False,1503421256036720645,@bluteaux @ruckmalc @PetrasPics66 @Stephen1010102 @Bellagio_bound @JenniferCoogan1 @987_charles @khalchewska @ChrisEv06631592 @IainColledge @quasirob @ShegorReador @roarbro @Lola36061454 @SibeliusFrank @FridgeBoris @robertsessford1 @Masha_et_Medved @BertuccioPanini @Marisya100 @KevinPe00158553 @CARogersNo1 @andyfarnell07 @MalChandler @Hairy_Laphroaig @somechewlip @condimentset @adbalfour @rec777777 @Michael80789776 @ShearerRab @galoftomo @GFeltchmaster @Stephen40868649 @crikeyolson @RonnieTheFrog @thefactroom @ConraddKonnrad @Quisitive6 @tomprice101 @Badbadger600009 @ADB0806 @oldtwohats @Sacro @son_of_kernow @Bluewurst1875 @matski909 @Callan23474387 @RudeBoiUK @dpthebeesreader Putin tank for sale on eBay! Stolen by 80 year old Ukrainian turnip farmer. Beat 10 Russian army soldiers by himself. https://t.co/KSlZYjxVPV,Putin tank for sale on eBay! Stolen by 80 year old Ukrainian turnip farmer. Beat 10 Russian army soldiers by himself.,0.95,1,1,1,True
Ukraine,EN01,False,1499126196478652420,It appears that the conservative mind has the same problem regardless of country of origin. That is the ability to create solutions (dangerous ones) for problems that don't exist. Check out the last line of this statement from the Russian Embassy in Canada. https://t.co/xuA8kTYtPG,It appears that the conservative mind has the same problem regardless of country of origin. That is the ability to create solutions (dangerous ones) for problems that don't exist. Check out the last line of this statement from the Russian Embassy in Canada.,0.95,1,1,1,True
Ukraine,EN07,True,1501272168990224384,"https://t.co/1Cbp2Plxa4
 Photo of Miss Ukraine 'Taking up Arms w/ Rifle Against Russia' https://t.co/GpLEcRsW9Y › Clarifies she had not joined the Ukrainian military after a photo of her holding a rifle and   Anastasiia Lenna  ""Air Rifle Gun"" https://t.co/rAzC3YoJlY","Photo of Miss Ukraine 'Taking up Arms w/ Rifle Against Russia' › Clarifies she had not joined the Ukrainian military after a photo of her holding a rifle and Anastasiia Lenna ""Air Rifle Gun""",0.95,1,1,1,True
Ukraine,EN05,Other,1511344620923465733,@NPR The United States and Poland must get those mig fighter jets to #Ukraine! Zelensky has been urgently requesting them!,The United States and Poland must get those mig fighter jets to Ukraine! Zelensky has been urgently requesting them!,0.95,1,1,1,True
Ukraine,EN05,False,1507511248950235137,"Zelensky fled the country ( Poland ? ) and allowed all his brethren to leave to safety, then banned all men aged 18-60 from leaving and told them they must fight and die.
Some chosen folks like that other people fight wars for them.","Zelensky fled the country ( Poland ? ) and allowed all his brethren to leave to safety, then banned all men aged 18-60 from leaving and told them they must fight and die. Some chosen folks like that other people fight wars for them.",0.95,1,1,1,True
Ukraine,EN04,Other,1507675552404094976,Interesting suggestion from brother for @Ukraine @UKRinIRL. Sell verified debris from destroyed Russian tanks on eBay to raise funds. I suspect people would pay €100-€200 for a piece of track from Russian tank destroyed by a Javelin or NLaw. @RaytheonDefense would buy?,Interesting suggestion from brother for . Sell verified debris from destroyed Russian tanks on eBay to raise funds. I suspect people would pay €100-€200 for a piece of track from Russian tank destroyed by a Javelin or NLaw. would buy?,0.95,1,1,1,True
Ukraine,EN02,Other,1511472075491401729,"Sowing season starts in Ukraine. In many places, it looks like this: Ukrainian farmers, extract Russian missiles from their fields.

Russia's war against 🇺🇦 has exacerbated world hunger. Other world exporters are unable to compensate losses of 🇺🇦grain
https://t.co/JhklUaQ3f8 https://t.co/3q3wgWQJRV","Sowing season starts in Ukraine. In many places, it looks like this: Ukrainian farmers, extract Russian missiles from their fields. Russia's war against 🇺🇦 has exacerbated world hunger. Other world exporters are unable to compensate losses of 🇺🇦grain",0.95,1,1,1,True
Ukraine,EN08,True,1502237235399192577,A Time cover showing Putin with Hitler’s mustache isn’t real – by Ciara O'Rourke https://t.co/JkD1XGq0y8 via Poynter,A Time cover showing Putin with Hitler’s mustache isn’t real – by Ciara O'Rourke via Poynter,0.95,1,1,1,True
Ukraine,EN03,False,1511273166995607555,"@MacroFour The post suggests watching the documentary’Ukraine on Fire’, catching up on the genocide in Donbas &; the ‘Colour Revolution’. Oliver Stone is a consummate film maker. The MSM provides one narrative. Historical facts provide another. No MSM is showing ’both sides’.","The post suggests watching the documentary’Ukraine on Fire’, catching up on the genocide in Donbas &; the ‘Colour Revolution’. Oliver Stone is a consummate film maker. The MSM provides one narrative. Historical facts provide another. No MSM is showing ’both sides’.",0.95,1,1,1,True
Ukraine,EN05,Other,1511481540655648769,"@therrienv @stupidmaggats @417craig @Yeshua17Faith @JenCages @umfpt @Vickie627 @jdd2169 @ConcernedinPV @ahrehead @Milo443767962 @asjah8 @JeffreySHarper1 @skeeduu @_TeeKeeMon @mathmomma24 @KellyKr77228030 @waywardmegan15 @Krispi_Largo @furcopalypse @Emma34770971 @Wanderinglord @ProjectS1973 @_Kel_Varnsen_ @radicalcentrst @Ihonestlydont19 @PaulStetson13 @henriziolkowski @Sinner_Lilith @BC_Missy @TaiDecker @cms36 @KC79156846 @MrChingonE @TheSportsTr0ll @LaVieEnLumiere0 @Mindmagestic @medwoman1 @Aimhighffw @MistressRedWasp @Architectprod @CosmicIndiffer1 @USMC_Razorback @PrimedRosalee @benniedoorsnee @StirredCrazy @queenicarius1 @Supersi48617376 @KarenNo37030475 @NatForTrump2024 No decision for Biden to make. Zelensky said he needs them, Poland offered to give them, Bidens got no decision to make. And Poland should say screw Joe and get those Migs to Ukraine.","No decision for Biden to make. Zelensky said he needs them, Poland offered to give them, Bidens got no decision to make. And Poland should say screw Joe and get those Migs to Ukraine.",0.91432,1,1,1,True
Ukraine,EN01,True,1510987862715637765,"The Russian embassy in Canada is yet again engaging in cognitive warfare against Canadians and Ukraine. Time indeed to PNG Putin's representative and his propagandist goons in Ottawa, Toronto, Montreal and Vancouver. https://t.co/yJzcbA9CJx","The Russian embassy in Canada is yet again engaging in cognitive warfare against Canadians and Ukraine. Time indeed to PNG Putin's representative and his propagandist goons in Ottawa, Toronto, Montreal and Vancouver.",0.95,1,1,1,True
Ukraine,EN06,False,1506510746779365376,"@CBSDFW Ukraine the hoax war.
The TV news is a scripted staged TV show 🍿",Ukraine the hoax war. The TV news is a scripted staged TV show 🍿,0.95,1,1,1,True
Ukraine,EN03,False,1511370102998016006,@CaiphusK_11 Nonsense. Russia are getting rid of Nazis and protecting people of donbas. Ukraine are committing genocide and war crimes,Nonsense. Russia are getting rid of Nazis and protecting people of donbas. Ukraine are committing genocide and war crimes,0.95,1,1,1,True
Ukraine,EN04,Other,1504852057228029958,"@ReflectingMan Is that serious? Remember hearing them Ukraine boys put a Russian tank the captured up for sale on eBay; is this the actual n ok disinfo not a fun meme but real follow up?

JMFC where was my  30,000 cash when I really really needed it?

In all reality I hope they give or
1/2","Is that serious? Remember hearing them Ukraine boys put a Russian tank the captured up for sale on eBay; is this the actual n ok disinfo not a fun meme but real follow up? JMFC where was my 30,000 cash when I really really needed it? In all reality I hope they give or 1/2",0.95,1,1,1,True
Ukraine,EN10,False,1501186887863750662,"True?
Putin Has Banned Rothschild And His New World Order Banking Cartel Family From Entering Russian Territory -
During the meeting in question, Putin was clearly discontent about the secretive elite’s agenda of taking over the country -
https://t.co/a0pmgVzIBy","True? Putin Has Banned Rothschild And His New World Order Banking Cartel Family From Entering Russian Territory - During the meeting in question, Putin was clearly discontent about the secretive elite’s agenda of taking over the country -",0.90192,1,1,1,True
Ukraine,EN02,Other,1511485902744285188,"Today on The Carlos Watson Show we have a captivating interview with 20-year-old Ukrainian #refugee, Sonya Zlotnik. Watch as she shares her story of a harrowed #escape from Ukraine to Berlin, Germany...

Watch more: https://t.co/2IfTyGjbxX

#war #ukraine #russia #RefugeesNeedHelp https://t.co/yS2fJSu1He","Today on The Carlos Watson Show we have a captivating interview with 20-year-old Ukrainian refugee, Sonya Zlotnik. Watch as she shares her story of a harrowed escape from Ukraine to Berlin, Germany... Watch more: war ukraine russia RefugeesNeedHelp",0.95,1,1,1,True
Ukraine,EN04,Other,1511455712722907138,The Number of AGTMs in Ukraine Will Soon be 10 Units Against One Russia’s Tank | Defense Express https://t.co/BTXDfajoiF,The Number of AGTMs in Ukraine Will Soon be 10 Units Against One Russia’s Tank | Defense Express,0.95,1,1,1,True
Ukraine,EN06,Other,1510965616395657218,@StanKutcher @NATO @NATOCanada @JustinTrudeau @cafreeland @melaniejoly @ukrcancongress @UkiLifeAbroad NATO has been covering up a staged attack in Douma that was used to escalate the war in Syria so we know what it is capable of. Real proof of who is responsible for Bucha must be presented before escalation. The word of NATO is not enough.,NATO has been covering up a staged attack in Douma that was used to escalate the war in Syria so we know what it is capable of. Real proof of who is responsible for Bucha must be presented before escalation. The word of NATO is not enough.,0.95,1,1,1,True
Ukraine,EN03,False,1511003699652399110,@SchatzEd @steven_seegel I have had this very experience with a Russian friend in 2014 after the Donbas invasion. The friend said that our friendship is over because I support the US govt which supports the genocide of Russian speakers in Ukraine. That was in fact the end of a 30-year friendship.,I have had this very experience with a Russian friend in 2014 after the Donbas invasion. The friend said that our friendship is over because I support the US govt which supports the genocide of Russian speakers in Ukraine. That was in fact the end of a 30-year friendship.,0.95,1,1,1,True
Ukraine,EN04,Other,1501820676587483137,Hand Made 1/35 Scale Russian T-14 Armata Main Battle Tank Green Plastic Model https://t.co/cox8pHukZH eBay https://t.co/J2uHHa6Djf,Hand Made 1/35 Scale Russian T-14 Armata Main Battle Tank Green Plastic Model eBay,0.95,1,1,1,True
Ukraine,EN05,Other,1511445536020312068,"Ukraine Zelensky, armed Ukrainians weapons,missiles, machine-guns funnelled via Poland &; west Ukraine  by U.S., Canada, UK, EU, to confront Russia, instead US, Joe Biden, resolve Russia security 
should Russian troops not battered  Ukrainian fully armed?
Patrick Kolawole Boboye.","Ukraine Zelensky, armed Ukrainians weapons,missiles, machine-guns funnelled via Poland &; west Ukraine by U.S., Canada, UK, EU, to confront Russia, instead US, Joe Biden, resolve Russia security should Russian troops not battered Ukrainian fully armed? Patrick Kolawole Boboye.",0.95,1,1,1,True
Ukraine,EN09,True,1511445803990417408,"@BeauMorello @Lowlander25 @stencilmaster @RWApodcast Ghost of Kyiv was a joke, but the war is not and jokes are also part of propaganda. Yes, Snake Island news by pro-Ukraine news outlets were published by MSM and that is why it was a propaganda","Ghost of Kyiv was a joke, but the war is not and jokes are also part of propaganda. Yes, Snake Island news by pro-Ukraine news outlets were published by MSM and that is why it was a propaganda",0.95,1,1,1,True
Ukraine,EN03,Other,1511457048252547072,"@irplank1 @lydia_brunch_ @j2simpso @Osinttechnical Working towards joining NATO is part of the Ukraine Consitution, ergo the will of the people. That was in response to Russia's invasion of the Donbas","Working towards joining NATO is part of the Ukraine Consitution, ergo the will of the people. That was in response to Russia's invasion of the Donbas",0.95,1,1,1,True
Ukraine,EN06,Other,1502037033241489409,"@KatherineLilles @IAPonomarenko As Eilly Logan’s wife proclaimed, “Attention must be paid.”

I always considered porn to be staged and a fantasy of sorts. This is not war porn….it is real.","As Eilly Logan’s wife proclaimed, “Attention must be paid.” I always considered porn to be staged and a fantasy of sorts. This is not war porn….it is real.",0.95,1,1,1,True
Ukraine,EN08,Other,1511493592107397133,"@EuromaidanPress No leader during WWII thought Hitler could be negotiated with.  He had to be utterly defeated.  The same is true for Putin.  Any negotiation is a prolongation measure on his part.  The West must face up to ensuring Russia is defeated, even if this means direct conflict.","No leader during WWII thought Hitler could be negotiated with. He had to be utterly defeated. The same is true for Putin. Any negotiation is a prolongation measure on his part. The West must face up to ensuring Russia is defeated, even if this means direct conflict.",0.95,1,1,1,True
Ukraine,EN08,Other,1511492727929679876,‘Nobody negotiated with Hitler’: Poland slams Macron for Putin talks https://t.co/LjuF2Ie46d,‘Nobody negotiated with Hitler’: Poland slams Macron for Putin talks,0.95,1,1,1,True
Ukraine,EN05,Other,1511399764688240641,"Briefing by Russian Defence Ministry on 5 April  https://t.co/uF2Csk1mxx

#Putin #VladimirPutin #Russia #UkraineRussia #Ukraine #Mariupol #Zelensky #Kharkiv #KIEV #Biden #NATO #US #Poland #RussianArmy #UkrainianArmy #Sumy #UNSC #Bucha #RussianMilitary",Briefing by Russian Defence Ministry on 5 April Putin VladimirPutin Russia UkraineRussia Ukraine Mariupol Zelensky Kharkiv KIEV Biden NATO US Poland RussianArmy UkrainianArmy Sumy UNSC Bucha RussianMilitary,0.95,1,1,1,True
Ukraine,EN05,False,1507492751750934529,"@grouchapato @SkyNews No, this can only be solved by one person.
Let the US vassal Mr. Zelensky sign the capitulation.
He is pushing his people into suffering and he fled to Poland.","No, this can only be solved by one person. Let the US vassal Mr. Zelensky sign the capitulation. He is pushing his people into suffering and he fled to Poland.",0.88304,1,1,1,True
Ukraine,EN02,True,1500996326909267969,"As Russia pressed on with its invasion of Ukraine, a video clip was viewed thousands of times in Facebook and YouTube posts that claimed it showed live footage of the fighting. In reality, the footage was taken from a combat video game called ARMA 3..#UkraineRussianWar","As Russia pressed on with its invasion of Ukraine, a video clip was viewed thousands of times in Facebook and YouTube posts that claimed it showed live footage of the fighting. In reality, the footage was taken from a combat video game called ARMA 3..UkraineRussianWar",0.95,1,1,1,True
Ukraine,EN03,Other,1511470565474947080,"@VladoBilcik @predsednikrs @Europarl_EN Mr. Bilcik do you have any comments on this: while #Serbia denies the participation of Serbian fighters in support of #Russia in the war in #Ukraine, a #Serbian fighter Stefan #Dimitrijevic was killed yesterday in #Donbas 👇#UkraineRussianWar https://t.co/2ycxyU987h","Mr. Bilcik do you have any comments on this: while Serbia denies the participation of Serbian fighters in support of Russia in the war in Ukraine, a Serbian fighter Stefan Dimitrijevic was killed yesterday in Donbas 👇UkraineRussianWar",0.95,1,1,1,True
Ukraine,EN03,True,1511293588583460870,Putin lied through his teeth about a fake genocide by Ukrainians against Russians in Donbas. Here is a real photo of an actual ongoing genocide perpetrated by the Russian state and the military against the people of Ukraine. https://t.co/M4UNfc0RkC,Putin lied through his teeth about a fake genocide by Ukrainians against Russians in Donbas. Here is a real photo of an actual ongoing genocide perpetrated by the Russian state and the military against the people of Ukraine.,0.95,1,1,1,True
Ukraine,EN03,Other,1511455332102737921,Jeez - I’m a mediator by trade and this Ukraine conflict seems easy to resolve. Give Russia the Donbas (whose people want to be part of Russia) and exact a promise that secures the rest of Ukraine. Time to stop the carnage.,Jeez - I’m a mediator by trade and this Ukraine conflict seems easy to resolve. Give Russia the Donbas (whose people want to be part of Russia) and exact a promise that secures the rest of Ukraine. Time to stop the carnage.,0.93584,1,1,1,True
Ukraine,EN03,Other,1511467697082675206,"Free chapter: What shared characteristics led the #Crimean Peninsula and the #Donbas region to become conflict zones?
#Ukraine #Russia https://t.co/5WJczIK6dK",Free chapter: What shared characteristics led the Crimean Peninsula and the Donbas region to become conflict zones? Ukraine Russia,0.95,1,1,1,True
Ukraine,EN06,Other,1511492981500612609,"Russia-Ukraine war: What happened today (April 5) 
https://t.co/p1njKBo9e5 https://t.co/cfkHM2vTX1",Russia-Ukraine war: What happened today (April 5),0.95,1,1,1,True
Ukraine,EN01,False,1499592891064373248,Russian Embassy in Canada's statement about Neo-Nazi groups in Ukraine https://t.co/YcLL5bKaFJ,Russian Embassy in Canada's statement about Neo-Nazi groups in Ukraine,0.95,1,1,1,True
Ukraine,EN06,False,1508412582159396866,"@RyanRallyOh That was so obviously part of the show and not a real act of an angry guy, the question is why they did it? 
Normally when a magician pulls such a stunt he doesn’t want you looking at something else. 
Same with the staged war, the question should be why would they create this?","That was so obviously part of the show and not a real act of an angry guy, the question is why they did it? Normally when a magician pulls such a stunt he doesn’t want you looking at something else. Same with the staged war, the question should be why would they create this?",0.95,1,1,1,True
Ukraine,EN08,Other,1511490316397957121,Proof this is #Russia program for Genocide in #Ukraine Explains #Bucha and why Russian soldiers think they are going after Nazis.  Hitler dehumanized Jews.  Putin dehumanizing Ukrainians https://t.co/LzpaghPiX9,Proof this is Russia program for Genocide in Ukraine Explains Bucha and why Russian soldiers think they are going after Nazis. Hitler dehumanized Jews. Putin dehumanizing Ukrainians,0.95,1,1,1,True
Ukraine,EN08,Other,1506234769331433477,"@TorchLight2022 Of course they should be recognized. And Time magazine person of the year isn’t EVERYTHING. Remember, Hitler and Putin himself were both awarded that","Of course they should be recognized. And Time magazine person of the year isn’t EVERYTHING. Remember, Hitler and Putin himself were both awarded that",0.95,1,1,1,True
Ukraine,EN03,False,1510757134027436046,"@mlderwin @Cloutassent @L_DWYn @GodandtheBear After 8 years, many of us are clutching at any possibility of ending the Donbas genocide. I hope the end of the war will bring the end of the genocide.

So my question is, why don't you want the genocide to end?

Because if Ukraine's government survives, that means it continues.","After 8 years, many of us are clutching at any possibility of ending the Donbas genocide. I hope the end of the war will bring the end of the genocide. So my question is, why don't you want the genocide to end? Because if Ukraine's government survives, that means it continues.",0.95,1,1,1,True
Ukraine,EN03,Other,1511459901914107908,"@Sineadburke10 @Vlad24671319 This Azov battalion which Ukraine are using against Russia is an extreme far right sect, even called neo nazis. The same nazi's Putin said he was going after in Donbas. Something has felt not quite right about this war since it started.","This Azov battalion which Ukraine are using against Russia is an extreme far right sect, even called neo nazis. The same nazi's Putin said he was going after in Donbas. Something has felt not quite right about this war since it started.",0.95,1,1,1,True
Ukraine,EN06,False,1509740374734127105,"@johnmaclachlan @KyivIndependent Not to worry, John, it's all being staged to give you the illusion of war--to elicit a real human response by first winning your 'heart and mind...'","Not to worry, John, it's all being staged to give you the illusion of war--to elicit a real human response by first winning your 'heart and mind...'",0.95,1,1,1,True
Ukraine,EN04,False,1510885653931696135,Russian Tank t72 https://t.co/d77dX8FKli eBay https://t.co/7WsQG2d3ZY,Russian Tank t72 eBay,0.95,1,1,1,True
Ukraine,EN03,Other,1511464671081078787,"Russian Conscripts Reveal Dire Conditions Of Fighting In Ukraine-Russian Conscripts given 19th Century Rifles-Made 2 drink from ponds filled w/dead frogs-Due 2 lack of supplies-Ordered 2 run in front of Enemy Soldiers 2 draw their fire-They reveal. 
https://t.co/WqXWwzy1pA",Russian Conscripts Reveal Dire Conditions Of Fighting In Ukraine-Russian Conscripts given 19th Century Rifles-Made 2 drink from ponds filled w/dead frogs-Due 2 lack of supplies-Ordered 2 run in front of Enemy Soldiers 2 draw their fire-They reveal.,0.92856,1,1,1,True
Ukraine,EN08,Other,1503420577297702919,"Time Magazine, doing SHAMELESS Russian propagandas on the youtubes. A year ago, because they are treacherous Russian AGENTS who were helping set the stage for Putin Hitler's BARBAROUS invasion of Iraq.

#StandWithUkraine https://t.co/GI6rqz5zxe","Time Magazine, doing SHAMELESS Russian propagandas on the youtubes. A year ago, because they are treacherous Russian AGENTS who were helping set the stage for Putin Hitler's BARBAROUS invasion of Iraq. StandWithUkraine",0.95,1,1,1,True
Ukraine,EN01,False,1499177353468997634,"The question is why have Canadians not seen this statement from the Russian Embassy in Canada?
It seem to be a very important statement. https://t.co/ZvMcBK1LdP",The question is why have Canadians not seen this statement from the Russian Embassy in Canada? It seem to be a very important statement.,0.95,1,1,1,True
Ukraine,EN10,Other,1511490432139673601,"@vonderleyen @GlasnostGone I have hope, that they ban the Russian and Belarusian drivers too.,and ….I heard that several companies in EU are owned by Putin vasals! Like Kreiss and probably Girteka!!
And probably Hungarian transport companies","I have hope, that they ban the Russian and Belarusian drivers too.,and ….I heard that several companies in EU are owned by Putin vasals! Like Kreiss and probably Girteka!! And probably Hungarian transport companies",0.95,1,1,1,True
Ukraine,EN10,False,1508064687585435651,@JackPosobiec Putin banned the Rothschild family from Russia so war is now inevitable. Russian troops are massed in Ukraine while NATO troops build up in Estonia for a textbook flanking manoeuvre on Moscow,Putin banned the Rothschild family from Russia so war is now inevitable. Russian troops are massed in Ukraine while NATO troops build up in Estonia for a textbook flanking manoeuvre on Moscow,0.95,1,1,1,True
Ukraine,EN07,True,1502960168811831298,👀 Keep an eye out for this photo that supposedly shows former Miss Ukraine Anastasiia Lenna taking up arms to fight the war. It really doesn’t. https://t.co/dltCh81KWJ,👀 Keep an eye out for this photo that supposedly shows former Miss Ukraine Anastasiia Lenna taking up arms to fight the war. It really doesn’t.,0.95,1,1,1,True
Ukraine,EN08,Other,1499743316753190917,"Time Magazine better not give DICTATOR Putin ""Man of the Year""! MONSTER of the Year (and longer) is apropos. I ALREADY hear them explain/excuse by saying even HITLER was so-named. But no matter how much the STORY will (hopefully, justifiably) ATTACK him, it still aggrandizes him.","Time Magazine better not give DICTATOR Putin ""Man of the Year""! MONSTER of the Year (and longer) is apropos. I ALREADY hear them explain/excuse by saying even HITLER was so-named. But no matter how much the STORY will (hopefully, justifiably) ATTACK him, it still aggrandizes him.",0.8259200000000001,1,1,1,True
Ukraine,EN07,True,1498958345499136002,"The beauty queen said her ‘viral’ photograph was only meant “to inspire”
#UkraineRussiaWar #RussiaUkraine #AnastasiiaLenna  #MissUkraine #Ukranian 

https://t.co/XFmtHYxmUE",The beauty queen said her ‘viral’ photograph was only meant “to inspire” UkraineRussiaWar RussiaUkraine AnastasiiaLenna MissUkraine Ukranian,0.95,1,1,1,True
Ukraine,EN03,False,1511159085278044160,"@danbrusca @napinba @UlWBWCOM @CGMeifangZhang How old are you? 8? Do you really think anyone cares what you say and do? You can't change the fact that the people of Donbas were genocide by the Ukrainian Azov camp, just as I can't change the fact that Russia started a war against Ukraine. Facts are facts,  your are lier","How old are you? 8? Do you really think anyone cares what you say and do? You can't change the fact that the people of Donbas were genocide by the Ukrainian Azov camp, just as I can't change the fact that Russia started a war against Ukraine. Facts are facts, your are lier",0.95,1,1,1,True
Ukraine,EN05,False,1509889643289927680,"@antifantti Russia linked a land bridge from its territory to Sevastopol, has encircled 10000s of Ukrainians, is sieging several cities, including their enemy's capital, and Zelensky likely fled to Poland.","Russia linked a land bridge from its territory to Sevastopol, has encircled 10000s of Ukrainians, is sieging several cities, including their enemy's capital, and Zelensky likely fled to Poland.",0.95,1,1,1,True
Ukraine,EN05,Other,1511363411812225033,The Bucha Atrocity: Who did it and Why? + 11 Reasons the Russians can’t be Guilty https://t.co/kr86P5F7Yt #Bucha #BuchaFalseFlag #Kyiv #Zelensky #BuchaMassacre #Putin #Biden #Poland #Sanctions #Ukraine #Donbass #Moscow #Mariupol https://t.co/HopD0BW8t7,The Bucha Atrocity: Who did it and Why? + 11 Reasons the Russians can’t be Guilty Bucha BuchaFalseFlag Kyiv Zelensky BuchaMassacre Putin Biden Poland Sanctions Ukraine Donbass Moscow Mariupol,0.95,1,1,1,True
Ukraine,EN05,Other,1508915187151216640,"@RichardGrenell Putin would never dare to invade Ukraine and commit such horrendous crimes, without the green light of the US gov. He believed that Zelensky would leave Ukraine as president Ashraf Ghani fled Afghanistan.
Zelensky made it public that Biden had called on him to flee to Poland.","Putin would never dare to invade Ukraine and commit such horrendous crimes, without the green light of the US gov. He believed that Zelensky would leave Ukraine as president Ashraf Ghani fled Afghanistan. Zelensky made it public that Biden had called on him to flee to Poland.",0.95,1,1,1,True
Ukraine,EN04,Other,1511457237931339784,"In the #Chernihiv region, civilians found the tower of a #Russian T-80 tank which flew off about 12 meters after the explosion!🇺🇦🇷🇺

#UkraineWar 
#Ukraine 
#StandWithUkriane 
#Russia https://t.co/EOwTMS6Q8d","In the Chernihiv region, civilians found the tower of a Russian T-80 tank which flew off about 12 meters after the explosion!🇺🇦🇷🇺 UkraineWar Ukraine StandWithUkriane Russia",0.95,1,1,1,True
Ukraine,EN10,False,1499085758971396096,"@taythelot @Roofershound In 2015 Rothschild had a pop at Putin saying he was a ""traitor to the new world order"" Roths is the Khazarian Mafia which are Ukraine, Putin banned Roths from Russia forever. Context to this war is very important. Its why the WEF &; the supporters of zee great reset are worried","In 2015 Rothschild had a pop at Putin saying he was a ""traitor to the new world order"" Roths is the Khazarian Mafia which are Ukraine, Putin banned Roths from Russia forever. Context to this war is very important. Its why the WEF &; the supporters of zee great reset are worried",0.95,1,1,1,True
Ukraine,EN10,False,1499931512241803267,Zafar Khalid 25 Dec 16 Vladimir Putin has banned Jacob Rothschild and his New World Order banking cartel family from entering Russian territory “under any circumstances.”,Zafar Khalid 25 Dec 16 Vladimir Putin has banned Jacob Rothschild and his New World Order banking cartel family from entering Russian territory “under any circumstances.”,0.94456,1,1,1,True
Ukraine,EN07,True,1501798483875049482,"#FactCheck: Lenna herself clarifies she has not joined the military, and what she's holding in the Instagram photo is an airsoft gun. #FactsFirstPH #RussiaUkraineCrisis  https://t.co/KrxdMgWhRt","FactCheck: Lenna herself clarifies she has not joined the military, and what she's holding in the Instagram photo is an airsoft gun. FactsFirstPH RussiaUkraineCrisis",0.92944,1,1,1,True
Ukraine,EN04,Other,1511455084940611585,Russia: Command center and fuel tank were hit with high-precision missiles in Ukraine - #cleveland_heights_ohio #greater_cleveland #fuel_tank #ukraine #russia #moscow #fuel #tank #were #kyiv #ohio https://t.co/t8OlOFBDCl,Russia: Command center and fuel tank were hit with high-precision missiles in Ukraine - cleveland_heights_ohio greater_cleveland fuel_tank ukraine russia moscow fuel tank were kyiv ohio,0.92176,1,1,1,True
Ukraine,EN03,Other,1511459182511329283,"@shah__lo @DiHill1 @RussianEmbassy @UN @RussiaUN @RusembUkraine @mfa_russia @mission_russian @BBCWorld @SkyNews @guardian @Telegraph @FinancialTimes @REESOxford And then Putin sent unmarked soldiers into Crimea to seize it and armed insurgents in Donbas who shot an aeroplane out of the sky with a BUK missile, starting a war in Ukraine.","And then Putin sent unmarked soldiers into Crimea to seize it and armed insurgents in Donbas who shot an aeroplane out of the sky with a BUK missile, starting a war in Ukraine.",0.95,1,1,1,True
Ukraine,EN04,False,1506327437566697474,Russia’s largest tank manufacturer may have run out of parts https://t.co/NUULesnsUY Also see Ukranians selling used Russian tanks on ebay!,Russia’s largest tank manufacturer may have run out of parts Also see Ukranians selling used Russian tanks on ebay!,0.95,1,1,1,True
Ukraine,EN03,False,1511461319861579781,"@mattroles @DominiqueTaegon You’re an idiot Matthew. Ukrainian forces have been committing genocide in Donbas for eight years but you didn’t even know where ‘the’ Ukraine was at the time.
Educate yourself, fast.","You’re an idiot Matthew. Ukrainian forces have been committing genocide in Donbas for eight years but you didn’t even know where ‘the’ Ukraine was at the time. Educate yourself, fast.",0.95,1,1,1,True
Ukraine,EN01,True,1511136684104110090,Can we start by shutting down the Russian Embassy in Canada and expelling Embassy staff to stop them spreading misinformation about these murders? https://t.co/XiWHuI5eIZ,Can we start by shutting down the Russian Embassy in Canada and expelling Embassy staff to stop them spreading misinformation about these murders?,0.95,1,1,1,True
Ukraine,EN01,Other,1501211537142337550,"So let’s connect all the dots here.
Putin says he is striving for the demilitarization and denazification of Ukraine
The Russian embassy in Canada releases a statement saying they are ending wars rather than starting them, in similar manner to Trump.","So let’s connect all the dots here. Putin says he is striving for the demilitarization and denazification of Ukraine The Russian embassy in Canada releases a statement saying they are ending wars rather than starting them, in similar manner to Trump.",0.95,1,1,1,True
Ukraine,EN05,Other,1511269823984160769,"@PowerOfAwesome @Numbersmatter1 @SaraPor24592618 @Kevin_Maguire @GMB Biden lied in his speech in Poland last week, he said there’s no neo nazi battalion in Ukraine because Zelensky is Jewish. Even though Zelensky did not deny there is a neo nazi Battalion integrated into the UNG. That’s a fact and no amount of misinformation can change it.","Biden lied in his speech in Poland last week, he said there’s no neo nazi battalion in Ukraine because Zelensky is Jewish. Even though Zelensky did not deny there is a neo nazi Battalion integrated into the UNG. That’s a fact and no amount of misinformation can change it.",0.95,1,1,1,True
Ukraine,EN02,True,1506982921604849667,"""4 K-52 helicopters destroyed over the village of Xboxskiy in Armagrad, #Ukraine""

But it's Arma 3 videogame footage.
(video in the comments)

#russia #UkraineRussiaWar #Propaganda https://t.co/JIgzXdk4nt","""4 K-52 helicopters destroyed over the village of Xboxskiy in Armagrad, Ukraine"" But it's Arma 3 videogame footage. (video in the comments) russia UkraineRussiaWar Propaganda",0.95,1,1,1,True
Ukraine,EN05,Other,1509282066088685576,"More than 4 million refugees have now fled Ukraine since Russia launched its war in the largest refugee crisis in Europe since World War II.

https://t.co/NZevztd6dd",More than 4 million refugees have now fled Ukraine since Russia launched its war in the largest refugee crisis in Europe since World War II.,0.95,1,1,1,True
Ukraine,EN08,Other,1511491407437041664,"@Mikeroyce34 @ChrisWithTheW @MySportsUpdate All of those political parties are related to Russian supremacy dumbass. You know, the country currently invading them under the pretext of Hitler Blood and Soil? Of you truly want to go this route:

https://t.co/MMwdYbPYZI","All of those political parties are related to Russian supremacy dumbass. You know, the country currently invading them under the pretext of Hitler Blood and Soil? Of you truly want to go this route:",0.95,1,1,1,True
Ukraine,EN10,False,1498579521510854660,@Braveheart_NZ @bukster1965 @nzherald By 2006 Putin had paid off Russia’s debt to the Rothschilds a noose designed to strangle Russia. Putin then banned them from setting up banks in his country. #Rothschild #ArrestJabberJoe #ArrestZelenskyy https://t.co/ZBClx6UUMO,By 2006 Putin had paid off Russia’s debt to the Rothschilds a noose designed to strangle Russia. Putin then banned them from setting up banks in his country. Rothschild ArrestJabberJoe ArrestZelenskyy,0.9424,1,1,1,True
Ukraine,EN03,Other,1511477479847960579,Donbas: Why Russia is trying to encircle Ukraine’s east https://t.co/nJY70PsLkr,Donbas: Why Russia is trying to encircle Ukraine’s east,0.95,1,1,1,True
Ukraine,EN03,Other,1511477560705695747,"@Inc2Get @xHLbglEqxfiZCjd @tj4lfe @YkpAk2 @MapsUkraine Russia will move in many more troops into #Donbas. Then again: #Ukraine will also move troops from #Kiev to #Donetsk and #Luhansk.

BTW: I hear reports about Russian army preparing to leave #Kherson. Is this true? Or just rumors?

#Ukraine #Russia",Russia will move in many more troops into Donbas. Then again: Ukraine will also move troops from Kiev to Donetsk and Luhansk. BTW: I hear reports about Russian army preparing to leave Kherson. Is this true? Or just rumors? Ukraine Russia,0.95,1,1,1,True
Ukraine,EN01,True,1499156336420044804,"@FO_Coalition I’m amazed that you have allowed the Russian embassy to publish this statement online in Canada without a red disclaimer sticker warning of disinformation, and fact check inserts! This is shameful! Start with stopping disinformation at home Canada!!! https://t.co/riCPboaaBr","I’m amazed that you have allowed the Russian embassy to publish this statement online in Canada without a red disclaimer sticker warning of disinformation, and fact check inserts! This is shameful! Start with stopping disinformation at home Canada!!!",0.95,1,1,1,True
Ukraine,EN03,False,1510836253918384128,@OlgaNYC1211 The “genocide” started in 2014 when Ukraine began killing its own people in the Donbas. What you’re referring to is merely a desperate attempt by western media to swing public opinion behind a ‘boots-on-the-ground’ NATO response,The “genocide” started in 2014 when Ukraine began killing its own people in the Donbas. What you’re referring to is merely a desperate attempt by western media to swing public opinion behind a ‘boots-on-the-ground’ NATO response,0.95,1,1,1,True
Ukraine,EN03,Other,1511488510787788802,"An article in China's Sohu raised doubts about Russia's role in the Bucha Massacre 

It highlighted Russia's provisions of humanitarian aid in Ukraine, pro-Russian sentiments in Donbas, and the deaths of Russian soldiers ""protecting"" eastern and southern Ukrainians to sow doubt","An article in China's Sohu raised doubts about Russia's role in the Bucha Massacre It highlighted Russia's provisions of humanitarian aid in Ukraine, pro-Russian sentiments in Donbas, and the deaths of Russian soldiers ""protecting"" eastern and southern Ukrainians to sow doubt",0.95,1,1,1,True
Ukraine,EN10,Other,1511468352748900354,"@officiallibtv Ban them now . Why is tennis dragging its heels ? Putin politicises everything. Their taking part would be a PR coup . All Russians need to understand what is being done in their name is unacceptable. They created this monster , they should deal with him 
#banrussiansport https://t.co/TjMYk8MOTZ","Ban them now . Why is tennis dragging its heels ? Putin politicises everything. Their taking part would be a PR coup . All Russians need to understand what is being done in their name is unacceptable. They created this monster , they should deal with him banrussiansport",0.92944,1,1,1,True
Ukraine,EN05,False,1505983867106529280,"Russia 🇷🇺 is going out of their way to avoid civilian deaths among Ukrainians.

They are paying high price for that. Time to bring the denazification to an end.

Zelensky fled Ukraine to Poland two weeks ago. He will take asylum in Israel 🇮🇱. https://t.co/ETiXBrAmlQ",Russia 🇷🇺 is going out of their way to avoid civilian deaths among Ukrainians. They are paying high price for that. Time to bring the denazification to an end. Zelensky fled Ukraine to Poland two weeks ago. He will take asylum in Israel 🇮🇱.,0.95,1,1,1,True
Ukraine,EN01,Other,1511027327177736196,"@BobRae48 @LexyCameron When the Russia government's official policy is the #Bucha dead are a false flag operation by the USA, is there any constructive dialog Canada can maintain with Russia? Is it not time to boot the Russian ambassador and the embassy staff OUT of Canada?","When the Russia government's official policy is the Bucha dead are a false flag operation by the USA, is there any constructive dialog Canada can maintain with Russia? Is it not time to boot the Russian ambassador and the embassy staff OUT of Canada?",0.95,1,1,1,True
Ukraine,EN05,Other,1511322369314410498,"@AdamStrzepek @kbb_wagne @vonderleyen @ZelenskyyUa @Europol @Eurojust First ask your friend Zelensky not to buy ALL the gas and oil that he uses in the Ukraine from Putin. Yes, yours is propaganda. And also Poland depends to the same extent on Russian gas as Germany. To sell cheap propaganda in another place.","First ask your friend Zelensky not to buy ALL the gas and oil that he uses in the Ukraine from Putin. Yes, yours is propaganda. And also Poland depends to the same extent on Russian gas as Germany. To sell cheap propaganda in another place.",0.95,1,1,1,True
Ukraine,EN04,Other,1508421551326212103,Check out Russian Army Uniform GORGET PATCHES Armoured Tank Troops COLLAR TABS 2pcs SET  https://t.co/3qWeZPqoqc via @eBay,Check out Russian Army Uniform GORGET PATCHES Armoured Tank Troops COLLAR TABS 2pcs SET via,0.95,1,1,1,True
Ukraine,EN01,False,1499210611208695816,👀👉 Russia Embassy statement to Canada👈 https://t.co/9VNYtEj1Rc,👀👉 Russia Embassy statement to Canada👈,0.95,1,1,1,True
Ukraine,EN02,Other,1507510984230981639,"Seeing new videos of the war in Ukraine this week and I had no idea that Russia and Ukraine were battling it out on Arma 3. 
For those that don't know Arma 3 is a very realistic video game. Go look it up.",Seeing new videos of the war in Ukraine this week and I had no idea that Russia and Ukraine were battling it out on Arma 3. For those that don't know Arma 3 is a very realistic video game. Go look it up.,0.95,1,1,1,True
Ukraine,EN04,False,1508874818472480769,"1. Open an EBAY account.

2. Email the Pentagon (with attached video) and notify them that your auction will begin in 48 hours.

3. Bargain hard.

4. Offer to throw in a Russian tank (obtain from any Ukrainian farmer) ... but DO NOT agree to pay for shipping. https://t.co/IbCZgVaZ4f",1. Open an EBAY account. 2. Email the Pentagon (with attached video) and notify them that your auction will begin in 48 hours. 3. Bargain hard. 4. Offer to throw in a Russian tank (obtain from any Ukrainian farmer) ... but DO NOT agree to pay for shipping.,0.95,1,1,1,True
Ukraine,EN03,Other,1511057962835619846,"@SenGillibrand @RepJohnKatko @SenSchumer As a member of your jurisdiction, I implore you to take a stand in Congress to facilitate the distribution of air defenses needed by Ukraine to expel Russian forces from its borders (Crimea and Donbas included) to avoid further genocide.","As a member of your jurisdiction, I implore you to take a stand in Congress to facilitate the distribution of air defenses needed by Ukraine to expel Russian forces from its borders (Crimea and Donbas included) to avoid further genocide.",0.95,1,1,1,True
Ukraine,EN03,True,1511216011554570240,"@donrafa_jr @eugene_finkel Probably the side that was invaded, has millions of refugees and tens of thousands of civilian casualties.  The Russians can't make a serious claim of genocide.  They have dwarfed the total of their claimed casualties of 8 years of fighting in Donbas in a month in Ukraine","Probably the side that was invaded, has millions of refugees and tens of thousands of civilian casualties. The Russians can't make a serious claim of genocide. They have dwarfed the total of their claimed casualties of 8 years of fighting in Donbas in a month in Ukraine",0.95,1,1,1,True
Ukraine,EN03,True,1510765780081774599,"@Ibrahim28512430 @RealScottRitter There was no genocide by the Ukranian army in Donbas that also has been debunked. However there is visual proof today by all global media that Russia has done genocide in Ukraine, especially in Bucha. What’s so sad is ppl like you who won’t admit the reality of who Russia is","There was no genocide by the Ukranian army in Donbas that also has been debunked. However there is visual proof today by all global media that Russia has done genocide in Ukraine, especially in Bucha. What’s so sad is ppl like you who won’t admit the reality of who Russia is",0.95,1,1,1,True
Ukraine,EN03,True,1510755952764538892,"@HepChimp @anarchistCC @Angel14255190 @InfraHaz I'm not claiming the war in the Donbas didn't happen. I'm saying that not every war crime constitutes genocide. Claiming everything is genocide is generally a liberal tactic aimed to justify imperialism.

Please provide evidence Ukraine has sought to exterminate Russian speakers.",I'm not claiming the war in the Donbas didn't happen. I'm saying that not every war crime constitutes genocide. Claiming everything is genocide is generally a liberal tactic aimed to justify imperialism. Please provide evidence Ukraine has sought to exterminate Russian speakers.,0.95,1,1,1,True
Ukraine,EN05,False,1507128157819834374,"@MaxBlumenthal I'm a Ukrainian from Donbass, I'm not leaving here until I want to, let Zelensky deport his ass from Ukraine, oh, he already fled to Poland or something like that :D","I'm a Ukrainian from Donbass, I'm not leaving here until I want to, let Zelensky deport his ass from Ukraine, oh, he already fled to Poland or something like that :D",0.95,1,1,1,True
Ukraine,EN04,Other,1511458680973180946,"@mfa_russia @Twitter @RussiaUN @Dpol_un @mod_russia @RF_OSCE @OSCE @osce_ru @RusembUkraine @MID_DNR @RusMission_EU Russian Z tank killed an innocent civilian riding his bike on his town in Ukraine.
https://t.co/lTKE3jX17o",Russian Z tank killed an innocent civilian riding his bike on his town in Ukraine.,0.95,1,1,1,True
Ukraine,EN07,False,1498234293872644097,Who is Anastasiia Lenna? Former Miss Ukraine who joined Ukrainian army to fight against Russia https://t.co/6gCFdc82ca,Who is Anastasiia Lenna? Former Miss Ukraine who joined Ukrainian army to fight against Russia,0.91648,1,1,1,True
Ukraine,EN04,Other,1511475063085744135,@stephen71106078 @Artdeckbit @Newsweek Yeah while bucha massacre was happening for almost a week the media kept reporting Ukraine capturing Russia’s tank,Yeah while bucha massacre was happening for almost a week the media kept reporting Ukraine capturing Russia’s tank,0.95,1,1,1,True
Ukraine,EN06,Other,1511493804767215616,"Watch ""Both Mariupol Frontlines Under Fire Special Report. Russia - Ukraine War"" on YouTube https://t.co/LyB8cAPKkF","Watch ""Both Mariupol Frontlines Under Fire Special Report. Russia - Ukraine War"" on YouTube",0.95,1,1,1,True
Ukraine,EN06,Other,1511493664379486211,"Do you trust the #EU and #Ukraine to investigate #Bucha? 
How many lies have come out of war and I'm supposed to believe that a participant in the war can do an unbias independent investigation? 😠😟😞
Why did the Brits refuse to do a #UNInvestigation? 😕

https://t.co/zXdEpLhk7Z",Do you trust the EU and Ukraine to investigate Bucha? How many lies have come out of war and I'm supposed to believe that a participant in the war can do an unbias independent investigation? 😠😟😞 Why did the Brits refuse to do a UNInvestigation? 😕,0.8574400000000001,1,1,1,True
Ukraine,EN04,Other,1511444148464717827,"Is #USA helping #Ukraine or prolonging their agony? How long #Ukraine &; #Russia endure this catastrophe. Should work to end war not prolonging it @asthana_shashi 
US sending latest Switchblade tank-killer drones to Ukraine https://t.co/hSPHnFQEmz via @scmpnews",Is USA helping Ukraine or prolonging their agony? How long Ukraine &; Russia endure this catastrophe. Should work to end war not prolonging it US sending latest Switchblade tank-killer drones to Ukraine via,0.95,1,1,1,True
Ukraine,EN05,Other,1507084960033030144,"More than 3.6 million people have fled Ukraine into neighboring countries since Russia's invasion, the U.N. estimates.

More than 2.1 million have entered Poland, who continues calling for international support to accommodate the influx.
#Ukraine
@Newsweek https://t.co/iy38HJFCOb","More than 3.6 million people have fled Ukraine into neighboring countries since Russia's invasion, the U.N. estimates. More than 2.1 million have entered Poland, who continues calling for international support to accommodate the influx. Ukraine",0.90792,1,1,1,True
Ukraine,EN06,Other,1511493638265651200,"Currently, 600 companies have withdrawn from Russia in order to financially stifle the country and stop the current war with Ukraine. There are some companies that are still present in the country however. 

#UkraineRussiaWar #UkraineRussianWar #Ukraine️ 
https://t.co/DzZNhi1MIq","Currently, 600 companies have withdrawn from Russia in order to financially stifle the country and stop the current war with Ukraine. There are some companies that are still present in the country however. UkraineRussiaWar UkraineRussianWar Ukraine️",0.95,1,1,1,True
Ukraine,EN05,False,1506592235583848452,Fake resistant Zelensky who has already fled since the beginning of the Russian military operation is recording his speeches and interviews from hidden studio located somewhere in Poland where he calls his people to resist and to fight til the complete destruction of the country https://t.co/DxSm16S58v,Fake resistant Zelensky who has already fled since the beginning of the Russian military operation is recording his speeches and interviews from hidden studio located somewhere in Poland where he calls his people to resist and to fight til the complete destruction of the country,0.95,1,1,1,True
Ukraine,EN05,False,1508053104859754496,"@Maishilla @daveweiss68 @nypost FSB &; CIA saying Khazarian mafia Ukrainian puppet president Volodymyr Zelensky has long since fled to Poland. He has also been promised a rich retirement in Florida. Attached photos his assets in Costa Rica at Dresner Bank ($1.3 billion) &; his $34 million house in Miami, Florida.","FSB &; CIA saying Khazarian mafia Ukrainian puppet president Volodymyr Zelensky has long since fled to Poland. He has also been promised a rich retirement in Florida. Attached photos his assets in Costa Rica at Dresner Bank ($1.3 billion) &; his $34 million house in Miami, Florida.",0.95,1,1,1,True
Ukraine,EN05,False,1511094570813173768,"RT @timand2037: Press TV: President Volodymyr #Zelenskyy ""urgently"" left #Kiev for #Poland .. according to #Ukrainian opposition lawmaker I…","RT : Press TV: President Volodymyr Zelenskyy ""urgently"" left Kiev for Poland .. according to Ukrainian opposition lawmaker I…",0.95,1,1,1,True
Ukraine,EN06,False,1505815397437685762,"Why are people raising money for Ukraine? They have the full financial support of USA, EU, #WEF and more.

We are paying more for fuel and energy...why should we give more to a staged scripted war","Why are people raising money for Ukraine? They have the full financial support of USA, EU, WEF and more. We are paying more for fuel and energy...why should we give more to a staged scripted war",0.95,1,1,1,True
Ukraine,EN03,Other,1511490845324632065,"@BitcoinRelaxshi @dumdumdoh @snarwani No man.. According to Russia they did not INVADE UKRAINE, they were ""asked"" to send peacekeeping troops to the Donbas and are only acting in defensive measures.

An ""invasion"" of a sovereign nation would be a violation of UN charter. That's why the LANGUAGE here is important.","No man.. According to Russia they did not INVADE UKRAINE, they were ""asked"" to send peacekeeping troops to the Donbas and are only acting in defensive measures. An ""invasion"" of a sovereign nation would be a violation of UN charter. That's why the LANGUAGE here is important.",0.95,1,1,1,True
Ukraine,EN07,False,1498304630635302917,"Anastasiia Lena, the beauty queen who joined the Ukrainian army to fight against Russia https://t.co/So8AAywpch #russia #ukraine","Anastasiia Lena, the beauty queen who joined the Ukrainian army to fight against Russia russia ukraine",0.95,1,1,1,True
Ukraine,EN06,Other,1511493179849449472,"@TrollinJabronis @RealScottRitter Send it to the International Court in The Hague.
They will consider war crimes on both sides of the Ukrainian conflict.
Noting that as Russia invaded Ukraine, casualties for Russians are all military, whereas Russians are slaughtering Ukrainian civilians.","Send it to the International Court in The Hague. They will consider war crimes on both sides of the Ukrainian conflict. Noting that as Russia invaded Ukraine, casualties for Russians are all military, whereas Russians are slaughtering Ukrainian civilians.",0.95,1,1,1,True
Ukraine,EN01,Other,1511156047133626368,@melaniejoly Please censure russian embassy staff in Canada for comments on fake corpses in Bucha. Do we need to continue hosting these people in Canada and giving them Embassy status from which to spread attacks on Ukrainian integrity?,Please censure russian embassy staff in Canada for comments on fake corpses in Bucha. Do we need to continue hosting these people in Canada and giving them Embassy status from which to spread attacks on Ukrainian integrity?,0.95,1,1,1,True
Ukraine,EN01,Other,1499911051109830659,"@get_headway The Russian Embassy has released a statement in Canada explaining what they are doing.  
Those with curiosity will do an internet search for the document. 
If it's censored on google, try duck duck go, or for the only truly non-censored search, use Brave.","The Russian Embassy has released a statement in Canada explaining what they are doing. Those with curiosity will do an internet search for the document. If it's censored on google, try duck duck go, or for the only truly non-censored search, use Brave.",0.95,1,1,1,True
Ukraine,EN02,True,1508281818214191107,"#FakeNews :
It was reported that the Ukrainian Army eliminated four Russian KA-52 helicopters in Kherson region.

Reality:
This news is fake, as the evidence the fake-makers used one more time a footage from a computer game Arma 3.

#Russia #Ukraine 
@mod_russia https://t.co/O1uf9kNFXu","FakeNews : It was reported that the Ukrainian Army eliminated four Russian KA-52 helicopters in Kherson region. Reality: This news is fake, as the evidence the fake-makers used one more time a footage from a computer game Arma 3. Russia Ukraine",0.95,1,1,1,True
Ukraine,EN06,Other,1503673705926471691,"@Olfurni No, you're not the only one. Only yesterday people were doubting the authenticity of a film showing horrific scenes from U. I think many have become normalised about war through cinema which is over-simulated, so real war scenes for many now look 'unreal' or 'staged'.","No, you're not the only one. Only yesterday people were doubting the authenticity of a film showing horrific scenes from U. I think many have become normalised about war through cinema which is over-simulated, so real war scenes for many now look 'unreal' or 'staged'.",0.95,1,1,1,True
Ukraine,EN01,Other,1511187283839311874,@CanadianPM @JustinTrudeau Why does Russia still have a Russian Embassy or *any* kind of official political standing in Canada at all? EXPEL them ALL. https://t.co/gFcMvVAMdU,Why does Russia still have a Russian Embassy or *any* kind of official political standing in Canada at all? EXPEL them ALL.,0.95,1,1,1,True
Ukraine,EN03,False,1511313239694581760,"@GreenJDandWords @julesblack2L @FinalDaysOfMan @Julius_Kim Famines are not genocides.

What the Ukraine military has been doing in Donbas for the last 8 years - that's a genocide.",Famines are not genocides. What the Ukraine military has been doing in Donbas for the last 8 years - that's a genocide.,0.95,1,1,1,True
Ukraine,EN09,Other,1511466334332276758,"@KyivIndependent @AnnaMyroniuk Propaganda from the losing side in the War
""Borodyanka, a town 40 km northwest of Kyiv, has the most victims among the liberated cities in Kyiv Oblast, according to Prosecutor General.""
The side that gave us the Ghost of Kyiv, 81 heroes of snake Island, Bucha massacre by Azov...","Propaganda from the losing side in the War ""Borodyanka, a town 40 km northwest of Kyiv, has the most victims among the liberated cities in Kyiv Oblast, according to Prosecutor General."" The side that gave us the Ghost of Kyiv, 81 heroes of snake Island, Bucha massacre by Azov...",0.95,1,1,1,True
Ukraine,EN04,False,1504923631679287297,@gtconway3d Saw a working Russian tank for sale on Ebay. You just have to ship it from Ukraine.,Saw a working Russian tank for sale on Ebay. You just have to ship it from Ukraine.,0.95,1,1,1,True
Ukraine,EN04,Other,1510303750333898758,Check out 1988 🔥TANK🔥 Models 1/35th Scale US Sherman Easy Eight Russian KV-1B by Tamiya  #Tamiya https://t.co/N1ThISmJla via @eBay #ebay #tank #RussianTank #GermanTank #AmericanTank #USTank #TankModel #ModelTanks #Tamiya #ShermanEasyEight #KV1BRussianTank #WW2 #War #Russia #wow,Check out 1988 🔥TANK🔥 Models 1/35th Scale US Sherman Easy Eight Russian KV-1B by Tamiya Tamiya via ebay tank RussianTank GermanTank AmericanTank USTank TankModel ModelTanks Tamiya ShermanEasyEight KV1BRussianTank WW2 War Russia wow,0.95,1,1,1,True
Ukraine,EN10,False,1502298482161377285,"@Reuters Copied from a group:

""Vladimir Putin has banned Jacob Rothschild and his banking cartel family from entering Russian territory under any circumstances.
Putin recently reminded his cabinet that he had settled the Rothschilds' debts and ""grabbed them by the scruff of the neck","Copied from a group: ""Vladimir Putin has banned Jacob Rothschild and his banking cartel family from entering Russian territory under any circumstances. Putin recently reminded his cabinet that he had settled the Rothschilds' debts and ""grabbed them by the scruff of the neck",0.92936,1,1,1,True
Ukraine,EN06,Other,1508101637260267525,"@leonidragozin This is posted from an account I have already blocked for posting known fake videos of Russian produced propoganda. I’m not saying this is not real or evidence of a war crime, but it looks a little too staged yet conveniently lacking the details to determine if it is real","This is posted from an account I have already blocked for posting known fake videos of Russian produced propoganda. I’m not saying this is not real or evidence of a war crime, but it looks a little too staged yet conveniently lacking the details to determine if it is real",0.95,1,1,1,True
Ukraine,EN01,Other,1499215377884225536,OFFICIAL STATEMENT BY RUSSIAN EMBASSY IN CANADA... https://t.co/EtaNrxVR4V,OFFICIAL STATEMENT BY RUSSIAN EMBASSY IN CANADA...,0.95,1,1,1,True
Ukraine,EN01,Other,1511133845864726528,Everyone who is as FUCKING angry as I am about this shit- contact your MP and Twitter and have this garbage Russian Embassy in Canada twitter account removed. Pieces of garbage need to be expelled and this crap account shut down.,Everyone who is as FUCKING angry as I am about this shit- contact your MP and Twitter and have this garbage Russian Embassy in Canada twitter account removed. Pieces of garbage need to be expelled and this crap account shut down.,0.95,1,1,1,True
Ukraine,EN08,False,1499942336150781958,"the world, like Hitler did. He was so gruesome, even his own staff did an attempt to assassinate him. History has shown despots are exposed to assassination attempts, in most cases from within their own trusted people. Putin was compared to Hitler by Time magazine this week.","the world, like Hitler did. He was so gruesome, even his own staff did an attempt to assassinate him. History has shown despots are exposed to assassination attempts, in most cases from within their own trusted people. Putin was compared to Hitler by Time magazine this week.",0.8352800000000001,1,1,1,True
Ukraine,EN08,Other,1511493806117556227,@BBCWorld Putin's Russian military is committing atrocities on a scale not seen since Hitler's SS in WWII and similarly without regard for legal restraint.,Putin's Russian military is committing atrocities on a scale not seen since Hitler's SS in WWII and similarly without regard for legal restraint.,0.95,1,1,1,True
Ukraine,EN05,Other,1511408799260807170,"The Pentagon's top two leaders acknowledged Tuesday that the US continues to provide Ukrainian forces w/ weapons training, but they wouldn't say where or what it entails — only that it's not occurring in Ukraine or Poland

https://t.co/xtKU34X7Xg https://t.co/IgHrSXy1QP","The Pentagon's top two leaders acknowledged Tuesday that the US continues to provide Ukrainian forces w/ weapons training, but they wouldn't say where or what it entails — only that it's not occurring in Ukraine or Poland",0.94192,1,1,1,True
Ukraine,EN03,False,1511106780230819848,"@magistercaecus @ProudSocialist @TheDemocrats Okay, so that covers 2022. So what's your excuse for Ukraine hiring Nazis to commit the genocide in Donbas from 2014 to 2021?","Okay, so that covers 2022. So what's your excuse for Ukraine hiring Nazis to commit the genocide in Donbas from 2014 to 2021?",0.95,1,1,1,True
Ukraine,EN06,Other,1502644164542058499,@TomWFerguson2 Please be careful with this Tom. I saw posts and lots of comments yesterday evening by people claiming that the suffering by Ukrainians is fake/staged just to draw the USA into war with Russia. I do not understand how people believe the suffering is not real.,Please be careful with this Tom. I saw posts and lots of comments yesterday evening by people claiming that the suffering by Ukrainians is fake/staged just to draw the USA into war with Russia. I do not understand how people believe the suffering is not real.,0.95,1,1,1,True
Ukraine,EN08,False,1501253223268581376,"@TenetHeros @BradGramson @IrishTimes That Time magazine cover is real, fact check yourself. But you say propaganda with a profile pic of Putin with hitler Ronnie.","That Time magazine cover is real, fact check yourself. But you say propaganda with a profile pic of Putin with hitler Ronnie.",0.95,1,1,1,True
Ukraine,EN03,False,1511364588725366787,"@KSergatskova You can get images like this from Donbas for the last eight years. Probably shouldn't have allowed US &; EU to topple your democratically elected government in 2014 and install the one that begin a genocide of ethnic Russians in eastern Ukraine, causing Russia to finally snap","You can get images like this from Donbas for the last eight years. Probably shouldn't have allowed US &; EU to topple your democratically elected government in 2014 and install the one that begin a genocide of ethnic Russians in eastern Ukraine, causing Russia to finally snap",0.95,1,1,1,True
Ukraine,EN04,Other,1511432072291831830,"Russia calls it's Ka-52 helicopter a flying tank... ""A tank? Okay"", says the Ukrainian anti-tank guided missile Stugna (Ukraine's 95th brigade at work)

#UkraineRussianWar https://t.co/rwV1oCx8wv","Russia calls it's Ka-52 helicopter a flying tank... ""A tank? Okay"", says the Ukrainian anti-tank guided missile Stugna (Ukraine's 95th brigade at work) UkraineRussianWar",0.95,1,1,1,True
Ukraine,EN04,Other,1511478804841127944,#Ukraine: A captured #Russia-n T-80U tank stripped and in the hands of Ukrainian forces in Sumy oblast. Likely from few days/weeks ago. https://t.co/AZPNfiUyZP,Ukraine: A captured Russia-n T-80U tank stripped and in the hands of Ukrainian forces in Sumy oblast. Likely from few days/weeks ago.,0.95,1,1,1,True
Ukraine,EN03,False,1511291997897863171,@john_mcguirk The Russians weren't looking for war. They tolerated eight years of genocide in Donbas and the installation of biolabs that Nuland (warmonger in chief) recently admitted were deliberately located in Ukraine. They also tolerated Obama's 2014 coup.,The Russians weren't looking for war. They tolerated eight years of genocide in Donbas and the installation of biolabs that Nuland (warmonger in chief) recently admitted were deliberately located in Ukraine. They also tolerated Obama's 2014 coup.,0.95,1,1,1,True
Ukraine,EN05,False,1507059415731560456,"RT @richenergyceo: Green screen 😂
Amateur hour theatrics from ‘Brave leader’ Zelensky who in reality has already fled to Poland. What a jok…",RT : Green screen 😂 Amateur hour theatrics from ‘Brave leader’ Zelensky who in reality has already fled to Poland. What a jok…,0.95,1,1,1,True
Ukraine,EN01,Other,1510959031858442242,"@ItsDeanBlundell Russia is claiming the #BuchaMassacre is a US false flag. Frankly, until Russia can talk sense about this, I don't think diplomatic relations are even possible between Canada and Russia. Time to expel the Russian embassy. @JustinTrudeau #ExpelRussianAmbassador","Russia is claiming the BuchaMassacre is a US false flag. Frankly, until Russia can talk sense about this, I don't think diplomatic relations are even possible between Canada and Russia. Time to expel the Russian embassy. ExpelRussianAmbassador",0.95,1,1,1,True
Ukraine,EN04,Other,1511457966058352641,"In the 2014 warfare between Russia and Ukraine, both sides suffered huge tank losses without making any progress.","In the 2014 warfare between Russia and Ukraine, both sides suffered huge tank losses without making any progress.",0.95,1,1,1,True
Ukraine,EN08,Other,1505533812691783682,"@RealPepeEscobar Nice rewrite of history bro!! Lol time magazine has put loads of ppl on the cover. Murderers,rapists,war criminals(like Putin,Hitler,Che,oj Simpson, Charles Manson.) you don’t fool me with that bs. Time magazine isn’t all of America you douche! 🖕🏻","Nice rewrite of history bro!! Lol time magazine has put loads of ppl on the cover. Murderers,rapists,war criminals(like Putin,Hitler,Che,oj Simpson, Charles Manson.) you don’t fool me with that bs. Time magazine isn’t all of America you douche! 🖕🏻",0.95,1,1,1,True
Ukraine,EN05,False,1511394484415877123,"@leftiblog @RealScottRitter Ya, Zelensky's not gonna hang around in Ukraine long enough to be captured. He's already spending most of his time in Poland.","Ya, Zelensky's not gonna hang around in Ukraine long enough to be captured. He's already spending most of his time in Poland.",0.91464,1,1,1,True
Ukraine,EN10,Other,1511477918437982214,"@rch371 The cynicism of Macron is breathtaking.

Macron wants an EU ban on Putin’s Oil and Coal — France has enough Nuclear Power to cover that
But Macron does NOT want to stop importing Russian Gas 

Macron is just nauseatingly sick  — vote Le Pen",The cynicism of Macron is breathtaking. Macron wants an EU ban on Putin’s Oil and Coal — France has enough Nuclear Power to cover that But Macron does NOT want to stop importing Russian Gas Macron is just nauseatingly sick — vote Le Pen,0.93728,1,1,1,True
Ukraine,EN06,True,1506778848964542465,"@hathihihiya So, this is a real war, not a staged battle just like shown on many media?
https://t.co/9wRAT9TiPf","So, this is a real war, not a staged battle just like shown on many media?",0.95,1,1,1,True
Ukraine,EN04,Other,1511454451302817792,"Brief news: Russian forces bomb an acid tank in Ukraine that can blind residents.
https://t.co/13JV2vrpov",Brief news: Russian forces bomb an acid tank in Ukraine that can blind residents.,0.95,1,1,1,True
Ukraine,EN10,False,1501555923529216006,"https://t.co/6NlccmWKa0

https://t.co/PoeKdLHqST

Join and Share➡️
https://t.co/Z1hIpzCbDV 🇬🇧
https://t.co/Sgz0cJhouU

CSGlobe (https://t.co/6NlccmWKa0)
Putin has Banned Rothschild and His New World Order Banking Cartel Family from Entering Russian Territory - CSGlobe",Join and Share➡️ 🇬🇧 CSGlobe ( Putin has Banned Rothschild and His New World Order Banking Cartel Family from Entering Russian Territory - CSGlobe,0.95,1,1,1,True
Ukraine,EN05,Other,1511056516908040195,"@Channel4News Poland's position makes sense only if we are willing to go in militarily and help free Ukraine ourselves. We are not...
In the meantime, only Zelensky gets a voice on whether Macron continues to talk to Putin, and Zelensky just thanked Macron for his continuing efforts.
3/","Poland's position makes sense only if we are willing to go in militarily and help free Ukraine ourselves. We are not... In the meantime, only Zelensky gets a voice on whether Macron continues to talk to Putin, and Zelensky just thanked Macron for his continuing efforts. 3/",0.95,1,1,1,True
Ukraine,EN06,True,1507284623784562688,@thecranesbill @GregClinker @HQGhent @SamRamani2 The only thing that is misplaced is your ignorance ! Guess all the death and destruction is staged then REECE ? 🤦This war is real and actualy happening not far away from my home. So please STFU !!!,The only thing that is misplaced is your ignorance ! Guess all the death and destruction is staged then REECE ? 🤦This war is real and actualy happening not far away from my home. So please STFU !!!,0.95,1,1,1,True
Ukraine,EN04,Other,1511450394571984906,"5 reasons Armata T-14 tank of #Russia not seen in #Ukraine ! 

https://t.co/9FNvteOO5T via @YouTube",5 reasons Armata T-14 tank of Russia not seen in Ukraine ! via,0.9004000000000001,1,1,1,True
Ukraine,EN01,Other,1511150574003228672,@JustinTrudeau We can start by closing the Toronto and Montreal Russian consulates and cutting the embassy to skeleton staff. What is Canada waiting for????,We can start by closing the Toronto and Montreal Russian consulates and cutting the embassy to skeleton staff. What is Canada waiting for????,0.95,1,1,1,True
Ukraine,EN10,Other,1511459066584997891,"Wimbledon reportedly ready to ban Russian players, including Medvedev, over fears a Russian victory may boost confidence in Putin's regime #tennis https://t.co/kZnPffMtAe","Wimbledon reportedly ready to ban Russian players, including Medvedev, over fears a Russian victory may boost confidence in Putin's regime tennis",0.94448,1,1,1,True
Ukraine,EN01,Other,1499183026512748544,Very interesting to read: statement from russian embassy in Canada https://t.co/GL6hqcduO9,Very interesting to read: statement from russian embassy in Canada,0.95,1,1,1,True
Ukraine,EN02,True,1508201673868517376,"@MemeIIander @tinso_ww Saying Arma 3 footage was footage of them shooting down Russia helicopters, ghost of Kiev, saying Russian drone was knocked down by jar of tomatoes, spreading old footage as if it is new, lying about Russia bombing civilian areas (in reality Ukraine was storing military.)ex:mall","Saying Arma 3 footage was footage of them shooting down Russia helicopters, ghost of Kiev, saying Russian drone was knocked down by jar of tomatoes, spreading old footage as if it is new, lying about Russia bombing civilian areas (in reality Ukraine was storing military.)ex:mall",0.95,1,1,1,True
Ukraine,EN01,Other,1499735709879578626,"Very interesting statement from the Russian embassy in Canada. You don't have to be pro Ukraine or pro Russia, just keep an open mind and be pro peace and pro truth. https://t.co/mXQsxangiK","Very interesting statement from the Russian embassy in Canada. You don't have to be pro Ukraine or pro Russia, just keep an open mind and be pro peace and pro truth.",0.95,1,1,1,True
Ukraine,EN05,Other,1511085359840604171,"@benjaminhaddad Now maybe you can rethink the train trip and the boasting about the ""come back of the CEE"" etc. The trip was of course important for Zelensky and the citizens of Ukraine, but all this avalanche of ""only Poland is defending Ukraine"" really started after this trip.","Now maybe you can rethink the train trip and the boasting about the ""come back of the CEE"" etc. The trip was of course important for Zelensky and the citizens of Ukraine, but all this avalanche of ""only Poland is defending Ukraine"" really started after this trip.",0.95,1,1,1,True
Ukraine,EN06,False,1507416042552844295,"@JackPosobiec His war is all scripted.

Cue the staged chemical attacks as the false flag to trigger NATO involvement.

He knew he was going into Ukraine when he said “go get him” to the military at the end of his scripted State of the Union address.",His war is all scripted. Cue the staged chemical attacks as the false flag to trigger NATO involvement. He knew he was going into Ukraine when he said “go get him” to the military at the end of his scripted State of the Union address.,0.95,1,1,1,True
Ukraine,EN03,Other,1511468298097115140,"@HMSSering @cnni That's right, Russia should completely withdraw from Ukraine, including Donbas and Crimea. Hear hear!","That's right, Russia should completely withdraw from Ukraine, including Donbas and Crimea. Hear hear!",0.9208,1,1,1,True
Ukraine,EN10,Other,1511467519848165379,"@ggreenwald @DaniilMedwed @SabalenkaA Putin politicises sport . Ban them all now . Tennis is light years behind other sports . Don’t reward this by feeding the war criminal Putin with propaganda 
#LTA #BorisJohnson #banrussiansport #BuchaMassacre #RussianWarCrimes https://t.co/J7hDOLbcPc",Putin politicises sport . Ban them all now . Tennis is light years behind other sports . Don’t reward this by feeding the war criminal Putin with propaganda LTA BorisJohnson banrussiansport BuchaMassacre RussianWarCrimes,0.95,1,1,1,True
Ukraine,EN04,Other,1511457252154224647,"@denismuto21 @Arslon_Xudosi @oryxspioenkop You can translate this article, which shows exact parallels to the Russian war doctrine today in Ukraine. 

Russia does not care about their soldiers and just throws anything at the enemy. 

Use translate. 

235🇷🇺 tank losses vs 5🇩🇪 losses in one battle. 

https://t.co/SSInI6DS83","You can translate this article, which shows exact parallels to the Russian war doctrine today in Ukraine. Russia does not care about their soldiers and just throws anything at the enemy. Use translate. 235🇷🇺 tank losses vs 5🇩🇪 losses in one battle.",0.95,1,1,1,True
Ukraine,EN07,True,1498339310499680265,"@John___Dollar @Newsweek Anastasiia Lenna on Instagram said ""I don't do any propaganda except showing that our woman of Ukraine - strong, confident and powerful."" 

""I am not a military, just a woman, just normal human. Just a person, like all people of my country. I am also a airsoft player for years.""","Anastasiia Lenna on Instagram said ""I don't do any propaganda except showing that our woman of Ukraine - strong, confident and powerful."" ""I am not a military, just a woman, just normal human. Just a person, like all people of my country. I am also a airsoft player for years.""",0.8745600000000001,1,1,1,True
Ukraine,EN10,Other,1500859254894473221,"🇷🇺 Listen to his speech from 2013 where Putin speaks out against pedophilia and Satan. 

He has also ended the Rothschild’s control over Russia by nationalizing the Russian centralized bank. And banned food with GMO’s. 

Is this why the elite hate him so much?

1 https://t.co/rbc2xnrAwL",🇷🇺 Listen to his speech from 2013 where Putin speaks out against pedophilia and Satan. He has also ended the Rothschild’s control over Russia by nationalizing the Russian centralized bank. And banned food with GMO’s. Is this why the elite hate him so much? 1,0.95,1,1,1,True
Ukraine,EN10,False,1508487948374839300,"Smart move. 

Putin has Banned Rothschild and His New World Order Banking Cartel Family from Entering Russian Territory | CSGlobe https://t.co/DQJWjbgZ5g",Smart move. Putin has Banned Rothschild and His New World Order Banking Cartel Family from Entering Russian Territory | CSGlobe,0.92208,1,1,1,True
Ukraine,EN06,True,1505060120757211143,"@risemelbourne @Resist_05 Staged Scripted War? So innocent people can die and their livelihoods decimated.Your use of the term ""scripted"" loosley to infer that Ukraine citizens are part of a well thought out engineered crafted artificial plot and the many deaths and blood shed is fake ?","Staged Scripted War? So innocent people can die and their livelihoods decimated.Your use of the term ""scripted"" loosley to infer that Ukraine citizens are part of a well thought out engineered crafted artificial plot and the many deaths and blood shed is fake ?",0.95,1,1,1,True
Ukraine,EN04,Other,1505051579287695363,Henglong RC Tank 1/16 Scale Russian T90 3938 Metal Tracks Sprocket Idlers Wheels https://t.co/VAmklOpkGS eBay https://t.co/u9Eq1NiQaF,Henglong RC Tank 1/16 Scale Russian T90 3938 Metal Tracks Sprocket Idlers Wheels eBay,0.95,1,1,1,True
Ukraine,EN06,True,1510356408981614595,@ViktoriiaUAH these are real war crimes NOT the staged filmed supposed Ukr shooting the legs of Russian POW's these are non combatant civilians being slaughtered in the streets for no reason! except to feed the Russian savagery,these are real war crimes NOT the staged filmed supposed Ukr shooting the legs of Russian POW's these are non combatant civilians being slaughtered in the streets for no reason! except to feed the Russian savagery,0.95,1,1,1,True
Ukraine,EN10,Other,1511481525342294018,@Reuters Only a total ban on imports of Russian oil/gas etc will stop Putin. Without this revenue his military will dwindle and collapse. Europe needs to take a deep breath and do the right thing.,Only a total ban on imports of Russian oil/gas etc will stop Putin. Without this revenue his military will dwindle and collapse. Europe needs to take a deep breath and do the right thing.,0.95,1,1,1,True
Ukraine,EN06,Other,1511493677545312262,Israel accuses Russia of war crimes. Israel have been killing innocent Palestinians for decades now . The same war crime Russians are doing in Ukraine . Why isn't Israeli are called out for their war crimes ?  #Genocide #WarCrime,Israel accuses Russia of war crimes. Israel have been killing innocent Palestinians for decades now . The same war crime Russians are doing in Ukraine . Why isn't Israeli are called out for their war crimes ? Genocide WarCrime,0.95,1,1,1,True
Ukraine,EN09,True,1508260664795611138,"@AdamKinzinger The total dumbass that believed Sam Hyde was the Ghost of Kyiv has something to say, guys","The total dumbass that believed Sam Hyde was the Ghost of Kyiv has something to say, guys",0.7942400000000001,1,1,0,True
Ukraine,EN03,False,1510871133519712258,"@ArnoldT44074853 @Starxxx99791775 @MartyBritts @ShivaTiwari9305 @mfa_russia @RusEmbIndia_Ru @IndEmbMoscowRus @rusintrade @AmbRus_India @IndEmbMoscow @RusEmbIndia @IndianDiplomacy @DrSJaishankar @MEAIndia @IndiaUNNewYork not past happening today to in yeman. UK US funding the arab . start questioning your gov for their sins. Ukraine committed genocide in russian ethinic people in donbas.
Russia committing genocide in ukraine now.
all government should be brought to justice if you ask me",not past happening today to in yeman. UK US funding the arab . start questioning your gov for their sins. Ukraine committed genocide in russian ethinic people in donbas. Russia committing genocide in ukraine now. all government should be brought to justice if you ask me,0.95,1,1,1,True
Ukraine,EN08,Other,1501994575119847436,"@jnkshort @JNKSNS Like Donald Trump and Vladmir Putin.  These people are criminals/traitors to this planet and should not be admired.  Heck, did you even know that Hitler won Time magazine person of the year?  Real life villains should not be honored or rewarded;  they should be held in contempt.","Like Donald Trump and Vladmir Putin. These people are criminals/traitors to this planet and should not be admired. Heck, did you even know that Hitler won Time magazine person of the year? Real life villains should not be honored or rewarded; they should be held in contempt.",0.95,1,1,1,True
Ukraine,EN04,False,1503872213371478018,@XSovietNews Ukraine listed a Russian tank on ebay. I asked if they could list the full convoy :-/,Ukraine listed a Russian tank on ebay. I asked if they could list the full convoy :-/,0.95,1,1,1,True
Ukraine,EN03,False,1510849586801233921,"@OlgaNYC1211 Genocide! Oh, you must be talking about the Ukraine national Guard bombing &; attacking the #Donbas area for 7+ years. Killing over 15,000 civilians. The azov battalion &; right sector have destroyed any credibility in the Ukraine due to the U.S gov that organized a coup in 2014","Genocide! Oh, you must be talking about the Ukraine national Guard bombing &; attacking the Donbas area for 7+ years. Killing over 15,000 civilians. The azov battalion &; right sector have destroyed any credibility in the Ukraine due to the U.S gov that organized a coup in 2014",0.95,1,1,1,True
Ukraine,EN02,True,1499738855079088132,"If MSM has resorted to using old videos, cgi and footage from a video game (Arma 3) for their Ukraine/Russia propaganda, why would you believe their narrative? Watch Taiwan next.","If MSM has resorted to using old videos, cgi and footage from a video game (Arma 3) for their Ukraine/Russia propaganda, why would you believe their narrative? Watch Taiwan next.",0.8666400000000001,1,1,1,True
Ukraine,EN05,False,1509401087119405057,"@carlbildt Putin has to do what has to be done and so far, he is succeeding . #Zelensky fled the country to #Poland last night and this heralds a great victory for Putin. Regrettably, your Western media is censored on news from the war in Ukraine","Putin has to do what has to be done and so far, he is succeeding . Zelensky fled the country to Poland last night and this heralds a great victory for Putin. Regrettably, your Western media is censored on news from the war in Ukraine",0.95,1,1,1,True
Ukraine,EN01,False,1499218098393600000,"Read the Official statement by the Russian Embassy in #Canada...
required reading for anyone who wants to have an informed decision. #USA https://t.co/Y8g5FNAVxi",Read the Official statement by the Russian Embassy in Canada... required reading for anyone who wants to have an informed decision. USA,0.95,1,1,1,True
Ukraine,EN01,Other,1506068323477463040,@Reuters Is their any Russian Embassy in Europe publishing statement recently to comdmning the media ? Here in Canada today the Russia maid a statement about the Russian journalist been released by the Russian authorities,Is their any Russian Embassy in Europe publishing statement recently to comdmning the media ? Here in Canada today the Russia maid a statement about the Russian journalist been released by the Russian authorities,0.95,1,1,1,True
Ukraine,EN03,False,1511392564892553218,@therealarekn The genocide was happening in Donbas. Russia stepped in to prevent Azov slaughtering ethnically Russian Ukraine citizens. This war is ugly. I support peaceful solutions. Zelensky wants total victory and expects the West to do the dirty work for him,The genocide was happening in Donbas. Russia stepped in to prevent Azov slaughtering ethnically Russian Ukraine citizens. This war is ugly. I support peaceful solutions. Zelensky wants total victory and expects the West to do the dirty work for him,0.95,1,1,1,True
Ukraine,EN03,Other,1511085529856561152,"&gt; UKRAINE gov documented in UN right reports as having committed most of the 14000 violations/murder in donbas
&gt; ukraine then claims genocide of a thousand people.

ZZZZZZZZZZZZZZZZZZZZ",&gt; UKRAINE gov documented in UN right reports as having committed most of the 14000 violations/murder in donbas &gt; ukraine then claims genocide of a thousand people. ZZZZZZZZZZZZZZZZZZZZ,0.95,1,1,1,True
Ukraine,EN10,Other,1511492721654915073,"I fail to understand, twitter banning Trump for Jan 6th riot. 

But, failed to ban Putin for starting war and killing thousands of innocents.

What’s the logic on that?

#Trump #Putin #Jan6thInsurrection 
#Ukraine️ #UkraineRussiaWar #Twitter #banned #injustice @jack","I fail to understand, twitter banning Trump for Jan 6th riot. But, failed to ban Putin for starting war and killing thousands of innocents. What’s the logic on that? Trump Putin Jan6thInsurrection Ukraine️ UkraineRussiaWar Twitter banned injustice",0.95,1,1,1,True
Ukraine,EN06,False,1504555677238411271,@CNN THERE IS NO WAR IN UKRAINE. Prove me wrong with REAL footage not staged propaganda.,THERE IS NO WAR IN UKRAINE. Prove me wrong with REAL footage not staged propaganda.,0.95,1,1,1,True
Ukraine,EN02,True,1499304833584484355,"🚨#FakeNewsAlert- Arma-3 video game visuals shared as live video of war between Russia and Ukraine✅#RussianUkrainianWar

Read below👇
https://t.co/jzIH07bvTz
(16/n)",🚨FakeNewsAlert- Arma-3 video game visuals shared as live video of war between Russia and Ukraine✅RussianUkrainianWar Read below👇 (16/n),0.95,1,1,1,True
Ukraine,EN04,False,1503145779023814660,Oi Ebay - WTF!!! I bid on a Russian T72 tank listed by a Ukraine farmer (He found it in his field) and on checking the status - they removed the listing!!!,Oi Ebay - WTF!!! I bid on a Russian T72 tank listed by a Ukraine farmer (He found it in his field) and on checking the status - they removed the listing!!!,0.95,1,1,1,True
Ukraine,EN01,Other,1511111874045165569,"@JustinTrudeau @NATO 1/ 1. Empty Canada's arsenals of ""all"" appropriate weapons systems and send them to Ukraine for it's current defense and future offensive plans. 
2. Recall our Ambassador and all Canadian embassy personnel from Moscow.
3. Expel Russian Ambassador and all his embassy personnel","1/ 1. Empty Canada's arsenals of ""all"" appropriate weapons systems and send them to Ukraine for it's current defense and future offensive plans. 2. Recall our Ambassador and all Canadian embassy personnel from Moscow. 3. Expel Russian Ambassador and all his embassy personnel",0.95,1,1,1,True
Ukraine,EN07,False,1498321765373603845,"She is Miss Ukraine Anastasiia Lenna. Ukraine has 36,000 women serving in the military. It has one of the largest number of women serving in active combat roles. #Zelensky #UkraineUnderAttack #UkraineRussiaWar https://t.co/zG5vvJGAmO https://t.co/quRwrr4S6v","She is Miss Ukraine Anastasiia Lenna. Ukraine has 36,000 women serving in the military. It has one of the largest number of women serving in active combat roles. Zelensky UkraineUnderAttack UkraineRussiaWar",0.95,1,1,1,True
Ukraine,EN05,False,1509413669532225536,@KenRoth #Zelensky fled to #Poland last night... heralding an outright victory for #Putin . And .....there are no #Western journalists in #Ukraine,Zelensky fled to Poland last night... heralding an outright victory for Putin . And .....there are no Western journalists in Ukraine,0.95,1,1,1,True
Ukraine,EN05,False,1508352693017841665,"-The elites of Ukraine have already fled the country.
-Zelensky is in NATO bunker in Poland.
-People continue to run out of country.
-Neo-Nazi Fascists also want to flee, but where and how?","-The elites of Ukraine have already fled the country. -Zelensky is in NATO bunker in Poland. -People continue to run out of country. -Neo-Nazi Fascists also want to flee, but where and how?",0.95,1,1,1,True
Ukraine,EN01,False,1505453143311626244,"@TibetPeople To quote Russian Embassy in Canada - ""Russia is not starting wars.  Russia is ending them.""  Those who knows what's REALLY happening in Ukraine, would see the truth of that statement.  I suggest to stop accepting @joebiden's warmongering rhetoric &; LISTEN to what Putin is saying.","To quote Russian Embassy in Canada - ""Russia is not starting wars. Russia is ending them."" Those who knows what's REALLY happening in Ukraine, would see the truth of that statement. I suggest to stop accepting 's warmongering rhetoric &; LISTEN to what Putin is saying.",0.95,1,1,1,True
Ukraine,EN03,Other,1511490028647718913,"@KyivIndependent @NATO HELP Ukraine. This must stop! WE MUST STOP RUSSIA. There must be a way to throw out Russians from occupied territories, including Donbas and Crimea","HELP Ukraine. This must stop! WE MUST STOP RUSSIA. There must be a way to throw out Russians from occupied territories, including Donbas and Crimea",0.95,1,1,1,True
Ukraine,EN01,False,1499209556496244736,"A statement yesterday from the Russian Embassy in Canada. 
VERY IMPORTANT TO READ AND UNDERSTAND. https://t.co/WPuDXoQ3MZ",A statement yesterday from the Russian Embassy in Canada. VERY IMPORTANT TO READ AND UNDERSTAND.,0.95,1,1,1,True
Ukraine,EN01,Other,1502053408127213568,Statement from Russia embassy in Canada #skpoli #cdnpoli #UkraineWar #yxe #yqr https://t.co/pxLTsfEAvk,Statement from Russia embassy in Canada skpoli cdnpoli UkraineWar yxe yqr,0.95,1,1,1,True
Ukraine,EN08,Other,1511491080834981897,"@UNHumanRights  Past time to execute a plan against putin and anyone following his lead. Putin is hitler and you need to take the lead or get out of the way. Russia is weak do not follow be tbe leaders we all pay you to be. Excusses dont work, action shows resolve. Do It Now","Past time to execute a plan against putin and anyone following his lead. Putin is hitler and you need to take the lead or get out of the way. Russia is weak do not follow be tbe leaders we all pay you to be. Excusses dont work, action shows resolve. Do It Now",0.94376,1,1,1,True
Ukraine,EN01,Other,1504117599508045824,"A statement from the Russian embassy in Canada...

The Canadian government is run by a bunch of Communist-Nazis. 

That's a fact, not an opinion.","A statement from the Russian embassy in Canada... The Canadian government is run by a bunch of Communist-Nazis. That's a fact, not an opinion.",0.95,1,1,1,True
Ukraine,EN02,Other,1511475678432186369,"Poor 🇺🇦 old man bringing a 🇷🇺 in Mariupol.
This old man lost everything, but keep smilling and hopping for better days.😔
#Ukraine #UkraineRussiaWar #war #WARINUKRAINE #Russia #Russian #Russie #Putin #Zelensky #Azov https://t.co/Jl9Z6l0nry","Poor 🇺🇦 old man bringing a 🇷🇺 in Mariupol. This old man lost everything, but keep smilling and hopping for better days.😔 Ukraine UkraineRussiaWar war WARINUKRAINE Russia Russian Russie Putin Zelensky Azov",0.95,1,1,1,True
Ukraine,EN01,Other,1499320193885036544,"Statement from Russian Embassy in Canada:
“Russia continues its special military operation to demilitarize and denazify Ukraine…”
“Russia is not starting wars. Russia is ending them.” https://t.co/9KD5RWrMbg",Statement from Russian Embassy in Canada: “Russia continues its special military operation to demilitarize and denazify Ukraine…” “Russia is not starting wars. Russia is ending them.”,0.95,1,1,1,True
Ukraine,EN05,False,1508014200655945731,"Ukrainian politicians trying to flee with suitcases of cash, Ukrainian soldiers abandoning their positions &; equipment. Azov Nazis trying to flee disguised as woman, Zelensky has fled to Poland, captured Azov commanders being walked through streets meanwhile MSM spins it 180°","Ukrainian politicians trying to flee with suitcases of cash, Ukrainian soldiers abandoning their positions &; equipment. Azov Nazis trying to flee disguised as woman, Zelensky has fled to Poland, captured Azov commanders being walked through streets meanwhile MSM spins it 180°",0.95,1,1,1,True
Ukraine,EN01,Other,1499522236725747725,A statement from the Russian Embassy in Canada: “Russia is not starting wars. Russia is ending them. “ https://t.co/pPtZQMi95i,A statement from the Russian Embassy in Canada: “Russia is not starting wars. Russia is ending them. “,0.95,1,1,1,True
Ukraine,EN01,False,1499181872684933120,Statement from the Russian Embassy of Canada https://t.co/ywecEkHUJI,Statement from the Russian Embassy of Canada,0.95,1,1,1,True
Ukraine,EN09,Other,1511485922809946113,"Ghost of Kyiv OUT NOW. LINK IN BIO #music #newartist #newmusic #newsong #song 
#rap #newrapmusic #beats #drake #2022rap #2022music #2022newmusic#2022newrapmusic #meme #mememusic #yeat #kankan #kencarson #ssgkobe #kayflock #drillmusic #newyork https://t.co/Iq39SYDG9d",Ghost of Kyiv OUT NOW. LINK IN BIO music newartist newmusic newsong song rap newrapmusic beats drake 2022rap 2022music 2022newmusic2022newrapmusic meme mememusic yeat kankan kencarson ssgkobe kayflock drillmusic newyork,0.8956000000000001,1,1,1,True
Ukraine,EN04,True,1504006308378337281,"While this photograph does appear to show a Russian T-72 tank, this picture has been online since at least 2010. https://t.co/NYXlp74vor","While this photograph does appear to show a Russian T-72 tank, this picture has been online since at least 2010.",0.95,1,1,1,True
Ukraine,EN05,Other,1511098772977336320,"@theserfstv Zelensky has repeatedly criticized Orbán's policies,  referring to its government as a ""Russian branch in Europe"" while urging EU leaders to ""stop listening to the excuses of Budapest.""

#ExtremeRight Poland' Duda is helping Ukraine, Orban is bombing it.

https://t.co/Kd19WaCWfE","Zelensky has repeatedly criticized Orbán's policies, referring to its government as a ""Russian branch in Europe"" while urging EU leaders to ""stop listening to the excuses of Budapest."" ExtremeRight Poland' Duda is helping Ukraine, Orban is bombing it.",0.95,1,1,1,True
Ukraine,EN05,Other,1511384202117324804,@vonderleyen Zelensky has praised Britain's support for Ukraine and castigated Germany and France. Germany has made itself a slave to Russian gas and has partially financed the invasion. Your 5th package is offset by the actions of Germany and France. EU sanctions on Poland haven't helped.,Zelensky has praised Britain's support for Ukraine and castigated Germany and France. Germany has made itself a slave to Russian gas and has partially financed the invasion. Your 5th package is offset by the actions of Germany and France. EU sanctions on Poland haven't helped.,0.95,1,1,1,True
Ukraine,EN04,True,1509710702381993985,"PolitiFact | No, this isn’t a photo of a Russian tank for sale on eBay https://t.co/jW3j06LKjy","PolitiFact | No, this isn’t a photo of a Russian tank for sale on eBay",0.95,1,1,1,True
Ukraine,EN04,True,1502973099213524999,Ukrainians are not selling captured Russian tank on eBay https://t.co/UBTbi3YcMJ,Ukrainians are not selling captured Russian tank on eBay,0.95,1,1,1,True
Ukraine,EN05,Other,1511230070932877317,@trilatus @JustmeAnybody @lapatina_ I will always be grateful for Poland's position on Ukraine and all the effort they've put into helping us through accepting millions of refugees and calling for tougher actions on Russia. Orban hasn't even done 1% for us and Zelensky made sure to say how we feel clearly.,I will always be grateful for Poland's position on Ukraine and all the effort they've put into helping us through accepting millions of refugees and calling for tougher actions on Russia. Orban hasn't even done 1% for us and Zelensky made sure to say how we feel clearly.,0.95,1,1,1,True
Ukraine,EN09,True,1502999785174978563,"@AdamKinzinger Same guy that thought the Ghost of Kiev was real AND was Sam Hyde, who wears glasses and was wearing glasses in the photoshopped pic Adam tweeted.

A House Rep who’s Air Force who doesn’t know pilots can’t wear glasses. 

Adam is not a smart man, not someone to take advice from.","Same guy that thought the Ghost of Kiev was real AND was Sam Hyde, who wears glasses and was wearing glasses in the photoshopped pic Adam tweeted. A House Rep who’s Air Force who doesn’t know pilots can’t wear glasses. Adam is not a smart man, not someone to take advice from.",0.8827200000000001,1,1,1,True
Ukraine,EN01,False,1499709457638510595,Ok one more time THE DEEP STATE HAS THERE OWN BLACK OPS ARMYS YES ARMYS PAID FOR WITH YOUR TAX DOLLARS NEO NAZI GROUPS THERE KILLING CITIZENS IN UKRAINE THE EMBASSY OF THE RUSSIAN FEDERATION IN CANADA PUT THIS STATEMENT OUT !!,Ok one more time THE DEEP STATE HAS THERE OWN BLACK OPS ARMYS YES ARMYS PAID FOR WITH YOUR TAX DOLLARS NEO NAZI GROUPS THERE KILLING CITIZENS IN UKRAINE THE EMBASSY OF THE RUSSIAN FEDERATION IN CANADA PUT THIS STATEMENT OUT !!,0.95,1,1,1,True
Ukraine,EN01,Other,1511162327726493700,"Canada must make our stance on Russia's ethnic cleansing of Ukraine clear.

Expel the Russian ambassador immediately and shutter the Russian embassy, and give Ukraine every weapon we can muster.","Canada must make our stance on Russia's ethnic cleansing of Ukraine clear. Expel the Russian ambassador immediately and shutter the Russian embassy, and give Ukraine every weapon we can muster.",0.95,1,1,1,True
Ukraine,EN06,Other,1511493732478210054,The $120 billion global grain trade is being redrawn by Russia's war in Ukraine - Bloomberg #weat $weat  https://t.co/yxDT8VlOVp,The $120 billion global grain trade is being redrawn by Russia's war in Ukraine - Bloomberg weat $weat,0.95,1,1,1,True
Ukraine,EN02,Other,1511486340147269636,"The UN Security Council gathered on Tuesday to address allegations that Russia committed “war crimes” in recent attacks in Bucha, Ukraine ⤵️ https://t.co/GKRgtOBhQn","The UN Security Council gathered on Tuesday to address allegations that Russia committed “war crimes” in recent attacks in Bucha, Ukraine ⤵️",0.95,1,1,1,True
Ukraine,EN03,False,1510921363246174213,@DPJHodges Ukraine has been shelling civilians in Donbas for eight years - we supported that. We also support genocide in Yemen and other places and turn a blind eye to it in others.,Ukraine has been shelling civilians in Donbas for eight years - we supported that. We also support genocide in Yemen and other places and turn a blind eye to it in others.,0.95,1,1,1,True
Ukraine,EN03,Other,1511017162156224524,Bucha is a line that was crossed. The West needs to flood Ukraine with the best weapons to defeat Russia in the Donbas and on the Black Sea. Let Ukraine become the graveyard of Russia and Putin. We cannot allow this genocide to stand unanswered. https://t.co/NRMpf49SJA,Bucha is a line that was crossed. The West needs to flood Ukraine with the best weapons to defeat Russia in the Donbas and on the Black Sea. Let Ukraine become the graveyard of Russia and Putin. We cannot allow this genocide to stand unanswered.,0.95,1,1,1,True
Ukraine,EN04,Other,1511461775065157637,"IMAGE of a Ukrainian soldier in front of a captured Russian T72B3 tank, and another one that went for a swim in supposedly in the Kherson area. #Ukraine #Russia #Putin #UkraineUnderAttack #PutinsWar https://t.co/twXHePWmLr","IMAGE of a Ukrainian soldier in front of a captured Russian T72B3 tank, and another one that went for a swim in supposedly in the Kherson area. Ukraine Russia Putin UkraineUnderAttack PutinsWar",0.95,1,1,1,True
Ukraine,EN05,Other,1511301709372567556,"#HRC ""liberals"" are very Trump-like
They snuggle up to Poland a country hanging on to their EU membership by a thread.
Embrace Zelensky who has vast amounts of money hidden off-shore. 
And cheer for neo-Nazis in Ukraine.

Because the game-show guy beat HRC &; made nice with Putin?","HRC ""liberals"" are very Trump-like They snuggle up to Poland a country hanging on to their EU membership by a thread. Embrace Zelensky who has vast amounts of money hidden off-shore. And cheer for neo-Nazis in Ukraine. Because the game-show guy beat HRC &; made nice with Putin?",0.95,1,1,1,True
Ukraine,EN02,Other,1511429419663036422,@BeauTFC Epic. Russia's MOD will sooner put out a claim that 'new update to Ukraine's Stugna OS allows emulation of Arma 3 on it's hardware' than admit this loss 🤣,Epic. Russia's MOD will sooner put out a claim that 'new update to Ukraine's Stugna OS allows emulation of Arma 3 on it's hardware' than admit this loss 🤣,0.95,1,1,1,True
Ukraine,EN01,False,1499467787147882505,#Russia #Embassy in #Canada released a #Statement on #Ukraine https://t.co/uddyR9wywT,Russia Embassy in Canada released a Statement on Ukraine,0.95,1,1,1,True
Ukraine,EN06,Other,1503485493752832001,"Real bravery in the times of war is not about hyping with a piece of paper.

If that woman was allowed to pull that off (and at russian scumbag channels nothing happens without permission), and if she is still alive - be sure that you witnessed a meticulously staged performance. https://t.co/4Qn54D7H6k","Real bravery in the times of war is not about hyping with a piece of paper. If that woman was allowed to pull that off (and at russian scumbag channels nothing happens without permission), and if she is still alive - be sure that you witnessed a meticulously staged performance.",0.95,1,1,1,True
Ukraine,EN02,True,1498912125993230336,"[✘] “Russia vs Ukraine”.
[✔] UNRELATED to Russia or Ukraine. 

The shared video is from the Arma 3 game. Videos of Arma 3 appear on events related to military tensions, the previous false claim was related to tensions between China and Taiwan. 

#FactCheck #DigitalLiteracy https://t.co/N9k75Qmt4n","[✘] “Russia vs Ukraine”. [✔] UNRELATED to Russia or Ukraine. The shared video is from the Arma 3 game. Videos of Arma 3 appear on events related to military tensions, the previous false claim was related to tensions between China and Taiwan. FactCheck DigitalLiteracy",0.95,1,1,1,True
Ukraine,EN10,False,1498752875920789509,"@ThePollLady https://t.co/a1O5cxm1n5
In an act of admirable courage Putin has reportedly banned Jacob Rothschild and his banking cartel family from entering Russian territory “under any circumstances"".","In an act of admirable courage Putin has reportedly banned Jacob Rothschild and his banking cartel family from entering Russian territory “under any circumstances"".",0.95,1,1,1,True
Ukraine,EN04,False,1504604513847713794,"Has someone seen a Russian tank for sale on @ebay? 
 is for a party.",Has someone seen a Russian tank for sale on ? is for a party.,0.9148,1,1,1,True
Ukraine,EN06,Other,1511493683568390150,"War in Ukraine
·
LIVE
Zelenskyy asks UN Security Council to remove Russia or ‘dissolve’ and reform
https://t.co/k81fWaeKpu",War in Ukraine · LIVE Zelenskyy asks UN Security Council to remove Russia or ‘dissolve’ and reform,0.95,1,1,1,True
Ukraine,EN08,Other,1511491286360072196,Shall we consider Putin’s actions with Hitler or ? Russia has been evilest and surprisingly unprofessional in their invasion of Ukraine 🇺🇦 https://t.co/kMnnqoo7q8,Shall we consider Putin’s actions with Hitler or ? Russia has been evilest and surprisingly unprofessional in their invasion of Ukraine 🇺🇦,0.95,1,1,1,True
Ukraine,EN05,Other,1511256298238750721,"Zelensky: As a dictator, Putin wants to annex Ukraine and destroy our independence. His eyes are gone; it does not recognize civil-military-children-women.
#Ukrania #Russia #Putin #USA #China #Turkey #Belarus #Poland https://t.co/tO8QpFQeN8","Zelensky: As a dictator, Putin wants to annex Ukraine and destroy our independence. His eyes are gone; it does not recognize civil-military-children-women. Ukrania Russia Putin USA China Turkey Belarus Poland",0.95,1,1,1,True
Ukraine,EN02,Other,1511483100169216001,@91Mbemm @RT_com BREAKING NEWS: Vladimir Putin has been classified a WAR CRIMINAL by both the United Nations &; Amnesty International. We the people of the world &; Ukraine now seek justice against Hitler/Stalin/Putin &; his oligarchs who bomb children in Syria &; Ukraine. https://t.co/s0wgbygk6k,BREAKING NEWS: Vladimir Putin has been classified a WAR CRIMINAL by both the United Nations &; Amnesty International. We the people of the world &; Ukraine now seek justice against Hitler/Stalin/Putin &; his oligarchs who bomb children in Syria &; Ukraine.,0.95,1,1,1,True
Ukraine,EN01,True,1499437071332691969,"The Russian Embassy in Canada said ""the Russian army does not occupy Ukrainian territory."" That’s not just debunked by media reports but by the Russian government’s own statements. https://t.co/OAs9Om5CRI","The Russian Embassy in Canada said ""the Russian army does not occupy Ukrainian territory."" That’s not just debunked by media reports but by the Russian government’s own statements.",0.95,1,1,1,True
Ukraine,EN01,Other,1511124367597395969,@JustinTrudeau Justin can we PLEASE Kick the Russian Embassy and staff out of Canada. Letting them stay gives them legitimacy that they are not entitled to. Russia is a rouge state responsible for multiple war crimes and should be treated as such. Thanks in advance.,Justin can we PLEASE Kick the Russian Embassy and staff out of Canada. Letting them stay gives them legitimacy that they are not entitled to. Russia is a rouge state responsible for multiple war crimes and should be treated as such. Thanks in advance.,0.95,1,1,1,True
Ukraine,EN08,True,1510682058263511040,A Time cover showing Putin with Hitler’s mustache isn’t real https://t.co/dMfiaN5one,A Time cover showing Putin with Hitler’s mustache isn’t real,0.93952,1,1,1,True
Ukraine,EN05,False,1507403071814471683,"@Quicktake ""People"" who dumped corrupt and underdeveloped Ukraine just like Zelensky who is hiding in Poland.

https://t.co/eIgMP8vnGc","""People"" who dumped corrupt and underdeveloped Ukraine just like Zelensky who is hiding in Poland.",0.95,1,1,1,True
Ukraine,EN04,True,1502311411115913221,Fake Posts On Ukrainians Selling Russian Tank On eBay Go Viral https://t.co/4xXZ8XWTWb,Fake Posts On Ukrainians Selling Russian Tank On eBay Go Viral,0.95,1,1,1,True
Ukraine,EN02,True,1499723858303238145,"A Facebook page started a live stream claiming to show several combat footage from the Russia-Ukraine war. As #VERAfied, this is false. It showed clips from Arma 3, a video game on military warfare. #UkraineFacts

Read the #VERAFilesFactCheck story here: https://t.co/kjIQyvvE2Y https://t.co/J1y6IRiAvP","A Facebook page started a live stream claiming to show several combat footage from the Russia-Ukraine war. As VERAfied, this is false. It showed clips from Arma 3, a video game on military warfare. UkraineFacts Read the VERAFilesFactCheck story here:",0.95,1,1,1,True
Ukraine,EN02,Other,1511490921149472768,"In U.N. speech, Ukraine's Zelenskiy accuses Russia of worst war crimes since WW2-Reuters [Zelensky’s  video, shown to the UN today showed sickening images of men, women and children burned, raped and mutilated. Russia said they have killed no civilians!] https://t.co/TVFswCzyUp","In U.N. speech, Ukraine's Zelenskiy accuses Russia of worst war crimes since WW2-Reuters [Zelensky’s video, shown to the UN today showed sickening images of men, women and children burned, raped and mutilated. Russia said they have killed no civilians!]",0.95,1,1,1,True
Ukraine,EN03,Other,1511469423282073603,"This would be a great time to make Ukraine part of NATO.

NATO says Russia regrouping to try to take Ukraine's Donbas
https://t.co/iWRmMGAHr4",This would be a great time to make Ukraine part of NATO. NATO says Russia regrouping to try to take Ukraine's Donbas,0.92392,1,1,1,True
Ukraine,EN05,False,1511352373889101825,"no.  13
Zelensky fled to Poland and is 'hiding in US embassy,’ Ukrainian lawmaker claims.

https://t.co/NLpaU4I9fc https://t.co/4dtyCuW63D","no. 13 Zelensky fled to Poland and is 'hiding in US embassy,’ Ukrainian lawmaker claims.",0.95,1,1,1,True
Ukraine,EN03,False,1511205667109015556,"@ClimateDepot ~""The Russians ate my homework! It wasn't our energy policies, shut down of pipelines, goading Russia into enforcing NATO and Biden promises on the Ukraine, Neo Nazi genocide of Russians in Donbas, etc.!""","~""The Russians ate my homework! It wasn't our energy policies, shut down of pipelines, goading Russia into enforcing NATO and Biden promises on the Ukraine, Neo Nazi genocide of Russians in Donbas, etc.!""",0.95,1,1,1,True
Ukraine,EN01,Other,1506094772334710786,"@RussianEmbassyC @mfa_russia @CBCCanada @TheCurrentCBC @RadioCanadaInfo Under the category of ""that is rich,"" is this statement from the Russian embassy in Canada. They are aggrieved?!!!! Why are they still here?!!! #WeStandWithUkraine","Under the category of ""that is rich,"" is this statement from the Russian embassy in Canada. They are aggrieved?!!!! Why are they still here?!!! WeStandWithUkraine",0.95,1,1,1,True
Ukraine,EN06,False,1508554663460749327,"@thechutneyrebel @Crittie_p Well what are we to talk about?
Our fucked up economy?
Men being women? 
Gas prices? 

Or let our 'gold fish' brain go to set up theater like the ""war in Ukraine"" 

Staged and who really cares? 
Oh ! If it was a white guy!? He would be in jail. (If it wasn't scripted)","Well what are we to talk about? Our fucked up economy? Men being women? Gas prices? Or let our 'gold fish' brain go to set up theater like the ""war in Ukraine"" Staged and who really cares? Oh ! If it was a white guy!? He would be in jail. (If it wasn't scripted)",0.95,1,1,1,True
Ukraine,EN06,Other,1507229743262969857,No I'm not spreading disinformation or misinformation or supporting Russia or Chechnyan Troops or their Country at war. Why cant we see this without censorship? Is it real or staged? So far it hasnt been removed and I dont care other than its our Freedom of Speech under attack,No I'm not spreading disinformation or misinformation or supporting Russia or Chechnyan Troops or their Country at war. Why cant we see this without censorship? Is it real or staged? So far it hasnt been removed and I dont care other than its our Freedom of Speech under attack,0.95,1,1,1,True
Ukraine,EN08,True,1499791956402221056,"If you've seen a 2022 TIME cover with Russian President Vladimir Putin's face over German dictator Adolf Hitler...take a second look. @arianedatil  explains what's sketchy about the cover.

https://t.co/thqYelGn2I https://t.co/O587oT8JI8",If you've seen a 2022 TIME cover with Russian President Vladimir Putin's face over German dictator Adolf Hitler...take a second look. explains what's sketchy about the cover.,0.95,1,1,1,True
Ukraine,EN06,Other,1511493427518906368,"Putin prepares to send indoctrinated youth to the front where they will be slaughtered.  
They stand no chance against seasoned war veterans.
Does anyone think he cares?

https://t.co/aXSaj3rHRT",Putin prepares to send indoctrinated youth to the front where they will be slaughtered. They stand no chance against seasoned war veterans. Does anyone think he cares?,0.8864000000000001,1,1,1,True
Ukraine,EN08,True,1501600471919861768,Artwork falsely shared as 'genuine Time magazine cover' likening Russia's Putin to Hitler https://t.co/t1XwGYhQmi HE IS A MURDERER JUST LIKE HITLER.....,Artwork falsely shared as 'genuine Time magazine cover' likening Russia's Putin to Hitler HE IS A MURDERER JUST LIKE HITLER.....,0.95,1,1,1,True
Ukraine,EN03,False,1511485025782444032,@FLFE_VDCM Russia didn't invade anyone - they secured East Ukraine (Donbas and Lugansk) from Zelensky and his Azov Nazi terrorism for the past 8 years,Russia didn't invade anyone - they secured East Ukraine (Donbas and Lugansk) from Zelensky and his Azov Nazi terrorism for the past 8 years,0.95,1,1,1,True
Ukraine,EN08,Other,1511486697313292289,"If Putin, Bashar al-Assad, Hitler and Genghis Khan are not war criminals, then who is a war criminal?!me!
#Mariupol 
#Bucha 
#BuchaMassacre 
#Ukrainian #Ukraine","If Putin, Bashar al-Assad, Hitler and Genghis Khan are not war criminals, then who is a war criminal?!me! Mariupol Bucha BuchaMassacre Ukrainian Ukraine",0.95,1,1,1,True
Ukraine,EN03,Other,1511491142625464321,"@JaskariSami @shah__lo Ukraine doesn't join NATO, Russia bring troops back, EU cancel some sanction. And EU also can cancel all sanction trade for Russian some concessions on Crimea and Donbas.","Ukraine doesn't join NATO, Russia bring troops back, EU cancel some sanction. And EU also can cancel all sanction trade for Russian some concessions on Crimea and Donbas.",0.95,1,1,1,True
Ukraine,EN08,Other,1511492916853751812,"@OccupyDemocrats This coming from a Republican, a party defending Putin and his war crimes. I think we know who the Hitler fans are.","This coming from a Republican, a party defending Putin and his war crimes. I think we know who the Hitler fans are.",0.95,1,1,1,True
Ukraine,EN07,False,1498531288164155394,Ukraine beauty queen Anastasiia Lenna picks up arms as she joins the military to fight against the Russians. (Photo: Instagram/anastasiia.lenna) https://t.co/u1N6Faw7Ux,Ukraine beauty queen Anastasiia Lenna picks up arms as she joins the military to fight against the Russians. (Photo: Instagram/anastasiia.lenna),0.95,1,1,1,True
Ukraine,EN07,False,1497997639551537160,"Miss Ukraine Anastasiia Lenna fighting with Russia. Ukraine has 36,000 women serving in the military. The most women of any military. #UkraineWar #UkraineUnderAttack #RussiaUkraineCrisis https://t.co/thF6BrvmFK","Miss Ukraine Anastasiia Lenna fighting with Russia. Ukraine has 36,000 women serving in the military. The most women of any military. UkraineWar UkraineUnderAttack RussiaUkraineCrisis",0.95,1,1,1,True
Ukraine,EN02,Other,1511487965603672069,"【History of UKRAINE and RUSSIA】-Why did Russia attack Ukraine?

Do you know the history of Ukraine and Russia?
If you know their history, you can see why they went to war.

Watch the Rest👉
https://t.co/F6p431Yqln

#Ukraine #Russia #UkraineWar #UkraineRussianWar https://t.co/dxLVBQSK0O","【History of UKRAINE and RUSSIA】-Why did Russia attack Ukraine? Do you know the history of Ukraine and Russia? If you know their history, you can see why they went to war. Watch the Rest👉 Ukraine Russia UkraineWar UkraineRussianWar",0.95,1,1,1,True
Ukraine,EN01,Other,1511126162642292738,@Kateryna_Kruk I don't understand why Canada still has  Russian embassy AND two consulates.  The Russian embassy is claiming that all the civilian deaths in Bucha occurred after the Russian troops left. Satellite evidence showed these corpses have been there for at least two weeks.,I don't understand why Canada still has Russian embassy AND two consulates. The Russian embassy is claiming that all the civilian deaths in Bucha occurred after the Russian troops left. Satellite evidence showed these corpses have been there for at least two weeks.,0.95,1,1,1,True
Ukraine,EN01,Other,1511462698176942091,I’m sure the freaking war criminals in the Russian Embassy in Ottawa will try to say this is fake. Time to kick them out of Canada. https://t.co/7I9l8aBpFx,I’m sure the freaking war criminals in the Russian Embassy in Ottawa will try to say this is fake. Time to kick them out of Canada.,0.95,1,1,1,True
Ukraine,EN01,Other,1499794037808713728,"Why did neonazis use Canada's embassy as a ""safe haven"" during the US-backed 2014 Ukrainian coup? https://t.co/9ZHul5OAQQ

Why has Canada been training neo-nazi batallions via Operation UNIFIER since 2015? https://t.co/vm0WBta8DA

https://t.co/qqg2BbeDSV","Why did neonazis use Canada's embassy as a ""safe haven"" during the US-backed 2014 Ukrainian coup? Why has Canada been training neo-nazi batallions via Operation UNIFIER since 2015?",0.95,1,1,1,True
Ukraine,EN04,Other,1511463784774311941,"#Russia's #economy could shrink by up to 15% this year and face up to 30% #inflation due to pressures brought upon it by Moscow's invasion of #Ukraine and the international #sanctions that has prompted, according to one European think tank. https://t.co/RZOxHHqvaE","Russia's economy could shrink by up to 15% this year and face up to 30% inflation due to pressures brought upon it by Moscow's invasion of Ukraine and the international sanctions that has prompted, according to one European think tank.",0.95,1,1,1,True
Ukraine,EN04,Other,1511437859156369413,People instructed to stay indoors after nitric acid tank hit by Russian strike in eastern Ukraine https://t.co/LqJZqcxtt6,People instructed to stay indoors after nitric acid tank hit by Russian strike in eastern Ukraine,0.95,1,1,1,True
Ukraine,EN08,Other,1511492696539508736,"@UN , @NATO , @USNATO, @ZelenskyyUa As our global eyes are horrified by the war crimes  exacted upon the Ukrainian people by Putin, I would like to understand why WE have taken no action against him? Have we not learned from Hitler?! 

Help Ukraine,  punish Putin.
Take ACTION.",", , , As our global eyes are horrified by the war crimes exacted upon the Ukrainian people by Putin, I would like to understand why WE have taken no action against him? Have we not learned from Hitler?! Help Ukraine, punish Putin. Take ACTION.",0.95,1,1,1,True
Ukraine,EN06,True,1511291566668849157,@Apanda_stan1534 @Aleksander921 @Nirmal_107 @tongaimujuru I feel for President Zelenskyy. This is real. The dead bodies in Bucha were not staged. Why would Russians believe Putin? Putin is responsible for the dead bodies! Putin must be punished for war crimes! #PutinIsaWarCriminal #PutinHitler https://t.co/7S0PCZw3tb,I feel for President Zelenskyy. This is real. The dead bodies in Bucha were not staged. Why would Russians believe Putin? Putin is responsible for the dead bodies! Putin must be punished for war crimes! PutinIsaWarCriminal PutinHitler,0.95,1,1,1,True
Ukraine,EN06,Other,1511493235088236544,"As Ukraine war drags on, Pentagon makes long-term plans for Europe: Washington Post https://t.co/RPfPmgpEl8 

MORE w/ EcoSearch: https://t.co/C6jgPy9vVj","As Ukraine war drags on, Pentagon makes long-term plans for Europe: Washington Post MORE w/ EcoSearch:",0.8409600000000002,1,1,1,True
Ukraine,EN01,False,1499513360609595392,Russian embassy Canada statement https://t.co/iZCNdcOQwt,Russian embassy Canada statement,0.95,1,1,1,True
Ukraine,EN01,Other,1499400383772332037,"I don't support Putin or his actions or death and suffering in Ukraine.
I also don't support our proven dishonest, one-sided  Media. Here's something from the Russia Embassy in Canada (I don't claim this is true either, it's just information) - https://t.co/YwpE9ZcWMM","I don't support Putin or his actions or death and suffering in Ukraine. I also don't support our proven dishonest, one-sided Media. Here's something from the Russia Embassy in Canada (I don't claim this is true either, it's just information) -",0.95,1,1,1,True
Ukraine,EN05,False,1506801422687420417,"RT @Russ_Warrior: #Zelensky, the coward, already fled to #Poland weeks ago.","RT : Zelensky, the coward, already fled to Poland weeks ago.",0.95,1,1,1,True
Ukraine,EN01,False,1499116983048192003,@OlgaNYC1211 Have you see this statement from Russian Embassy in Canada ? https://t.co/nysEzW5PVd,Have you see this statement from Russian Embassy in Canada ?,0.95,1,1,1,True
Ukraine,EN04,Other,1511434020801896448,"❗️#Ukrainian forces shoot down #Russian helicopter with Stugna-P anti-tank missile. 👏👏

#GenocideOfUkrainians #Ukraine #Russia #UkraineRussiaWar #WARINUKRAINE #RussianWarCrimesInUkraine #BuchaMassacre #Bucha #PutinWarCrimes #StopPutinNOW 
 https://t.co/fUEzCoGpsl",❗️Ukrainian forces shoot down Russian helicopter with Stugna-P anti-tank missile. 👏👏 GenocideOfUkrainians Ukraine Russia UkraineRussiaWar WARINUKRAINE RussianWarCrimesInUkraine BuchaMassacre Bucha PutinWarCrimes StopPutinNOW,0.95,1,1,1,True
Ukraine,EN07,False,1498613421104943104,"Former Miss Ukraine Anastasiia Lenna, who has joined the military to fight against Russia,has now shared a video of wartime bombings. https://t.co/Fm1CNActGc","Former Miss Ukraine Anastasiia Lenna, who has joined the military to fight against Russia,has now shared a video of wartime bombings.",0.95,1,1,1,True
Ukraine,EN07,False,1498250699964297226,"Reports say,at present there are 36,000 Ukrainian women(15% of total)serving in the army &; more civilian women have joined in large numbers.Miss #Ukraine 2015,Anastasiia Lenna joined its forces.Everyone must stand up for peace to return.Stop #UkraineRussiaWar.World needs peace https://t.co/zc8ba2srmT","Reports say,at present there are 36,000 Ukrainian women(15% of total)serving in the army &; more civilian women have joined in large numbers.Miss Ukraine 2015,Anastasiia Lenna joined its forces.Everyone must stand up for peace to return.Stop UkraineRussiaWar.World needs peace",0.95,1,1,1,True
Ukraine,EN04,False,1503144417074503681,"@M3J4NN It is all on Ebay - anything from NBC kits to uniforms, trench coats, gas masks - the lot! I even bid on a Russian T-72 tank the other day - a farmer in Ukraine found it in a field! Ebay removed the listing though!","It is all on Ebay - anything from NBC kits to uniforms, trench coats, gas masks - the lot! I even bid on a Russian T-72 tank the other day - a farmer in Ukraine found it in a field! Ebay removed the listing though!",0.95,1,1,1,True
Ukraine,EN06,Other,1508311847518171143,"@unhealthytruth No.  The slap was real.  But this is not only staged but planned by Hollywood and the media to take attention away from this country’s problems: Biden, inflation, gas, the war.  Media will talk about it for weeks.  The biggest “SQUIRREL “ of all time by Hollywood and the media.","No. The slap was real. But this is not only staged but planned by Hollywood and the media to take attention away from this country’s problems: Biden, inflation, gas, the war. Media will talk about it for weeks. The biggest “SQUIRREL “ of all time by Hollywood and the media.",0.95,1,1,1,True
Ukraine,EN03,Other,1511334675498901524,"@felicy017 you're literally denying genocide you're fucking disgusting. and it was RUSSIA which invaded the donbas after the maidan revolution, they are the ones who started this war and all Ukraine does is try to get back the territory which belongs to them","you're literally denying genocide you're fucking disgusting. and it was RUSSIA which invaded the donbas after the maidan revolution, they are the ones who started this war and all Ukraine does is try to get back the territory which belongs to them",0.95,1,1,1,True
Ukraine,EN06,Other,1510528654308253704,"Russian lies abt their war crimes in Bucha are beginning. They are pathetic: not real corpses, corpses brought in from dif city, USA staged it

Ru media is offering only the flimsiest of figleaves to ppl (in 🇷🇺&;outside) who love fascism but hate being called a fascist","Russian lies abt their war crimes in Bucha are beginning. They are pathetic: not real corpses, corpses brought in from dif city, USA staged it Ru media is offering only the flimsiest of figleaves to ppl (in 🇷🇺&;outside) who love fascism but hate being called a fascist",0.95,1,1,1,True
Ukraine,EN06,Other,1503524196571361284,"@grishchukroma It’s not gonna stop sanctions. Only stopping war will. Yes, there are real protesters, even if you think that this one is staged. War is not a national thing. Independent media still try to help ukraine (most of them are shut down).","It’s not gonna stop sanctions. Only stopping war will. Yes, there are real protesters, even if you think that this one is staged. War is not a national thing. Independent media still try to help ukraine (most of them are shut down).",0.95,1,1,1,True
Ukraine,EN01,Other,1507102448036429874,Statement from Russia embassy in Canada #UkraineRussiaWar #skpoli #cdnpoli https://t.co/lkpyenECD5,Statement from Russia embassy in Canada UkraineRussiaWar skpoli cdnpoli,0.95,1,1,1,True
Ukraine,EN05,False,1508437369619423234,"RT @archerfikret1: -The elites of Ukraine have already fled the country.
-Zelensky is in NATO bunker in Poland.
-People continue to run out…",RT : -The elites of Ukraine have already fled the country. -Zelensky is in NATO bunker in Poland. -People continue to run out…,0.9308,1,1,1,True
Ukraine,EN01,Other,1500338109254299648,Statement from Russian Embassy in Canada: https://t.co/gm3EJDSPnb,Statement from Russian Embassy in Canada:,0.95,1,1,1,True
Ukraine,EN03,Other,1511483585798225925,"Captured then released Ukrainian mayor of Melitopol #IvanFedorov wants Europe to understand nobody's safe from Russia, we're already at war though it hasn't yet moved onto western territory. Ukraine not giving up Crimea or Donbas. #UkraineRussiaWar French:
https://t.co/xKpxyu1GWj","Captured then released Ukrainian mayor of Melitopol IvanFedorov wants Europe to understand nobody's safe from Russia, we're already at war though it hasn't yet moved onto western territory. Ukraine not giving up Crimea or Donbas. UkraineRussiaWar French:",0.95,1,1,1,True
Ukraine,EN06,Other,1511493796730929155,"@RussiaUN @mfa_russia @PMSimferopol @MID_RnD @rusemb_pl @RusEmb_LT @PamelaFalk @evjournalist @BaradaAli @UN_Report @UN_News_Centre The genocide of the Russian army during the war of aggression in Ukraine is an open fact.  The staff of the Russian Ministry of Foreign Affairs can tell a lie without hesitation, such as the fabrication of Ukraine and the Western side.  Do Russians have humanity? https://t.co/paw0U2tlY9","The genocide of the Russian army during the war of aggression in Ukraine is an open fact. The staff of the Russian Ministry of Foreign Affairs can tell a lie without hesitation, such as the fabrication of Ukraine and the Western side. Do Russians have humanity?",0.95,1,1,1,True
Ukraine,EN02,True,1498767034473234445,Some Of The Most Popular 'Ukraine Footage' Is Actually A Video Game https://t.co/6dLJkiyWYG #esports #gaming #videogames #gamer #nfts #nft #blockchain #crypto #iplaw #russia #ukraine #cyberwar,Some Of The Most Popular 'Ukraine Footage' Is Actually A Video Game esports gaming videogames gamer nfts nft blockchain crypto iplaw russia ukraine cyberwar,0.95,1,1,1,True
Ukraine,EN02,Other,1511468940689608712,"My name is Joe biden I'm barak Obama's Vice President🤭 the man behind the curtains calling all the shots for the
Biden Administration.
Pakistan's No-Confidence Motion.
War in Ukraine.
#DGISI
#Bajwa
#Russia
#surprise
#SupremeCourt
#BidenIsADisgrace
#ImranKhanPrimeMinister https://t.co/CiZe6GxePa",My name is Joe biden I'm barak Obama's Vice President🤭 the man behind the curtains calling all the shots for the Biden Administration. Pakistan's No-Confidence Motion. War in Ukraine. DGISI Bajwa Russia surprise SupremeCourt BidenIsADisgrace ImranKhanPrimeMinister,0.95,1,1,1,True
Ukraine,EN01,Other,1511177948551864321,"@JustinTrudeau @cafreeland 
Expel the Russian Embassy in Canada. 
#PutinIsaWarCriminal 
#PutinHitler 
#GenocideOfUkrainians https://t.co/Ffmfo7BfOJ",Expel the Russian Embassy in Canada. PutinIsaWarCriminal PutinHitler GenocideOfUkrainians,0.95,1,1,1,True
Ukraine,EN03,Other,1511489464408805376,"@SlavenVeteran @mfa_russia @RussiaUN @Dpol_un @RusEmbUSA @RussianEmbassy @RussianEmbassyC @mission_russian @RF_OSCE @EmbassyofRussia @RusEmbIndia @Amb_Ulyanov The solution in that video has nothing to do with outside powers intervening. #Ukraine's goals of not losing any land to the invasion, being unified and militarily in control and #Russia's objectives with the #Donbas and #NATO can both be achieved with the same solution","The solution in that video has nothing to do with outside powers intervening. Ukraine's goals of not losing any land to the invasion, being unified and militarily in control and Russia's objectives with the Donbas and NATO can both be achieved with the same solution",0.95,1,1,1,True
Ukraine,EN01,True,1499207936081645568,"Unbelievable statement from Russian Embassy of Canada regarding their ""Denazification"" of the JEWISH-lead Ukrainian nation. This war &; resulting loss of life is the culmination of years of civic life and civil rights collapse in Russia. ALWAYS STAND UP TO INJUSTICE! https://t.co/8lgBf9ScAX","Unbelievable statement from Russian Embassy of Canada regarding their ""Denazification"" of the JEWISH-lead Ukrainian nation. This war &; resulting loss of life is the culmination of years of civic life and civil rights collapse in Russia. ALWAYS STAND UP TO INJUSTICE!",0.95,1,1,1,True
Ukraine,EN10,False,1499780190523772938,Any country that is a threat to the New World Order will find themselves at war with them.https://t.co/SQ1xSIsTOk,Any country that is a threat to the New World Order will find themselves at war with them.,0.7984800000000001,1,1,0,True
Ukraine,EN01,Other,1511156705534492678,"@JustinTrudeau Yet, the NDP-Liberal government HASN'T persona non grata the Russian Embassy or the 3 Consulates.

RU elite send their kids to Canada for education, so cancel their student visas.

Besides remember that #China thing, your scared, impotent and weak.

#UkraineRussianWar","Yet, the NDP-Liberal government HASN'T persona non grata the Russian Embassy or the 3 Consulates. RU elite send their kids to Canada for education, so cancel their student visas. Besides remember that China thing, your scared, impotent and weak. UkraineRussianWar",0.95,1,1,1,True
Ukraine,EN04,Other,1502270437933391872,"Are Ukrainians selling these tanks on ebay?

I'm interested in buying a Russian Tank. 

Fear not i understand they are very unreliable so instead of using it for battle i will allow those who have Mechanophilia to engage in sexual intercourse with it https://t.co/KFdm9Eupnv",Are Ukrainians selling these tanks on ebay? I'm interested in buying a Russian Tank. Fear not i understand they are very unreliable so instead of using it for battle i will allow those who have Mechanophilia to engage in sexual intercourse with it,0.95,1,1,1,True
Ukraine,EN02,True,1499353216470892544,"@JulaniJulani Absolutely, they posted a video from ""ARMA 3"" video game and claimed it was Russia attacking Ukraine the other day.

Just like the hospitals full mannequin posing as Covid sick people.","Absolutely, they posted a video from ""ARMA 3"" video game and claimed it was Russia attacking Ukraine the other day. Just like the hospitals full mannequin posing as Covid sick people.",0.8773600000000001,1,1,1,True
Ukraine,EN05,Other,1511280127996477444,"🇪🇺🇺🇦 European Commission President Ursula van der Leyen will travel to Kyiv this week to meet the Ukrainian President Volodymyr Zelensky.

The pair will visit Kyiv ahead of an event in Warsaw, Poland on Saturday
https://t.co/g5WqB6BEv2 https://t.co/Aag8pO3TIu","🇪🇺🇺🇦 European Commission President Ursula van der Leyen will travel to Kyiv this week to meet the Ukrainian President Volodymyr Zelensky. The pair will visit Kyiv ahead of an event in Warsaw, Poland on Saturday",0.95,1,1,1,True
Ukraine,EN03,Other,1511091429937860608,"'The Russians are gone': What this image says about Russia's strategy #SlavaUkraini #Genocide#WarCrimes #StandWithUkraine   #SanctionPutin #NuclearPutin #DefendDemocracy #PeaceNow #EndNuclearWeapons 
https://t.co/1nKQorfNHR",'The Russians are gone': What this image says about Russia's strategy SlavaUkraini GenocideWarCrimes StandWithUkraine SanctionPutin NuclearPutin DefendDemocracy PeaceNow EndNuclearWeapons,0.95,1,1,1,True
Ukraine,EN06,Other,1510387410924109824,"image building real time for our army #Bajwa,not by producing dramas like sin fe ahan etc.""Bikhari"" nation cannot afford these heavy budget productions just to uplift their image via staged dramas and apparently become neutral in a clear war between""Haq &; Batil"". Sunday/black day","image building real time for our army Bajwa,not by producing dramas like sin fe ahan etc.""Bikhari"" nation cannot afford these heavy budget productions just to uplift their image via staged dramas and apparently become neutral in a clear war between""Haq &; Batil"". Sunday/black day",0.95,1,1,1,True
Ukraine,EN04,True,1502964953405267970,Bob Oswald: #FactsMatter reports Ukrainians not selling Russian tank on eBay https://t.co/yvPlJz4SFj,Bob Oswald: FactsMatter reports Ukrainians not selling Russian tank on eBay,0.95,1,1,1,True
Ukraine,EN01,False,1499378062995058691,@TeresaFreeThink I did the research and this is a real statement from the Russian embassy in Canada.  And they are getting a lot of slack from releasing it. And because of that it proves to me that it is legitimate.,I did the research and this is a real statement from the Russian embassy in Canada. And they are getting a lot of slack from releasing it. And because of that it proves to me that it is legitimate.,0.95,1,1,1,True
Ukraine,EN04,False,1502747397608415234,I really hope this is true because it is damn funny. [Ukrainian civilians selling a Russian tank they captured on Ebay). #Ukraine 🤔 https://t.co/rQXJXTRxT0,I really hope this is true because it is damn funny. [Ukrainian civilians selling a Russian tank they captured on Ebay). Ukraine 🤔,0.95,1,1,1,True
Ukraine,EN10,Other,1511490201205497856,"@JenKostyrna @ZelenskyyUa @EmmanuelMacron If Joe Biden didn't stop the keystone pipeline when he was inaugurated, and instead continued the ban on Nordstream pipeline, Putin may not have had the money for this war.","If Joe Biden didn't stop the keystone pipeline when he was inaugurated, and instead continued the ban on Nordstream pipeline, Putin may not have had the money for this war.",0.8779200000000001,1,1,1,True
Ukraine,EN04,Other,1507084242492268547,"@jmvasquez1974 You should put the tank remains onto eBay, I’d buy me a bit of a destroyed Russian tank!","You should put the tank remains onto eBay, I’d buy me a bit of a destroyed Russian tank!",0.95,1,1,1,True
Ukraine,EN02,True,1500546899270680576,"Very important. Watch your news sources make sure more then ever it’s accurate. 

Some Of The Most Popular 'Ukraine Footage' Is From A Video Game. - #Gaming #UkraineRussiaWar https://t.co/O6B2DFULLc",Very important. Watch your news sources make sure more then ever it’s accurate. Some Of The Most Popular 'Ukraine Footage' Is From A Video Game. - Gaming UkraineRussiaWar,0.95,1,1,1,True
Ukraine,EN06,Other,1506980634996129797,"The @DNC  members can not stop having @mfa_russia  as a foil to propel themselves as ""staged Media"" Heroes.. Biden is the real criminal, violated oath of office,+ $billions in Drugs from MEX &; Afghanistan. 3-21POTUS= Putin a “war criminal,” “murderous dictator,” &; “a pure thug.” https://t.co/RWKamL45lP","The members can not stop having as a foil to propel themselves as ""staged Media"" Heroes.. Biden is the real criminal, violated oath of office,+ $billions in Drugs from MEX &; Afghanistan. 3-21POTUS= Putin a “war criminal,” “murderous dictator,” &; “a pure thug.”",0.95,1,1,1,True
Ukraine,EN07,True,1498293054029062149,"Miss Ukraine 2015 Anastasiia Lenna speaks out on Instagram ""I AM NOT MILITARY. JUST A HUMAN."" ""I am also a airsoft player for years.""

She seeks the world's support for Ukraine. 🇺🇦 

#StopRussianAggression #Ukraine
#RussiaInvadedUkraine #STANDWITHUKRAINE

https://t.co/WwUBJgb5Hs","Miss Ukraine 2015 Anastasiia Lenna speaks out on Instagram ""I AM NOT MILITARY. JUST A HUMAN."" ""I am also a airsoft player for years."" She seeks the world's support for Ukraine. 🇺🇦 StopRussianAggression Ukraine RussiaInvadedUkraine STANDWITHUKRAINE",0.95,1,1,1,True
Ukraine,EN01,False,1502266302404071425,"#russia #canada
Embassy Statement
The whole story has been staged. https://t.co/AJkcKj1maI",russia canada Embassy Statement The whole story has been staged.,0.95,1,1,1,True
Ukraine,EN08,Other,1503569577237655555,@NZ_Georgie Time Magazine? The one that awarded Adolf Hitler their 1938 Man of the Year front cover -- nine months before WW2 broke out? And Stalin the next year? As well as Ayatollah Khomeini (1979) and Putin (2007). A veritable Rogues' Gallery!,Time Magazine? The one that awarded Adolf Hitler their 1938 Man of the Year front cover -- nine months before WW2 broke out? And Stalin the next year? As well as Ayatollah Khomeini (1979) and Putin (2007). A veritable Rogues' Gallery!,0.95,1,1,1,True
Ukraine,EN10,False,1505461432237838337,Putin Has Banned Rothschild😈 And His New World Order Banking Cartel Family From Entering Russian Territory https://t.co/V6rRBNnAoP,Putin Has Banned Rothschild😈 And His New World Order Banking Cartel Family From Entering Russian Territory,0.95,1,1,1,True
Ukraine,EN03,False,1510799628194615299,"@IMatviyishyn Because you've surrendered your objectivity &; free thought to the corporate media narrative.  The only genocide in Ukraine was ongoing in Donbas since 2014 at the hands of the Azov.  These Germans see through the propaganda &; recognize the sanctions hurt them,not Russia.","Because you've surrendered your objectivity &; free thought to the corporate media narrative. The only genocide in Ukraine was ongoing in Donbas since 2014 at the hands of the Azov. These Germans see through the propaganda &; recognize the sanctions hurt them,not Russia.",0.95,1,1,1,True
Ukraine,EN03,Other,1511151865907585027,@kiraincongress The Genocide will continue in the Donbas region. The West is affectively saying it's acceptable and not a good enough reason to engage directly with Russians in Ukraine. At what stage is Putin seen as someone who should be stopped at all costs!,The Genocide will continue in the Donbas region. The West is affectively saying it's acceptable and not a good enough reason to engage directly with Russians in Ukraine. At what stage is Putin seen as someone who should be stopped at all costs!,0.95,1,1,1,True
Ukraine,EN07,False,1502750468161822722,Everything you need to know about ex-Miss Ukraine Anastasiia Lenna as she trains to fight Russian troops https://t.co/8jXMBIsEy4,Everything you need to know about ex-Miss Ukraine Anastasiia Lenna as she trains to fight Russian troops,0.95,1,1,1,True
Ukraine,EN02,Other,1511475421942104067,@usatoday: Has Russia committed war crimes in Ukraine? Here's what we know about war crimes and how they're investigated. https://t.co/te0HQV0eZC,: Has Russia committed war crimes in Ukraine? Here's what we know about war crimes and how they're investigated.,0.95,1,1,1,True
Ukraine,EN03,Other,1511100988660371458,"If all of this really reaches Ukraine they'll March not only to Donbas and Crimea but also to Moscow and St Petersburg! 🔥🔥😂
#UkraineUnderAttack 
#UkraineRussiaWar 
#PutinatWar 
#Genocide #GenocideOfUkrainians https://t.co/M7yfQkoBom",If all of this really reaches Ukraine they'll March not only to Donbas and Crimea but also to Moscow and St Petersburg! 🔥🔥😂 UkraineUnderAttack UkraineRussiaWar PutinatWar Genocide GenocideOfUkrainians,0.95,1,1,1,True
Ukraine,EN06,Other,1506149288350519299,@LarryBitcoin Looks staged and you should be careful pushing these kind of photos when you have no idea if they are real or not. Propaganda is a central point of any war.,Looks staged and you should be careful pushing these kind of photos when you have no idea if they are real or not. Propaganda is a central point of any war.,0.95,1,1,1,True
Ukraine,EN08,Other,1511493221129781251,@JoeBiden @lopezobrador_  What is different we see from Hitler to Putin.  Only one MX declare war vs Germany after all crimes and now MX president is ally of the Genocide Putin.  The worse is thar many MX politicians have their residences in USA  WAF  Please do something Joe!,What is different we see from Hitler to Putin. Only one MX declare war vs Germany after all crimes and now MX president is ally of the Genocide Putin. The worse is thar many MX politicians have their residences in USA WAF Please do something Joe!,0.95,1,1,1,True
Ukraine,EN04,Other,1511428648615751684,Russia is focusing on Eastern Ukraine. Retired general explains how to s... https://t.co/rIWvsPUMxx via @YouTube Listening to Gen Clarke we are going to witness one of the biggest Tank Battles seen in Europe since the Battle of the Bulge.,Russia is focusing on Eastern Ukraine. Retired general explains how to s... via Listening to Gen Clarke we are going to witness one of the biggest Tank Battles seen in Europe since the Battle of the Bulge.,0.92192,1,1,1,True
Ukraine,EN06,Other,1511493496728915971,"@mryannagy In all honestly, he gets tried in The Hague for war crimes.  What happens to him?  He doesn't get executed.  Russia is not going to be told to rebuild Ukraine with Russian resources.  What really happens?","In all honestly, he gets tried in The Hague for war crimes. What happens to him? He doesn't get executed. Russia is not going to be told to rebuild Ukraine with Russian resources. What really happens?",0.95,1,1,1,True
Ukraine,EN07,False,1501267497907068931,"""Since the invasion, untold numbers of Ukrainian women from all walks of life have stepped forward and volunteered to serve on the front lines. They include... the former Miss Ukraine, Anastasiia Lenna and Ukrainian MP Kira Rudik."" #Ukraine #IWD
https://t.co/6cixnKlVO2 via @msnbc","""Since the invasion, untold numbers of Ukrainian women from all walks of life have stepped forward and volunteered to serve on the front lines. They include... the former Miss Ukraine, Anastasiia Lenna and Ukrainian MP Kira Rudik."" Ukraine IWD via",0.95,1,1,1,True
Ukraine,EN04,Other,1502135617676668936,Thomas Gunn miniatures SOV001 54mm WW2 Russian Hetzer tank 1figure 2008 mib oop https://t.co/xUkBfRSc8G eBay https://t.co/k9SUxK0K1v,Thomas Gunn miniatures SOV001 54mm WW2 Russian Hetzer tank 1figure 2008 mib oop eBay,0.95,1,1,1,True
Ukraine,EN07,False,1498823943213522950,"Former miss Ukraine Anastasiia Lenna, who has join the Ukrainian military to fight against Russia, in a message: 

“I appreciate all the support to my country…We fight every day against Russian aggression. We will win” 🇺🇦 https://t.co/Tst7m5Wh7K","Former miss Ukraine Anastasiia Lenna, who has join the Ukrainian military to fight against Russia, in a message: “I appreciate all the support to my country…We fight every day against Russian aggression. We will win” 🇺🇦",0.95,1,1,1,True
Ukraine,EN02,True,1507859956392988687,"Why do media outlets spread Ukraine disinformation? recently uploaded video of Russian helicopters being shot down was actually ARMA 3 game footage. The Snake island, the ghost of Kiev, the nuclear reactor being shelled by Russia stories were all fake. The media are idiots. https://t.co/i446mZGV6T","Why do media outlets spread Ukraine disinformation? recently uploaded video of Russian helicopters being shot down was actually ARMA 3 game footage. The Snake island, the ghost of Kiev, the nuclear reactor being shelled by Russia stories were all fake. The media are idiots.",0.95,1,1,1,True
Ukraine,EN10,Other,1511463744949432329,Wimbledon are ready to ban world No. 2 Danill Medvedev from this year’s tournament over fears a Russian victory could boost the Vladimir Putin regime https://t.co/5R1VvPGcaE,Wimbledon are ready to ban world No. 2 Danill Medvedev from this year’s tournament over fears a Russian victory could boost the Vladimir Putin regime,0.92544,1,1,1,True
Ukraine,EN02,True,1507678883662901249,"Ukraine propaganda: 
Submits stimulation clip from video game arma 3 with their officer names and designation, to pull off this fake news. 
Typical example of what zelensky daily information war regime looks like. 
#Ukraine #NaziUkraine #Fake #Propaganda #Russia #USA #EU #NATO https://t.co/OeT5ajYsMp","Ukraine propaganda: Submits stimulation clip from video game arma 3 with their officer names and designation, to pull off this fake news. Typical example of what zelensky daily information war regime looks like. Ukraine NaziUkraine Fake Propaganda Russia USA EU NATO",0.95,1,1,1,True
Ukraine,EN02,Other,1511481077688328195,"#BREAKING NOW: #Pentagon Says #Ukraine War Could Go On For Years. U.S. &; #NATO In It ""For Quite Some Time"" RAW CLIP 

#russia #UkraineRussiaWar #Kyiv #BreakingNews #Putin #Bucha #RussiaUkraineConflict https://t.co/U5O3BrBsmF","BREAKING NOW: Pentagon Says Ukraine War Could Go On For Years. U.S. &; NATO In It ""For Quite Some Time"" RAW CLIP russia UkraineRussiaWar Kyiv BreakingNews Putin Bucha RussiaUkraineConflict",0.95,1,1,1,True
Ukraine,EN01,Other,1510941076378509315,"Crimes of the Russian military in Ukraine: an action of ""empty carriages"" was organized in the capital of Canada near the Russian embassy
https://t.co/o4FR8hEFPf","Crimes of the Russian military in Ukraine: an action of ""empty carriages"" was organized in the capital of Canada near the Russian embassy",0.95,1,1,1,True
Ukraine,EN02,True,1501275262897459201,"@USATODAY Thousands of social media users claimed earlier this week that clips from the video game ""Arma 3"" depicted Russia and Ukraine at war. https://t.co/xUVB5kTDnl","Thousands of social media users claimed earlier this week that clips from the video game ""Arma 3"" depicted Russia and Ukraine at war.",0.95,1,1,1,True
Ukraine,EN06,True,1511460911147593736,"Outside of the obvious propaganda that comes with EVERY SINGLE government action... this is a really bad take, manipulated info or not, these atrocities are still happening in real life. Not staged, not every incident is full of crisis actors.. These people are at war. https://t.co/69SIx36bb5","Outside of the obvious propaganda that comes with EVERY SINGLE government action... this is a really bad take, manipulated info or not, these atrocities are still happening in real life. Not staged, not every incident is full of crisis actors.. These people are at war.",0.95,1,1,1,True
Ukraine,EN07,True,1502695866834251779,"A viral photo doesn’t show Anastasiia Lenna, the 2015 Miss Grand Ukraine winner, in the Ukrainian military fighting Russians. The image is staged and she’s holding an airsoft gun. https://t.co/FYoW7ztyJw","A viral photo doesn’t show Anastasiia Lenna, the 2015 Miss Grand Ukraine winner, in the Ukrainian military fighting Russians. The image is staged and she’s holding an airsoft gun.",0.95,1,1,1,True
Ukraine,EN06,Other,1511493515909369856,"@mtracey And the length of the war is determined by Russia and Ukraine.

And only Russia can end this war today.

So go yell at Putin's choice for self inflicting this war on Russia and Ukraine people.",And the length of the war is determined by Russia and Ukraine. And only Russia can end this war today. So go yell at Putin's choice for self inflicting this war on Russia and Ukraine people.,0.95,1,1,1,True
Ukraine,EN01,Other,1499294926860861444,"@Vedprak20875932 The Russian Embassy in Canada issued a statement that there is no Ujraine invasion Lavrov said that about 500 Russian soldiers were killed (more than 9,000).Lavrov also said that they have no loss of machinery. Meanwhile in Ukraine ... This is confirmed information https://t.co/kEWMUaXl5z","The Russian Embassy in Canada issued a statement that there is no Ujraine invasion Lavrov said that about 500 Russian soldiers were killed (more than 9,000).Lavrov also said that they have no loss of machinery. Meanwhile in Ukraine ... This is confirmed information",0.95,1,1,1,True
Ukraine,EN03,False,1511012321967198211,@RevenantPast @academic_la Ahahahahhahahaha saying Ukrainian!!! Ukraine committing genocide Donbas but nobody bat eye…..,Ahahahahhahahaha saying Ukrainian!!! Ukraine committing genocide Donbas but nobody bat eye…..,0.95,1,1,1,True
Ukraine,EN06,Other,1511493764539375618,"The leaders of Ukraine want war with Russia since 2019. 

Proof: Zelensky REJECTED Peace With Russia https://t.co/T4WEqSoaSj via @YouTube",The leaders of Ukraine want war with Russia since 2019. Proof: Zelensky REJECTED Peace With Russia via,0.95,1,1,1,True
Ukraine,EN04,Other,1511449647566721024,"Incredible footage of a single T-64BV tank of Ukraine engaging a Russian convoy, destroying a BTR-82A from an ambush.

#Russia #USA #RussianSoldiers #RussianWarCrimes #UkrainianGenocide #RussianMangaPiracy https://t.co/mDgz4xpVbr","Incredible footage of a single T-64BV tank of Ukraine engaging a Russian convoy, destroying a BTR-82A from an ambush. Russia USA RussianSoldiers RussianWarCrimes UkrainianGenocide RussianMangaPiracy",0.95,1,1,1,True
Ukraine,EN10,False,1503769905807601668,@friendie365 Zelensky is a big time crook!You'd swear they were all saints the way the Western MSM &; big tech goes on. Goebbels was an amateur compared to this propagandaThey don't tell you Zelensky is on the Soros payroll &; Putin banned the Rothschild banks &; Soros from entering Russia.,Zelensky is a big time crook!You'd swear they were all saints the way the Western MSM &; big tech goes on. Goebbels was an amateur compared to this propagandaThey don't tell you Zelensky is on the Soros payroll &; Putin banned the Rothschild banks &; Soros from entering Russia.,0.95,1,1,1,True
Ukraine,EN04,False,1501747506203537418,Russian tank for sale on eBay #ukraine #StopRussia https://t.co/gfQ1gDoafv,Russian tank for sale on eBay ukraine StopRussia,0.95,1,1,1,True
Ukraine,EN06,Other,1508156689765310467,"@ivan_8848 Russki war reporter so you're not considering if this was staged vs that it's real. Why is there no blood shown  when they're shot in legs? Severity of other wounds indicates war casualties in RU POWs to give verisimilitude to video.

https://t.co/YuvYADqfUx",Russki war reporter so you're not considering if this was staged vs that it's real. Why is there no blood shown when they're shot in legs? Severity of other wounds indicates war casualties in RU POWs to give verisimilitude to video.,0.95,1,1,1,True
Ukraine,EN03,True,1510987289526251524,"Unlike made up ""genocide in #Donbas"", we now see a real massacre in #Bucha made by the #Russians. Now ""RIA Novosti"" in the article ""What Russia should do with #Ukraine"" guide us through their ways of extermination of the Ukrainians and Ukraine as a state. https://t.co/Ng7JZcj2TP https://t.co/8wrTWSWoU2","Unlike made up ""genocide in Donbas"", we now see a real massacre in Bucha made by the Russians. Now ""RIA Novosti"" in the article ""What Russia should do with Ukraine"" guide us through their ways of extermination of the Ukrainians and Ukraine as a state.",0.95,1,1,1,True
Ukraine,EN03,Other,1511481316231061504,"Russia significantly scales back it's Ukrainian military operations around the Ukranian capitol.
Make no mistake, it's a Russian defeat.

Ukraine Unlikely to Take Back Crimea–Donbass Corridor Through Military Means: Zelenskyy https://t.co/ygPOcEOumw","Russia significantly scales back it's Ukrainian military operations around the Ukranian capitol. Make no mistake, it's a Russian defeat. Ukraine Unlikely to Take Back Crimea–Donbass Corridor Through Military Means: Zelenskyy",0.95,1,1,1,True
Ukraine,EN01,False,1499114751783497728,And now for the statement from the Russian Embassy in Canada... It's abhorrent 😡 https://t.co/wzWkI5w9Xk https://t.co/UFQvstFyNc,And now for the statement from the Russian Embassy in Canada... It's abhorrent 😡,0.95,1,1,1,True
Ukraine,EN03,Other,1511463002666684421,"I had never expanded upon Operation Mongoose Bites meaning and capacity, and due to time passing and it’s relevance, I will hold on all the details until the operational security situation calls for it.
#Donbas #Russia #Ukraine #UkraineRussiaWar https://t.co/oanFNxwzx4","I had never expanded upon Operation Mongoose Bites meaning and capacity, and due to time passing and it’s relevance, I will hold on all the details until the operational security situation calls for it. Donbas Russia Ukraine UkraineRussiaWar",0.95,1,1,1,True
Ukraine,EN04,True,1502458729853300736,@AFPFactCheck The Russian tank captured in Ukraine and sold on ebay was such an obvious joke that even @AFPFactCheck fell for it... Pity it wasn't posted on April 1st :),The Russian tank captured in Ukraine and sold on ebay was such an obvious joke that even fell for it... Pity it wasn't posted on April 1st :),0.95,1,1,1,True
Ukraine,EN07,False,1498334964559097856,"Meet Ukrainian democratic patriot &; anti Russian freedom fighter Miss Ukraine, Anastasiia Lenna. 

Anastasiia was crowned a winner in 2015, but the model has swapped her glamorous lifestyle to fight Russia and protect Ukraine.

Ukraine has 36,000 women serving in the military. https://t.co/3stm3Wimxj","Meet Ukrainian democratic patriot &; anti Russian freedom fighter Miss Ukraine, Anastasiia Lenna. Anastasiia was crowned a winner in 2015, but the model has swapped her glamorous lifestyle to fight Russia and protect Ukraine. Ukraine has 36,000 women serving in the military.",0.95,1,1,1,True
Ukraine,EN04,Other,1507769625773182980,Torro 1:16 RC Russian Tank T34/85 https://t.co/cUXqBniT2D eBay,Torro 1:16 RC Russian Tank T34/85 eBay,0.95,1,1,1,True
Ukraine,EN01,Other,1511365538861178883,"It's time for #Canada to send all Russian embassy staff &; their handlers to be tossed out of our country @JustinTrudeau 
You won't glean any #Truth from them on the situation on the ground in #Ukraine or #Syria for that matter.
We shouldn't negotiate with terrorists !!!",It's time for Canada to send all Russian embassy staff &; their handlers to be tossed out of our country You won't glean any Truth from them on the situation on the ground in Ukraine or Syria for that matter. We shouldn't negotiate with terrorists !!!,0.95,1,1,1,True
Ukraine,EN06,Other,1509164781248425990,@ArtValley818_ WTF? Is this staged or real? My deceased Korean War vet dad is turning over in his grave right now! Not many of us alpha males left out there anymore!,WTF? Is this staged or real? My deceased Korean War vet dad is turning over in his grave right now! Not many of us alpha males left out there anymore!,0.95,1,1,1,True
Ukraine,EN04,False,1503151737695191046,@CaramelRhapsody @TheWriteStuff14 It’s a slippery slope from finding Poland on Google Maps to buying a Russian tank from a Ukrainian farmer on eBay.,It’s a slippery slope from finding Poland on Google Maps to buying a Russian tank from a Ukrainian farmer on eBay.,0.95,1,1,1,True
Ukraine,EN06,False,1504964804276011015,"as a big enough threat unto this! 

I speak according to face value and not about this bullshit war as it has been reported and lied about and is a wholly staged matter bolstered by straight lies by media and bad actors on every kind. #Disgusting!

YK #MyTime #REAL (2/2)",as a big enough threat unto this! I speak according to face value and not about this bullshit war as it has been reported and lied about and is a wholly staged matter bolstered by straight lies by media and bad actors on every kind. Disgusting! YK MyTime REAL (2/2),0.95,1,1,1,True
Ukraine,EN01,Other,1499588361262092315,"#Russia Embassy in #Canada statement pertaining to their actions in #Ukraine.
#RussiaUkraine #UkraineRussianWar #NoWar https://t.co/a6tkXtfxJE",Russia Embassy in Canada statement pertaining to their actions in Ukraine. RussiaUkraine UkraineRussianWar NoWar,0.95,1,1,1,True
Ukraine,EN02,Other,1511485064613269505,"Ret. Col. @steveGanyard joins @LinseyDavis to discuss the war in Ukraine. 

""The sanctions that have been put in place are quite severe.""
https://t.co/wobotV5X7C https://t.co/hVsagKxtx6","Ret. Col. joins to discuss the war in Ukraine. ""The sanctions that have been put in place are quite severe.""",0.8855200000000001,1,1,1,True
Ukraine,EN06,Other,1511493757362913288,"🇺🇸#USA #UKRAINERUSSIANWAR 

#News 

🪖04/05/2022 #US General #Milley: Ukraine long war,only US troops could have stopped Russia  

US “facing two global powers,#China-#Russia.., #nuclear military capabilities, intend to change rules global order”

https://t.co/uKy7kTcJKr  @nypost","🇺🇸USA UKRAINERUSSIANWAR News 🪖04/05/2022 US General Milley: Ukraine long war,only US troops could have stopped Russia US “facing two global powers,China-Russia.., nuclear military capabilities, intend to change rules global order”",0.95,1,1,1,True
Ukraine,EN04,False,1508600410596327424,"@EmergencyBK Im trying to buy a Russian T80 tank on ebay right now, as ya do, seems there's a fair view available, shipping ex Ukraine :))
#IStandWithUkraine","Im trying to buy a Russian T80 tank on ebay right now, as ya do, seems there's a fair view available, shipping ex Ukraine :)) IStandWithUkraine",0.95,1,1,1,True
Ukraine,EN01,Other,1511307256243044353,"@RussianEmbassyC Russian embassy in Canada, go fuck yourself.","Russian embassy in Canada, go fuck yourself.",0.95,1,1,1,True
Ukraine,EN01,Other,1500349798129541123,Embassy of The Russian Federation in Canada Releases Statement on Demilitarization and DeNazification of Ukraine https://t.co/RWte5vb4wY,Embassy of The Russian Federation in Canada Releases Statement on Demilitarization and DeNazification of Ukraine,0.95,1,1,1,True
Ukraine,EN03,Other,1511472405642100741,"@Lina06242990 @britinvan @bellingcat It's about Russia providing gas to Germany and China paying Russia in American bonds, and Burisma being investigated for fraud, and Ukraine becoming Nazi Mecca. It's Donbas being independent, it's NATO's offensive expansion, it's Washington and the Pentagon pulling puppet strings","It's about Russia providing gas to Germany and China paying Russia in American bonds, and Burisma being investigated for fraud, and Ukraine becoming Nazi Mecca. It's Donbas being independent, it's NATO's offensive expansion, it's Washington and the Pentagon pulling puppet strings",0.95,1,1,1,True
Ukraine,EN06,Other,1507645640158986243,"@Maishilla @daveweiss68 @nypost I dont know which of the two it is.. It does all seem staged and 'not real'. Not the war. Thats real. But the presentation of it to us.. Feels like im not getting a full picture of whats happening at all.. Its more like a stage show, with multiple acts and PR stunts.","I dont know which of the two it is.. It does all seem staged and 'not real'. Not the war. Thats real. But the presentation of it to us.. Feels like im not getting a full picture of whats happening at all.. Its more like a stage show, with multiple acts and PR stunts.",0.95,1,1,1,True
Ukraine,EN03,False,1510813619235299328,"@lesiavasylenko This video is from Mariupol tortured by Azov, streamed days back from a western reporter on ground. Lies is all Ukraine can do. Shame on you racists neo nazis. Ukraine is doing genocide in Donbas for 8 years shown to the 🌍 by western media","This video is from Mariupol tortured by Azov, streamed days back from a western reporter on ground. Lies is all Ukraine can do. Shame on you racists neo nazis. Ukraine is doing genocide in Donbas for 8 years shown to the 🌍 by western media",0.95,1,1,1,True
Ukraine,EN08,Other,1500387245966172163,"@ruua_conflict It's not an accolade you know. Hitler was named Time magazine's man of the year in 1939. 
It is awarded to the person who most affected the news and our lives, good or bad. On those grounds, it has to be Putin.","It's not an accolade you know. Hitler was named Time magazine's man of the year in 1939. It is awarded to the person who most affected the news and our lives, good or bad. On those grounds, it has to be Putin.",0.95,1,1,1,True
Ukraine,EN04,Other,1511442077586014218,Ukraine says there is evidence that Russians have killed hundreds of civilians near Kyiv. Russia points to videos of Russian prisoners of war being shot in the legs and other harrowing imagery. @cainburdeau https://t.co/nq9eUwzM04,Ukraine says there is evidence that Russians have killed hundreds of civilians near Kyiv. Russia points to videos of Russian prisoners of war being shot in the legs and other harrowing imagery.,0.95,1,1,1,True
Ukraine,EN08,True,1498848063544172544,"#WebQoof | A magazine cover, which shows Vladimir Putin's picture juxtaposed with Adolf Hitler's, is being shared as a real cover by the #TIME magazine. But we found that it was an artwork and not a real one.

https://t.co/wZ8uiO2lxp","WebQoof | A magazine cover, which shows Vladimir Putin's picture juxtaposed with Adolf Hitler's, is being shared as a real cover by the TIME magazine. But we found that it was an artwork and not a real one.",0.95,1,1,1,True
Ukraine,EN03,False,1511256130659438593,"🚨If you believe Zelenskyy is a Hero,a Great Guy that is trying to save Ukraine,I implore you to Research Him.He has committed Genocide on his Own People in the Donbas Region.He supports his Nazi Azov Battalion that have been Raping,Torturing,Murdering Russian Speaking Ukranians","🚨If you believe Zelenskyy is a Hero,a Great Guy that is trying to save Ukraine,I implore you to Research Him.He has committed Genocide on his Own People in the Donbas Region.He supports his Nazi Azov Battalion that have been Raping,Torturing,Murdering Russian Speaking Ukranians",0.95,1,1,1,True
Ukraine,EN04,False,1510072793374765058,"@TristanSnell I just bought a captured Russian tank on eBay.
The Russian economy is tanking.",I just bought a captured Russian tank on eBay. The Russian economy is tanking.,0.95,1,1,1,True
Ukraine,EN03,False,1511341629348720646,"@5pur5y @Dlt268rt @VegetaOrAra @Thereal_jodyjoe @DefenceNor @Kateryna_Kruk The division stems from the past 8 years having the Donbas region bombarded with bombings and cultural genocide of rhe strong Russian population in the region. I don't care what side you choose to virtue signal to, but for everyone saying Ukraine is innocent, needs to research.","The division stems from the past 8 years having the Donbas region bombarded with bombings and cultural genocide of rhe strong Russian population in the region. I don't care what side you choose to virtue signal to, but for everyone saying Ukraine is innocent, needs to research.",0.95,1,1,1,True
Ukraine,EN04,True,1504034792538447875,"Before you all get excited, no, you cannot buy a seized Russian tank off #ebay

https://t.co/zEXfwPVM6A","Before you all get excited, no, you cannot buy a seized Russian tank off ebay",0.95,1,1,1,True
Ukraine,EN02,Other,1511488856813670405,WARNING: GRAPHIC CONTENT - Ukrainian President Volodomyr Zelenskiy told the U.N. Security Council that Russia had committed the 'most serious war crimes' since World War Two and needed to be held accountable https://t.co/mwfoVM4A79 https://t.co/pBEiicc8B9,WARNING: GRAPHIC CONTENT - Ukrainian President Volodomyr Zelenskiy told the U.N. Security Council that Russia had committed the 'most serious war crimes' since World War Two and needed to be held accountable,0.95,1,1,1,True
Ukraine,EN01,False,1499264289743548418,Statement from the Russian Embassy in Canada regarding the conflict in the Ukraine. https://t.co/t9jLbkZjqT,Statement from the Russian Embassy in Canada regarding the conflict in the Ukraine.,0.95,1,1,1,True
Ukraine,EN04,False,1507534825057505280,"Did I see a used Russian tank on eBay for 145$?

Would they pass the local environment protection requirements?",Did I see a used Russian tank on eBay for 145$? Would they pass the local environment protection requirements?,0.95,1,1,1,True
Ukraine,EN02,True,1498496218305073156,"@gundeshmopsteru @ASBMilitary MSM media are spreading lies like this.

It's calling disinformation. They've always done that. Like the ArmA 3 videogame footage used as a dogfight battle between Russia and Ukraine.

It's only now that ""we're"" starting to realize.

We are awakening.","MSM media are spreading lies like this. It's calling disinformation. They've always done that. Like the ArmA 3 videogame footage used as a dogfight battle between Russia and Ukraine. It's only now that ""we're"" starting to realize. We are awakening.",0.93896,1,1,1,True
Ukraine,EN06,Other,1511493683731914761,"Obviously, the relationship between China and Russia, China and the West, and etc. are complicated and multi-faceted. But at the end of the day, in the grand scheme of things, it should be no real surprise who China's leadership is more apt to support in the War in Ukraine. https://t.co/1w77Gcf0FX","Obviously, the relationship between China and Russia, China and the West, and etc. are complicated and multi-faceted. But at the end of the day, in the grand scheme of things, it should be no real surprise who China's leadership is more apt to support in the War in Ukraine.",0.95,1,1,1,True
Ukraine,EN02,Other,1511490820717027331,"@RusEmbassyJ Thanks to the war your started Putin, your own citizens are fighting for sugar and other food. 

Maybe this was Putins dream? Back to the USSR..

https://t.co/0C7MOHUXfX","Thanks to the war your started Putin, your own citizens are fighting for sugar and other food. Maybe this was Putins dream? Back to the USSR..",0.88504,1,1,1,True
Ukraine,EN04,Other,1511447343605891074,"🛑🛑🛑Destroyed #Putin regime terrorists tank 
#Ukraine #Russia https://t.co/bpiCL8akb0",🛑🛑🛑Destroyed Putin regime terrorists tank Ukraine Russia,0.95,1,1,1,True
Ukraine,EN04,Other,1511457216385191944,"#ukraine using anti tank missle to destroy a helicopter 🚁 wtf?🙆‍♂️😲🏆💪

#Zelenskiy #UkraineRussianWar #UkraineInvasion #UkraineCrisis #UkraineRussiaConflict #UkraineWillWin #Russian #Russia #Rubles #RussianWarCrimes #Ukraine https://t.co/tu826VNXeh",ukraine using anti tank missle to destroy a helicopter 🚁 wtf?🙆‍♂️😲🏆💪 Zelenskiy UkraineRussianWar UkraineInvasion UkraineCrisis UkraineRussiaConflict UkraineWillWin Russian Russia Rubles RussianWarCrimes Ukraine,0.95,1,1,1,True
Ukraine,EN01,Other,1511440335540523012,"@JustinTrudeau @cafreeland 
Expel the Russian Embassy in Canada! #Putin #PutinHitler 
#Ukraine 🇺🇦😭 https://t.co/TKYguRCRNw",Expel the Russian Embassy in Canada! Putin PutinHitler Ukraine 🇺🇦😭,0.95,1,1,1,True
Ukraine,EN05,Other,1511365138015694853,"Poland, Hungary and now Ukraine via Zelensky are saying they’ve had quite enough of Germany’s destructive, totalitarian elitist policies that helped create this current disaster.","Poland, Hungary and now Ukraine via Zelensky are saying they’ve had quite enough of Germany’s destructive, totalitarian elitist policies that helped create this current disaster.",0.93968,1,1,1,True
Ukraine,EN07,False,1497966769562333186,"#KyivVsRussia | Meet Anastasiia Lenna, former Miss Ukraine who joined the army to fight Russian forces https://t.co/Uw80aVVRz3","KyivVsRussia | Meet Anastasiia Lenna, former Miss Ukraine who joined the army to fight Russian forces",0.95,1,1,1,True
Ukraine,EN05,False,1511252523801210890,"""Ukrainian deputy Ilya Kiva said that #Zelensky is hiding in the US embassy in #Poland. ""I have just been confirmed that the Commander-in-Chief of the Armed Forces of Ukraine, President Volodymyr Zelensky, today crossed the border between Ukraine"" https://t.co/IUQb7eWHSd","""Ukrainian deputy Ilya Kiva said that Zelensky is hiding in the US embassy in Poland. ""I have just been confirmed that the Commander-in-Chief of the Armed Forces of Ukraine, President Volodymyr Zelensky, today crossed the border between Ukraine""",0.95,1,1,1,True
Ukraine,EN02,Other,1505976745308340224,"@Arma3official Hi. A modified version of Arma 3? Could you tell me exactly which scenes from which version?
Is it from Ukraine vs Russia Workd War 3?
Is there somewhere I could look at the original?",Hi. A modified version of Arma 3? Could you tell me exactly which scenes from which version? Is it from Ukraine vs Russia Workd War 3? Is there somewhere I could look at the original?,0.95,1,1,1,True
Ukraine,EN06,Other,1502455334878990337,"@robynbryant33 Yeah that’s already been cleaned up,carefully staged managed,not game to get out amongst the real people,because he knows what would happen,thinks photo ops and using fear campaigns about war will do it,compare him to Ukrainian leader zelensky,Morrison would be still running.","Yeah that’s already been cleaned up,carefully staged managed,not game to get out amongst the real people,because he knows what would happen,thinks photo ops and using fear campaigns about war will do it,compare him to Ukrainian leader zelensky,Morrison would be still running.",0.95,1,1,1,True
Ukraine,EN02,Other,1507660468168667142,"https://t.co/g2TsBKAl5h  - #Ukraine #Russia #War #UkrainevsRussia Su-25 Aircraft shot down by Stinger Missile - Russia vs Ukraine - Simulation - ARMA 3 

Su-25 Aircraft shot down by Stinger Missile - Russia vs Ukraine - Simulation - ARMA 3 videos is available for viewing a...",- Ukraine Russia War UkrainevsRussia Su-25 Aircraft shot down by Stinger Missile - Russia vs Ukraine - Simulation - ARMA 3 Su-25 Aircraft shot down by Stinger Missile - Russia vs Ukraine - Simulation - ARMA 3 videos is available for viewing a...,0.95,1,1,1,True
Ukraine,EN01,Other,1511245413629714437,"The Russian embassy in Canada is debating the Canadian government on Twitter, lying that the video shows something other than an atrocity (these lies have been fact checked: https://t.co/TcuSGbQmBs.) 

I say Canada and the US should shut down Russian embassies in our countries. https://t.co/TnT3JXG0Cf","The Russian embassy in Canada is debating the Canadian government on Twitter, lying that the video shows something other than an atrocity (these lies have been fact checked: I say Canada and the US should shut down Russian embassies in our countries.",0.95,1,1,1,True
Ukraine,EN10,Other,1511468415243988994,This idea of John McCain's Magnitsky act  came to me from this youtube video. To ban Russian travel visas and go after his inner enforcer circle by freezing assets. I think it is Putin's Achille's heel. Corrupt Liberals take note who let sanctions  slip by.,This idea of John McCain's Magnitsky act came to me from this youtube video. To ban Russian travel visas and go after his inner enforcer circle by freezing assets. I think it is Putin's Achille's heel. Corrupt Liberals take note who let sanctions slip by.,0.95,1,1,1,True
Ukraine,EN02,Other,1511486361798279170,"I'm sorry @NicolleDWallace that the editorial decision was made NOT to air Zelenskyy's video of the atrocities perpetrated upon Ukraine by Russia.

The World MUST be witness to these horrors, no matter how *uncomfortable* it may be.

War Crimes must be exposed IN public.","I'm sorry that the editorial decision was made NOT to air Zelenskyy's video of the atrocities perpetrated upon Ukraine by Russia. The World MUST be witness to these horrors, no matter how *uncomfortable* it may be. War Crimes must be exposed IN public.",0.95,1,1,1,True
Ukraine,EN01,Other,1510817154471534598,"@ukrcancongress @melaniejoly We should cut off the water, electricity, gas, phone &; internet connections to the Russian embassy in Ottawa. Why should they have these utilities when they destroy #Ukrainian cities? Call it a special utility infrastructure operation. Public works? #Ukraine #Ottawa #Canada","We should cut off the water, electricity, gas, phone &; internet connections to the Russian embassy in Ottawa. Why should they have these utilities when they destroy Ukrainian cities? Call it a special utility infrastructure operation. Public works? Ukraine Ottawa Canada",0.95,1,1,1,True
Ukraine,EN05,True,1511422434112675852,"@GaelUlaidh @CatrionaKing1 @Shellmccabe Just say you support Russia instead of tap dancing around the point. You said zelensky fled to Poland, that’s why I was laughing at you, why would I accept that when it’s lies 😂😂 didn’t know I had to report to you when I do laughing faces at you, grow up 😂😂😂😂😂😂😂😂","Just say you support Russia instead of tap dancing around the point. You said zelensky fled to Poland, that’s why I was laughing at you, why would I accept that when it’s lies 😂😂 didn’t know I had to report to you when I do laughing faces at you, grow up 😂😂😂😂😂😂😂😂",0.9392,1,1,1,True
Ukraine,EN01,True,1499085181742899201,"@RadioFreeTom Check this out by the Russian embassy in Canada from yesterday.

Every statement is a fucking lie. https://t.co/8ICa9DfDUJ",Check this out by the Russian embassy in Canada from yesterday. Every statement is a fucking lie.,0.95,1,1,1,True
Ukraine,EN01,False,1499209511726460930,The #Russian embassy in #Canada put out a statement about the #RussianUkrainianWar https://t.co/RO8kznGhsT,The Russian embassy in Canada put out a statement about the RussianUkrainianWar,0.95,1,1,1,True
Ukraine,EN05,Other,1510962966992076801,"@ImperatorTruth Putin's already got most of what he (and whichever banksters are backing him) wanted. The Black Sea. Ceasefire probably coming soon, Zelensky will have to concede the lost territory but gets to keep Kiev.

Refugees who fled to Poland are already returning to Ukraine https://t.co/mqaXIQupjU","Putin's already got most of what he (and whichever banksters are backing him) wanted. The Black Sea. Ceasefire probably coming soon, Zelensky will have to concede the lost territory but gets to keep Kiev. Refugees who fled to Poland are already returning to Ukraine",0.95,1,1,1,True
Ukraine,EN08,False,1501059756097622017,@TheFedpost @AlexeiArora @BLCKD_COM_PlLLD @in_cohgnito Irony died in the Time magazine cover. Putin is the one AGAINST the Nazism and the Hitler mentality that the west defends in Ukraine.,Irony died in the Time magazine cover. Putin is the one AGAINST the Nazism and the Hitler mentality that the west defends in Ukraine.,0.95,1,1,1,True
Ukraine,EN09,True,1511480753770700803,"It’s funny how Russian propaganda goes off about how the Ghost of Kyiv is actually fake, like bro it was just a Meme people went with","It’s funny how Russian propaganda goes off about how the Ghost of Kyiv is actually fake, like bro it was just a Meme people went with",0.95,1,1,1,True
Ukraine,EN10,False,1501600397340946443,"@SikhForTruth @KatieM12121 although Putin hates the Globalists , has banned Soros and Rothschild etc from Russia......","although Putin hates the Globalists , has banned Soros and Rothschild etc from Russia......",0.8946400000000001,1,1,1,True
Ukraine,EN04,Other,1509994897193021453,Check out Bandai Vintage RUSSIAN Medium Tank T34/76 1/48 Scale Kit#8373 Complete Kit 🔥 #Bandai https://t.co/5OLu3vVFXY via @eBay 🔥🛒 Vintage Model Sale Going On Now! Save On All Inventory! Shop Now! New Items Listed Daily.🛒🔥,Check out Bandai Vintage RUSSIAN Medium Tank T34/76 1/48 Scale Kit8373 Complete Kit 🔥 Bandai via 🔥🛒 Vintage Model Sale Going On Now! Save On All Inventory! Shop Now! New Items Listed Daily.🛒🔥,0.93848,1,1,1,True
Ukraine,EN04,Other,1504723810754306052,Amusing Hobby 1/35 Russian T-90A Main Battle Tank Full Interior Kit https://t.co/kvA6IckavA eBay,Amusing Hobby 1/35 Russian T-90A Main Battle Tank Full Interior Kit eBay,0.95,1,1,1,True
Ukraine,EN01,True,1499075709792305158,@mumSELondon @anwaya @RussianEmbassyC @mfa_russia @globeandmail @CBCNews @RadioCanadaInfo @nationalpost @globalnews @LP_LaPresse @LeDevoir @TorontoStar @SputnikInt The statement was issued from the Russian embassy in Canada by officials who have access to the truth every day and HAVE to know that Putin has been lying and the Russian propaganda isn’t true.,The statement was issued from the Russian embassy in Canada by officials who have access to the truth every day and HAVE to know that Putin has been lying and the Russian propaganda isn’t true.,0.95,1,1,1,True
Ukraine,EN10,Other,1500862747306827780,"Putin ended the Rothschild's control over Russia by nationalizing the Russian centralized bank. He also banned GMO's and created a currency to compete against the dollar.
I'm just saying there is so much more that the mainstream media does not tell the people.
There is so much...",Putin ended the Rothschild's control over Russia by nationalizing the Russian centralized bank. He also banned GMO's and created a currency to compete against the dollar. I'm just saying there is so much more that the mainstream media does not tell the people. There is so much...,0.94048,1,1,1,True
Ukraine,EN07,False,1498206439235543045,"Meet Miss Ukraine Anastasiia Lenna.she was crowned a national pageant winner in 2015, but the model has swapped her glamorous lifestyle to put her body on the line for Ukraine. Ukraine has 36k women serving in the military And they are fighting their hearts out
#UkraineRussiaWar https://t.co/0BVrCT0ibI","Meet Miss Ukraine Anastasiia Lenna.she was crowned a national pageant winner in 2015, but the model has swapped her glamorous lifestyle to put her body on the line for Ukraine. Ukraine has 36k women serving in the military And they are fighting their hearts out UkraineRussiaWar",0.95,1,1,1,True
Ukraine,EN03,False,1510795921566576642,@Olive_Wi @hubert68243193 @NFTjunky87 @lavender1980 @dhart2001 @TheEconomist Btw did Ukraine abide by Minsk Protocol？What about the genocide in Donbas in the last a few years? Did U.S. keep its promise not to expand NATO to former Soviet Union countries. NO! So do not shape the facts to fit your narrative.,Btw did Ukraine abide by Minsk Protocol？What about the genocide in Donbas in the last a few years? Did U.S. keep its promise not to expand NATO to former Soviet Union countries. NO! So do not shape the facts to fit your narrative.,0.95,1,1,1,True
Ukraine,EN08,Other,1511487718328619018,Can someone please tell me how what Putin is doing is not the same as what Hitler did to the Jews.  My heart ❤️ goes out to all of Ukraine,Can someone please tell me how what Putin is doing is not the same as what Hitler did to the Jews. My heart ❤️ goes out to all of Ukraine,0.93216,1,1,1,True
Ukraine,EN03,True,1511441792666906624,"@BenjaminNorton How many more Russians soldiers and innocent Ukrainians have to die because Russia decided Ukraine had too much sovereignty for its own good, and that it needed to go back to the good ol' days? Fake stories of Donbas genocide, Nazis in Kyiv, and bioweapons don't hold up.","How many more Russians soldiers and innocent Ukrainians have to die because Russia decided Ukraine had too much sovereignty for its own good, and that it needed to go back to the good ol' days? Fake stories of Donbas genocide, Nazis in Kyiv, and bioweapons don't hold up.",0.95,1,1,1,True
Ukraine,EN06,True,1508564793304793098,"@allala996 @MelonieMac The Russian War was in 1912. You probably mean the Ukraine war, which is real, but not unexpected by anyone who followed that region for the past few decades. And it was also helped ""staged"" by the west antagonizing Russia for the last 30 years with NATO expansions and so on.","The Russian War was in 1912. You probably mean the Ukraine war, which is real, but not unexpected by anyone who followed that region for the past few decades. And it was also helped ""staged"" by the west antagonizing Russia for the last 30 years with NATO expansions and so on.",0.95,1,1,1,True
Ukraine,EN06,Other,1504248965281116161,"@Michell92668981 Not much into the celeb thing but I luckily caught the Twitter war between Ye (aka Kanye) and Pete Davidson last week I think. Absolutely epic. To the point that I wondered if it was staged. Then I pondered it again and thought, nah that was real.","Not much into the celeb thing but I luckily caught the Twitter war between Ye (aka Kanye) and Pete Davidson last week I think. Absolutely epic. To the point that I wondered if it was staged. Then I pondered it again and thought, nah that was real.",0.95,1,1,1,True
Ukraine,EN04,False,1505236345786023938,"Wow!
Check out Used Russian tank T-80U (crew not included, he ran awa)pickup only 🇺🇦 https://t.co/XqdY29wBfV @eBay","Wow! Check out Used Russian tank T-80U (crew not included, he ran awa)pickup only 🇺🇦",0.9216,1,1,1,True
Ukraine,EN02,Other,1511484851223990277,"#Ukraine️ What Russia is doing in Ukraine is BARBARIC but this war needs to come to an end. Give Russia areas of eastern and southern Ukraine, redefine Ukraines borders and end it because if the west keeps up its aggressive rhetoric this could escalate into a full European war! https://t.co/4msS3acy0x","Ukraine️ What Russia is doing in Ukraine is BARBARIC but this war needs to come to an end. Give Russia areas of eastern and southern Ukraine, redefine Ukraines borders and end it because if the west keeps up its aggressive rhetoric this could escalate into a full European war!",0.95,1,1,1,True
Ukraine,EN07,False,1498227869264318468,"Beauty and brawn: Ex Miss Ukraine joins military in war against Russia
https://t.co/KDeKX6FotP
From glam gowns to deadly guns: An ex-beauty queen is one of many civilians to volunteer as soldiers in the war between Ukraine and Russia.",Beauty and brawn: Ex Miss Ukraine joins military in war against Russia From glam gowns to deadly guns: An ex-beauty queen is one of many civilians to volunteer as soldiers in the war between Ukraine and Russia.,0.95,1,1,1,True
Ukraine,EN02,Other,1511474183347261441,"@Manuel_dM_M Alexei Arestovich, advisor to the Ukrainian president, #Zelensky, says in an interview 3 years ago that #Ukraine's entry into NATO ""implies a 99.9% chance of a major war with Russia”, something that qualifies as “the best option” https://t.co/jjPBXCg85i","Alexei Arestovich, advisor to the Ukrainian president, Zelensky, says in an interview 3 years ago that Ukraine's entry into NATO ""implies a 99.9% chance of a major war with Russia”, something that qualifies as “the best option”",0.95,1,1,1,True
Ukraine,EN04,True,1502458493244219396,The Russian tank on ebay was such an obvious joke that even @AFPFactCheck  thought it's true :) Pity it didn't appear on April 1st. https://t.co/fEEXKpbcwe,The Russian tank on ebay was such an obvious joke that even thought it's true :) Pity it didn't appear on April 1st.,0.95,1,1,1,True
Ukraine,EN03,Other,1511006202720837633,"@cafreeland I sure hope so.  I also hope that Canada’s contribution to assisting Ukraine is expanded, given what is quite likely in Mariupol and Donbas.
This is war crimes and attempted genocide.  The world needs to do a lot more.","I sure hope so. I also hope that Canada’s contribution to assisting Ukraine is expanded, given what is quite likely in Mariupol and Donbas. This is war crimes and attempted genocide. The world needs to do a lot more.",0.95,1,1,1,True
Ukraine,EN07,Other,1503998673226977285,#RepublicExclusive | 'Endured hardest days of life in 21 years': Former Miss Ukraine Anastasiia Lenna speaks to Republic TV amid the Russia-Ukraine war. https://t.co/7MWppikHkI https://t.co/yMAO2qvi2k,RepublicExclusive | 'Endured hardest days of life in 21 years': Former Miss Ukraine Anastasiia Lenna speaks to Republic TV amid the Russia-Ukraine war.,0.95,1,1,1,True
Ukraine,EN02,True,1499095569800781826,"Fact check: Viral clip shows 'Arma 3' video game, not war between Russia, Ukraine https://t.co/B0H4R6YWXt via @usatoday","Fact check: Viral clip shows 'Arma 3' video game, not war between Russia, Ukraine via",0.95,1,1,1,True
Ukraine,EN01,Other,1511057172842655747,"@BobRae48 Then why is there still a Russian embassy in Canada? They have absolutely nothing worth listening to except ""we surrender,"" and they can do that from Moscow.","Then why is there still a Russian embassy in Canada? They have absolutely nothing worth listening to except ""we surrender,"" and they can do that from Moscow.",0.95,1,1,1,True
Ukraine,EN09,True,1505551546964234249,"@JackPosobiec This is a crazy take by Posobiec.
Russians are the masters of modern story telling, because they don't tell them like the US (ie. big tits, explosions every 15 minutes).

Russia is letting the US misinform its own media, with shit like Sam Hyde, Ghost of Kiev.","This is a crazy take by Posobiec. Russians are the masters of modern story telling, because they don't tell them like the US (ie. big tits, explosions every 15 minutes). Russia is letting the US misinform its own media, with shit like Sam Hyde, Ghost of Kiev.",0.95,1,1,1,True
Ukraine,EN08,True,1501509810814164995,Artwork falsely shared as 'genuine Time magazine cover' likening Russia's Putin to Hitler yes but didn't want to say that no link but he's just like him what is this mad man doing,Artwork falsely shared as 'genuine Time magazine cover' likening Russia's Putin to Hitler yes but didn't want to say that no link but he's just like him what is this mad man doing,0.95,1,1,1,True
Ukraine,EN08,Other,1511492566088364033,"A philosophy question comes up a lot:  If you knew the atrocities that Hitler would commit as an adult, would you kill him when he was an infant if you had the chance?

Putin is that hypothetical baby. There still exists a chance to stop him in real time.","A philosophy question comes up a lot: If you knew the atrocities that Hitler would commit as an adult, would you kill him when he was an infant if you had the chance? Putin is that hypothetical baby. There still exists a chance to stop him in real time.",0.95,1,1,1,True
Ukraine,EN06,Other,1502060594714882057,"@YardleyShooting I remember watching a (live?) autopsy on bbc 4 once. Educational and interesting. 

A live war scene whether real / staged etc is not right.",I remember watching a (live?) autopsy on bbc 4 once. Educational and interesting. A live war scene whether real / staged etc is not right.,0.95,1,1,1,True
Ukraine,EN05,False,1507086414567063552,"Green screen 😂
Amateur hour theatrics from ‘Brave leader’ Zelensky who in reality has already fled to Poland. What a joke #UkraineWar #RussianUkrainianWar #Zelenksy https://t.co/CiMcRr2cdR",Green screen 😂 Amateur hour theatrics from ‘Brave leader’ Zelensky who in reality has already fled to Poland. What a joke UkraineWar RussianUkrainianWar Zelenksy,0.95,1,1,1,True
Ukraine,EN03,False,1511415934946525184,"That’s not counting prior years’ Donbas genocide etc. as reported by Human Rights Watch in 2020 https://t.co/XkPAKTjrEq. Also, let's not forget Roma ethnic persecution https://t.co/UL4r9wxMs7.","That’s not counting prior years’ Donbas genocide etc. as reported by Human Rights Watch in 2020 Also, let's not forget Roma ethnic persecution",0.8700800000000001,1,1,1,True
Ukraine,EN03,True,1511329698181271558,"""Putin lives in historic analogies and metaphors. Those who are enemies of eternal Russia must be Nazis. And so, he was quick to portray the conflicts in the Donbas as a genocide...He has become hostage to his own rhetoric.""

https://t.co/aNTujXEtP7 via @derspiegel","""Putin lives in historic analogies and metaphors. Those who are enemies of eternal Russia must be Nazis. And so, he was quick to portray the conflicts in the Donbas as a genocide...He has become hostage to his own rhetoric."" via",0.95,1,1,1,True
Ukraine,EN08,Other,1511492298080665605,"Even Hitler did not hide that he wants to exterminate jews

#Russians #GenocideOfUkrainians
#RussianArmy #war #UkraineWar
#Ukraine #Putin #Hitler",Even Hitler did not hide that he wants to exterminate jews Russians GenocideOfUkrainians RussianArmy war UkraineWar Ukraine Putin Hitler,0.95,1,1,1,True
Ukraine,EN06,Other,1511493062391906306,"@JimmySecUK Russia: playing at war.
Ukraine: winning at war.",Russia: playing at war. Ukraine: winning at war.,0.95,1,1,1,True
Ukraine,EN03,Other,1511135740725538818,"@POTUS ENOUGH! It is genocide. Give Ukraine what it needs NOW. You can’t let Putin win ANYWHERE in Ukraine, including the Donbas, etc.","ENOUGH! It is genocide. Give Ukraine what it needs NOW. You can’t let Putin win ANYWHERE in Ukraine, including the Donbas, etc.",0.95,1,1,1,True
Ukraine,EN06,Other,1511493433348743172,Will Mercenaries and Foreign Fighters Change the Course of Ukraine’s War? U.S. and British officials say that Russia is now scrambling to mobilize mercenaries from the notori... Trending:  https://t.co/aCEJijMw16 #Ukraine,Will Mercenaries and Foreign Fighters Change the Course of Ukraine’s War? U.S. and British officials say that Russia is now scrambling to mobilize mercenaries from the notori... Trending: Ukraine,0.95,1,1,1,True
Ukraine,EN05,Other,1511230666234638341,"Ukraine LIVE: Poland 'open' to nuclear weapons on soil -huge fallout over Putin's massacre
https://t.co/D2pI0Bc4zR

Download Now
https://t.co/G4j8GW48e1",Ukraine LIVE: Poland 'open' to nuclear weapons on soil -huge fallout over Putin's massacre Download Now,0.95,1,1,1,True
Ukraine,EN10,True,1499105247293288450,"@saneandbrave @js100js100 @leehoward708 Putin has ""banned"" the Rothschilds about 500 times. Like ""Hitler jailed a Rothschild"". It's hilarious. Propaganda for imbeciles.","Putin has ""banned"" the Rothschilds about 500 times. Like ""Hitler jailed a Rothschild"". It's hilarious. Propaganda for imbeciles.",0.8220800000000001,1,1,1,True
Ukraine,EN07,True,1498332673097744384,"Former Miss Ukraine Anastasiia Lenna clarifies she has not joined the Ukrainian Army, images shared out of context by social media users and TV channels. For more fact checks on #RussiaUkraineConflict follow @NewscheckerIn 
https://t.co/oEJjWyG9XG","Former Miss Ukraine Anastasiia Lenna clarifies she has not joined the Ukrainian Army, images shared out of context by social media users and TV channels. For more fact checks on RussiaUkraineConflict follow",0.95,1,1,1,True
Ukraine,EN04,Other,1511458298377256965,"@vegardso @UAWeapons @mog7546 So once Ukraine sends the last Russian tank to the scrap heap, Russia's screwed? Works for me!","So once Ukraine sends the last Russian tank to the scrap heap, Russia's screwed? Works for me!",0.95,1,1,1,True
Ukraine,EN05,False,1507050548209590279,"@MartindaleRedd @TheDairyDealer @punishedmother @jacksonhinklle The War Zone is in Donbas, Zelensky has be green screening Kiev, Talking to various parliaments, and its been suggested that hes Fled to Poland, (that would explain the green-screen). If you actually believe he is in the War Zone, well then, im sure no proof with change that.","The War Zone is in Donbas, Zelensky has be green screening Kiev, Talking to various parliaments, and its been suggested that hes Fled to Poland, (that would explain the green-screen). If you actually believe he is in the War Zone, well then, im sure no proof with change that.",0.95,1,1,1,True
Ukraine,EN06,Other,1508202815495483393,@Refusenik19 @KyivIndependent Well if it is real and not staged by russia I think these soldiers should be arrested and trialed for war crimes but I highly doubt that these were Ukrainian soldiers shooting them in the legs it probably was the other way around because russia has been only lying since the start,Well if it is real and not staged by russia I think these soldiers should be arrested and trialed for war crimes but I highly doubt that these were Ukrainian soldiers shooting them in the legs it probably was the other way around because russia has been only lying since the start,0.95,1,1,1,True
Ukraine,EN02,Other,1503343637588942853,"Watch ""🔴Russia Ukraine live -Fighter Jet Rocket Run - C-RAM in Action - Military Simulation  ArmA 3 #Shorts"" on YouTube https://t.co/whjwda7kxB","Watch ""🔴Russia Ukraine live -Fighter Jet Rocket Run - C-RAM in Action - Military Simulation ArmA 3 Shorts"" on YouTube",0.95,1,1,1,True
Ukraine,EN04,Other,1506838218964017155,(TRU09527) - Trumpeter 1:35 - Russian T-80UD Main Battle Tank https://t.co/9MXnf9YDru eBay,(TRU09527) - Trumpeter 1:35 - Russian T-80UD Main Battle Tank eBay,0.95,1,1,1,True
Ukraine,EN03,False,1510937691122196488,@whit3d0t @DeItaone Any war crimes committed by Russia are isolated incidents. Ukraine however are systematically perpetrating war crimes on a daily basis. Not to mention the genocide of 14000 of their own people in the Donbas in the last 8 years,Any war crimes committed by Russia are isolated incidents. Ukraine however are systematically perpetrating war crimes on a daily basis. Not to mention the genocide of 14000 of their own people in the Donbas in the last 8 years,0.95,1,1,1,True
Ukraine,EN06,True,1506269754687950860,The war in Ukraine is being watched in real time. Putin can not hide behind the false narrative that events are being staged. Putin is killing children and the whole world is watching!,The war in Ukraine is being watched in real time. Putin can not hide behind the false narrative that events are being staged. Putin is killing children and the whole world is watching!,0.95,1,1,1,True
Ukraine,EN10,Other,1511467611795697666,"Putin got one thing right, their are Nazis in Europe.
But Putin got the Location wrong, they are not in Ukraine they are in Germany.
Only a serious Nazi could delay the ban on RF Gas, every day civilians die! https://t.co/DoMhaSeL2C","Putin got one thing right, their are Nazis in Europe. But Putin got the Location wrong, they are not in Ukraine they are in Germany. Only a serious Nazi could delay the ban on RF Gas, every day civilians die!",0.8581600000000001,1,1,1,True
Ukraine,EN06,False,1510375907730485251,"@Porkchop_EXP I could recreate those exact pictures this afternoon with the help of my friends. Staged war propaganda photos are as old as photography. They might be real or they might not, accepting them at face value is not wise however.","I could recreate those exact pictures this afternoon with the help of my friends. Staged war propaganda photos are as old as photography. They might be real or they might not, accepting them at face value is not wise however.",0.95,1,1,1,True
Ukraine,EN04,Other,1509618678760816641,"Tamiya Russian Tank Destroyer SU 100 Model Kit, 1/25 Scale, Sealed Contents. https://t.co/DJN9vmzIIh eBay https://t.co/LIMCl4PKpi","Tamiya Russian Tank Destroyer SU 100 Model Kit, 1/25 Scale, Sealed Contents. eBay",0.95,1,1,1,True
Ukraine,EN03,Other,1511482527822667776,"@lividddh @ForU2CSandy @cspan @RepMattGaetz @SecDef More odd/pertinent is that no one mentions what is most likely (and their expressed goals): Russia never wanted to ""overrun"" Ukraine. They want to protect their borders from a quasi-NATO state and the people in the Donbas region by mutually agreed to neutrality and partitioning.","More odd/pertinent is that no one mentions what is most likely (and their expressed goals): Russia never wanted to ""overrun"" Ukraine. They want to protect their borders from a quasi-NATO state and the people in the Donbas region by mutually agreed to neutrality and partitioning.",0.90408,1,1,1,True
Ukraine,EN01,Other,1499223100298199043,Statement from the Embassy of the Russian Federation in Canada on the #UkraineRussiaWar https://t.co/k7HU8rtE5G,Statement from the Embassy of the Russian Federation in Canada on the UkraineRussiaWar,0.95,1,1,1,True
Ukraine,EN08,True,1501510266873434114,"Artwork falsely shared as 'genuine Time magazine cover' likening Russia's Putin to Hitler https://t.co/t1XwGYhQmi And yes that is what he is.... this man is a murderer, doesn't care that he's killing women and children....","Artwork falsely shared as 'genuine Time magazine cover' likening Russia's Putin to Hitler And yes that is what he is.... this man is a murderer, doesn't care that he's killing women and children....",0.95,1,1,1,True
Ukraine,EN04,Other,1511430208917839885,"🎙️Today on the Russia-Ukraine war podcast:

🔴 Examining the Russian army’s retreat and redeployment to the East

🔴 Reporter Danielle Sheridan gives her report from on the ground in Bucha

🔴 We answer your questions on Belarus and tank warfare

Liste... https://t.co/dkPREuJZBc",🎙️Today on the Russia-Ukraine war podcast: 🔴 Examining the Russian army’s retreat and redeployment to the East 🔴 Reporter Danielle Sheridan gives her report from on the ground in Bucha 🔴 We answer your questions on Belarus and tank warfare Liste...,0.95,1,1,1,True
Ukraine,EN06,False,1510580142195847168,"@NSaduro It may be real, it may be not. Everything can be staged. This is a propaganda War.","It may be real, it may be not. Everything can be staged. This is a propaganda War.",0.95,1,1,1,True
Ukraine,EN01,False,1499380605108293633,"Russian Embassy in Canada statement. From what I know about Russia and Ukraine, I have no reason not to believe them. https://t.co/XJY1lqbdva","Russian Embassy in Canada statement. From what I know about Russia and Ukraine, I have no reason not to believe them.",0.95,1,1,1,True
Ukraine,EN04,True,1501947671979847684,"Fact check: eBay listing for Russian tank is fake, company says https://t.co/ikiAKzALtz via @usatoday","Fact check: eBay listing for Russian tank is fake, company says via",0.95,1,1,1,True
Ukraine,EN05,Other,1511130953338560521,Russians ARE terrible humans.  🫣 #russia #RussianWarCrimes #russian #fuckrussia #orcarmy #oprussia #OpKremlin #russiamustpay #SlavaUkraini #Zelensky #hero #wtf #ukraine #PutinWarCrimes #WarCriminals #putin #banrussia #rebuildukraine #uk #poland #baltic #gasprices #oilprice https://t.co/D5muNX8vyH,Russians ARE terrible humans. 🫣 russia RussianWarCrimes russian fuckrussia orcarmy oprussia OpKremlin russiamustpay SlavaUkraini Zelensky hero wtf ukraine PutinWarCrimes WarCriminals putin banrussia rebuildukraine uk poland baltic gasprices oilprice,0.95,1,1,1,True
Ukraine,EN08,Other,1498858911520202753,"@randomwolf70 @neontaster @McFaul Time magazine man of the year 1938 was hitler and in 39 it was Stalin,  two of the most reviled mass murderers of modern(ish) times, the world is not straight forward!! Putin wants that (in)fame(y) too. Putin is a vile monster and his body count will be huge.","Time magazine man of the year 1938 was hitler and in 39 it was Stalin, two of the most reviled mass murderers of modern(ish) times, the world is not straight forward!! Putin wants that (in)fame(y) too. Putin is a vile monster and his body count will be huge.",0.95,1,1,1,True
Ukraine,EN01,True,1499183923859005440,"@RussianEmbassyC @mfa_russia @globeandmail @CBCNews @RadioCanadaInfo @nationalpost @globalnews @LP_LaPresse @LeDevoir @TorontoStar @SputnikInt Yet more lies from the Russian embassy in Canada.

This is a war started by you.  Not a special operation.

The only objective by Russia is to wipe Ukraine from the face of the earth.  Genocide by Russia 

You will have to face the consequences one day. Remember Nuremberg https://t.co/FzSXrSc3my",Yet more lies from the Russian embassy in Canada. This is a war started by you. Not a special operation. The only objective by Russia is to wipe Ukraine from the face of the earth. Genocide by Russia You will have to face the consequences one day. Remember Nuremberg,0.95,1,1,1,True
Ukraine,EN08,Other,1511490659127115778,"'Nobody negotiated with Hitler': Poland rebukes France's Macron for talks with Putin
'One should not negotiate with criminals, one should fight them,' says Polish Prime Minister Mateusz Morawiecki
#News #DailyNews #LiveNews #WorldNews https://t.co/w808PbfFxf","'Nobody negotiated with Hitler': Poland rebukes France's Macron for talks with Putin 'One should not negotiate with criminals, one should fight them,' says Polish Prime Minister Mateusz Morawiecki News DailyNews LiveNews WorldNews",0.922,1,1,1,True
Ukraine,EN06,False,1502544668315164683,"they are literally working together to make it all happen! they are working together when they make peace, and they are working together when they make war... 
they are working together! 

real wars are being staged with real lives at risk. 
""it's the banks not the tanks""","they are literally working together to make it all happen! they are working together when they make peace, and they are working together when they make war... they are working together! real wars are being staged with real lives at risk. ""it's the banks not the tanks""",0.95,1,1,1,True
Ukraine,EN04,Other,1506555993055846402,Amusing Hobby 1/35 Soviet T-90A Russian Main Battle Tank (Full Interior) # 35A05 https://t.co/4zYK2TT4ZO eBay,Amusing Hobby 1/35 Soviet T-90A Russian Main Battle Tank (Full Interior) # 35A05 eBay,0.95,1,1,1,True
Ukraine,EN08,Other,1511493728426471425,"We all know there will be no one in history worse than Hitler for human atrocities. But it seems Putin is really trying for second place on that list. The sad thing we know that Putin would be too much of a coward to do what Hitler did, suicide
But we can hope","We all know there will be no one in history worse than Hitler for human atrocities. But it seems Putin is really trying for second place on that list. The sad thing we know that Putin would be too much of a coward to do what Hitler did, suicide But we can hope",0.95,1,1,1,True
Ukraine,EN01,Other,1511217540508254214,Why don’t we close the Russian embassy and kick there diplomats out of Canada war criminals are not welcome her what they did in Bucha is disgusting and Putin needs to be executed as well as the soldiers that committed these crimes https://t.co/oliHElxbtu,Why don’t we close the Russian embassy and kick there diplomats out of Canada war criminals are not welcome her what they did in Bucha is disgusting and Putin needs to be executed as well as the soldiers that committed these crimes,0.95,1,1,1,True
Ukraine,EN03,False,1511188835157356546,"@owhy3 NATO is now being seen not as the line of defense it always pretended to be but as the agent provocateur &; line of dominos leading to world war that it always was.

France Britain &; America have been training &; arming Ukraine all through the Donbas Genocide 2014 - 2022.",NATO is now being seen not as the line of defense it always pretended to be but as the agent provocateur &; line of dominos leading to world war that it always was. France Britain &; America have been training &; arming Ukraine all through the Donbas Genocide 2014 - 2022.,0.95,1,1,1,True
Ukraine,EN01,Other,1499084904667176965,"ppl who believe our MSM in Canada, will not believe this Russian Embassy Statement...Why?  They think the news in Canada is what's really going on and every other nation is lying. Russia Bad, Ukraine Good.  It's all their little sheeple minds think, because they are told to. https://t.co/JmscUNSEWY","ppl who believe our MSM in Canada, will not believe this Russian Embassy Statement...Why? They think the news in Canada is what's really going on and every other nation is lying. Russia Bad, Ukraine Good. It's all their little sheeple minds think, because they are told to.",0.95,1,1,1,True
Ukraine,EN04,Other,1511439948179775489,A single Ukrainian tank engaging a large Russian convoy consisting of se... https://t.co/mchQX5jtzT via @YouTube #Ukraine #UkraineWar #UkraineRussianWar #UkraineUnderAttack #UkraineInvasion #Ukriane #Ukrainians #RussianWarCrimes #Russia #RussianUkrainianWar #RussianArmy #PUTIN,A single Ukrainian tank engaging a large Russian convoy consisting of se... via Ukraine UkraineWar UkraineRussianWar UkraineUnderAttack UkraineInvasion Ukriane Ukrainians RussianWarCrimes Russia RussianUkrainianWar RussianArmy PUTIN,0.95,1,1,1,True
Ukraine,EN05,Other,1506039590993346560,RT @writerware: @GloryToTheCPSU Zelensky is puppet. President Putin can not be meeting with a puppet. Joe Biden can meet Zelensky in Poland…,RT : Zelensky is puppet. President Putin can not be meeting with a puppet. Joe Biden can meet Zelensky in Poland…,0.9332,1,1,1,True
Ukraine,EN06,Other,1504444026765905924,"@UAWeapons Good Lord people look at the armbands. This is a photo of either a no live fire training exercise, or a staged photo wth the yellow in place to make sure no one accidentally shoots the actors lol...This is not real war footage of any sort. Man people are ignorant/gullible!","Good Lord people look at the armbands. This is a photo of either a no live fire training exercise, or a staged photo wth the yellow in place to make sure no one accidentally shoots the actors lol...This is not real war footage of any sort. Man people are ignorant/gullible!",0.95,1,1,1,True
Ukraine,EN02,True,1507384299167051779,"#FakeNews Alert: #Ukraine️ attack #Russia battleship, Ukraine government video stolen from Arma 3 game.

#UkraineRussiaCrisis https://t.co/K42ydMAvbm","FakeNews Alert: Ukraine️ attack Russia battleship, Ukraine government video stolen from Arma 3 game. UkraineRussiaCrisis",0.8857600000000001,1,1,1,True
Ukraine,EN08,Other,1511487119524614146,@SenJoniErnst Hitler used invented threats from immigrants to get people angry and afraid just like the GOP. You don't think clearly when upset. It's the key to fascist brainwashing. GOP/Putin/FOX copy what worked in WWII. Without it Reps could never win . https://t.co/xwHmaaE5VP,Hitler used invented threats from immigrants to get people angry and afraid just like the GOP. You don't think clearly when upset. It's the key to fascist brainwashing. GOP/Putin/FOX copy what worked in WWII. Without it Reps could never win .,0.8802400000000001,1,1,1,True
Ukraine,EN04,Other,1511435348613771272,"Words... if Israel wants to stop the genocide in Ukraine it needs to send:

• Harpy &; Harop suicide drones
• LAR-160 Multiple Rocket Launchers
• EXTRA Guided Missile Launchers
• Spike MR/LR Anti-tank Missiles

The combination of these systems will annihilate the russia's army https://t.co/X2NPcr6bk3",Words... if Israel wants to stop the genocide in Ukraine it needs to send: • Harpy &; Harop suicide drones • LAR-160 Multiple Rocket Launchers • EXTRA Guided Missile Launchers • Spike MR/LR Anti-tank Missiles The combination of these systems will annihilate the russia's army,0.95,1,1,1,True
Ukraine,EN04,False,1506112135281135618,"Someone posted a Russian tank for sale on Ebay for $400,000.
😂😂😂😂😂
 https://t.co/GQK1tm9bhA","Someone posted a Russian tank for sale on Ebay for $400,000. 😂😂😂😂😂",0.95,1,1,1,True
Ukraine,EN10,Other,1511490290707832838,"@sentdefender Russian ships?!
The majority of the ships at Putin service are from other countries.
they have to ban ALL the ships working for the monster!!
and arrest them so the good old shipowners don't have the opportunity to go back to energy traffic!!",Russian ships?! The majority of the ships at Putin service are from other countries. they have to ban ALL the ships working for the monster!! and arrest them so the good old shipowners don't have the opportunity to go back to energy traffic!!,0.95,1,1,1,True
Ukraine,EN05,False,1511487997073494017,"@RealScottRitter Agree, though I doubt Zelensky will be arrested. He doesn't even seem to be ""in"" Ukraine, maybe the bowels of the U.S. Embassy in Poland? Wherever it is, at some point, he'll probably hop, skip and jump his billionaire self even further. Miami, some say ..","Agree, though I doubt Zelensky will be arrested. He doesn't even seem to be ""in"" Ukraine, maybe the bowels of the U.S. Embassy in Poland? Wherever it is, at some point, he'll probably hop, skip and jump his billionaire self even further. Miami, some say ..",0.95,1,1,1,True
Ukraine,EN05,Other,1509210091697975301,"4 million refugees have now fled Ukraine since Russian attack, UN agency says #Refugees https://t.co/4XXNjfCzFq","4 million refugees have now fled Ukraine since Russian attack, UN agency says Refugees",0.95,1,1,1,True
Ukraine,EN09,True,1503778955870056450,@thevivafrei @TuckerCarlson @AdamKinzinger This is the moron that fell for the ghost of Kiev propaganda and the Hyde meme. No way he’s going on tucker after something that embarrassing 🤣,This is the moron that fell for the ghost of Kiev propaganda and the Hyde meme. No way he’s going on tucker after something that embarrassing 🤣,0.94024,1,1,1,True
Ukraine,EN07,False,1497974172932354051,"@iamUncleMark Yeah Miss Ukraine, Anastasiia Lenna
She is just one of thousands of women who are part of the Ukrainian military forces.

Ukraine has the largest female military force in the world with 36,000 strong women who are perfectly trained to kill.","Yeah Miss Ukraine, Anastasiia Lenna She is just one of thousands of women who are part of the Ukrainian military forces. Ukraine has the largest female military force in the world with 36,000 strong women who are perfectly trained to kill.",0.95,1,1,1,True
Ukraine,EN10,Other,1511470639151865856,"@TwitterSafety Either you ban those Russian government accounts permanently, or you remain an accomplice the propaganda for Putin's genocide.
https://t.co/FuDhzMiYFa","Either you ban those Russian government accounts permanently, or you remain an accomplice the propaganda for Putin's genocide.",0.95,1,1,1,True
Ukraine,EN02,True,1499067203194392580,"ArmA 3 is a military game that was released for Microsoft Windows in September 2013. As Russia invaded Ukraine, a clip from this game was circulated on social media as if it showed part of a real attack. https://t.co/PUWfrn1rHj","ArmA 3 is a military game that was released for Microsoft Windows in September 2013. As Russia invaded Ukraine, a clip from this game was circulated on social media as if it showed part of a real attack.",0.95,1,1,1,True
Ukraine,EN08,True,1505888736453795849,"@TorpedoWilson @VladimirVoros @NinjaRuthWilson @nexta_tv Real cover of Time magazine. 
Even though the Putin/Hitler one is just a meme, it is still relevant. https://t.co/bTHTS9XmvU","Real cover of Time magazine. Even though the Putin/Hitler one is just a meme, it is still relevant.",0.93256,1,1,1,True
Ukraine,EN02,Other,1498615138324303881,"World War 3?
WWII started with Hitler invading Sudeten that supposedly belonged to Germany and was oppressed. Bad diplomacy at Munich 1938 followed
Similarity with Russia invading Ukraine: powerful countries get involved 🇷🇺🇫🇷🇩🇪🇬🇧🇪🇺
▶️ Sit on a table &; talk! Cedant arma togae!
🕊 https://t.co/aDHctzknmF",World War 3? WWII started with Hitler invading Sudeten that supposedly belonged to Germany and was oppressed. Bad diplomacy at Munich 1938 followed Similarity with Russia invading Ukraine: powerful countries get involved 🇷🇺🇫🇷🇩🇪🇬🇧🇪🇺 ▶️ Sit on a table &; talk! Cedant arma togae! 🕊,0.95,1,1,1,True
Ukraine,EN03,True,1511005276291448835,@nhamdux @RWApodcast Russia has presented exactly zero evidence of genocide at the UN. The OSCE spent 8 years in the Donbas and in Ukraine. Found zero evidence of genocide. Thousands of people crossed the Ukraine-Donbas border every single day.,Russia has presented exactly zero evidence of genocide at the UN. The OSCE spent 8 years in the Donbas and in Ukraine. Found zero evidence of genocide. Thousands of people crossed the Ukraine-Donbas border every single day.,0.95,1,1,1,True
Ukraine,EN01,Other,1504407810557288453,Russian Embassy of Canada releases a statement https://t.co/LGbvROUCrK,Russian Embassy of Canada releases a statement,0.95,1,1,1,True
Ukraine,EN04,Other,1511442646727806980,"Sorry left my friends name on it , Yeah she put the fact that the letter Z was seen on tank's and in Russia/Ukraine  war situation and symbolic ,  when Brad Put has a film re World War now out https://t.co/V4aY0LxMTf","Sorry left my friends name on it , Yeah she put the fact that the letter Z was seen on tank's and in Russia/Ukraine war situation and symbolic , when Brad Put has a film re World War now out",0.95,1,1,1,True
Ukraine,EN03,Other,1510992889421209604,"@OCHA_Ukraine @UNOCHA @UNMAS @minefreeworld @MineMonitor @theGICHD @UN_Ukraine @UNICEF_UA @UNDPUkraine @UNHumanRightsUA And WHO let russia veto Ukrainian requests for peacekeepers in Donbas which russia mined? Could this be the useless, pointless genocide-enabling @UN ?","And WHO let russia veto Ukrainian requests for peacekeepers in Donbas which russia mined? Could this be the useless, pointless genocide-enabling ?",0.95,1,1,1,True
Ukraine,EN06,Other,1511493629784825864,"Tens of thousands of Ukrainians are reportedly being taken to what are being referred to as filtration camps in Russia, where their passports and phones are being taken away, and family members are being separated, the U.S ambassador to the UN said. https://t.co/qFWPuntQ2v https://t.co/I2VWs9VYwV","Tens of thousands of Ukrainians are reportedly being taken to what are being referred to as filtration camps in Russia, where their passports and phones are being taken away, and family members are being separated, the U.S ambassador to the UN said.",0.8318400000000001,1,1,1,True
Ukraine,EN05,False,1511329648415707136,@AndyDavidCIA @WBrettWilson Hopefully he would start with arresting all WEF members in Government cabinets for pushing  foreign agendas. Then pull out of Ukraine because Zelensky is doing this to his own people by what Ukrainians escaping to Poland are saying &; blaming Russia. Screw Zelensky.,Hopefully he would start with arresting all WEF members in Government cabinets for pushing foreign agendas. Then pull out of Ukraine because Zelensky is doing this to his own people by what Ukrainians escaping to Poland are saying &; blaming Russia. Screw Zelensky.,0.95,1,1,1,True
Ukraine,EN07,False,1501729107394146309,"Ukrainian women including MPs, Miss Universe pick up arms amid Russian invasion | via @IndiaTVNews https://t.co/yj3mQBLcnn","Ukrainian women including MPs, Miss Universe pick up arms amid Russian invasion | via",0.95,1,1,1,True
Ukraine,EN02,True,1507237497746890753,"บัญชีทางการของกระทรวงกลาโหมยูเครน อัพโหลดวิดีโอในเกม Arma 3
.
Official account of Ukrainian ministry of defence uploading Arma 3 videos
.
Source : Intel Slava Z
 #Ukraine #Russia #ยูเครน #รัสเซีย https://t.co/QmDzaQwFuh",บัญชีทางการของกระทรวงกลาโหมยูเครน อัพโหลดวิดีโอในเกม Arma 3 . Official account of Ukrainian ministry of defence uploading Arma 3 videos . Source : Intel Slava Z Ukraine Russia ยูเครน รัสเซีย,0.93832,1,1,1,True
Ukraine,EN02,Other,1511484916420120581,Russia Ukraine War https://t.co/BAkxnjZSCE,Russia Ukraine War,0.95,1,1,1,True
Ukraine,EN01,Other,1504034691506225154,"Why would you cover the markings on the unexploded missile? Let's go read #Russia embassy in Canada statement?
#Ukraine 
#RussiaUkraineWar

Check out empiriKal's video! #TikTok https://t.co/xkMhtW5isU",Why would you cover the markings on the unexploded missile? Let's go read Russia embassy in Canada statement? Ukraine RussiaUkraineWar Check out empiriKal's video! TikTok,0.95,1,1,1,True
Ukraine,EN06,Other,1511492907899011075,"PHOTOS: As Russia's war on Ukraine nears the six-week mark, scenes of destruction and death play out across the embattled country. https://t.co/ehaaev5OfA","PHOTOS: As Russia's war on Ukraine nears the six-week mark, scenes of destruction and death play out across the embattled country.",0.95,1,1,1,True
Ukraine,EN06,False,1507569516275978244,"Oh, WTAF. This can NOT be for real. As if the war wasn't Hollywood staged enough, now we're going to go ""live from Hollywood"" for this!? Seriously!? If this clown has time for the Oscars then I'm doubting the seriousness of the bombing raids where he is!! #WTF #PropagandaSucksn https://t.co/bnp0PktCA6","Oh, WTAF. This can NOT be for real. As if the war wasn't Hollywood staged enough, now we're going to go ""live from Hollywood"" for this!? Seriously!? If this clown has time for the Oscars then I'm doubting the seriousness of the bombing raids where he is!! WTF PropagandaSucksn",0.95,1,1,1,True
Ukraine,EN06,False,1510432237992484871,"@endless_frank Hold up.  Much of the ""catastrophic"" news has been fake in this war for both sides.  Many of the photos look staged.  Wait for a week to see if it's real or not.","Hold up. Much of the ""catastrophic"" news has been fake in this war for both sides. Many of the photos look staged. Wait for a week to see if it's real or not.",0.95,1,1,1,True
Ukraine,EN01,Other,1505298156027797515,@kylegriffin1 @Yvan_Baker @JustinTrudeau why has 🇨🇦not followed suit? This is one way we can show leadership &; do more. 👀 at the Russian embassy in Canada Twitter page. It’s embarrassing that these representatives of Putin’s criminal regime remain in Canada yet you claim we #StandWithUkraine,why has 🇨🇦not followed suit? This is one way we can show leadership &; do more. 👀 at the Russian embassy in Canada Twitter page. It’s embarrassing that these representatives of Putin’s criminal regime remain in Canada yet you claim we StandWithUkraine,0.95,1,1,1,True
Ukraine,EN03,False,1510766228935041028,"@realpostaljim @btme87 @MaybeThatTommy @BumpstockBarbie Dude our US Senate just two years ago banned any US AID for weapons to UKRAINE *(signed by 41 Democrats mind you) due to the insane NAZI problem.

The UN called Ukraine's war in the Donbas the worst Genocide in Europe since WW2 just last year.

https://t.co/f1DFJt6H3D",Dude our US Senate just two years ago banned any US AID for weapons to UKRAINE *(signed by 41 Democrats mind you) due to the insane NAZI problem. The UN called Ukraine's war in the Donbas the worst Genocide in Europe since WW2 just last year.,0.95,1,1,1,True
Ukraine,EN09,True,1508231299487600642,"@PhillipRadio @OWcomedy ""Ghost of Kiev was not samuel t. hyde but brendan schaubs slurred speech spit in the physical"" - MDE on @OWcomedy
#RRR #Gash1𓃵 #VENOM #ETH #Ukraine️War #RamCharan #CRO #fintech https://t.co/AyJ0wad0O2","""Ghost of Kiev was not samuel t. hyde but brendan schaubs slurred speech spit in the physical"" - MDE on RRR Gash1𓃵 VENOM ETH Ukraine️War RamCharan CRO fintech",0.95,1,1,1,True
Ukraine,EN10,False,1507091657426153479,@NatRothschild1 Have you made any donations to the people of the Ukraine Sir Rothschild. People like the super rich must put the hand in their pocket big time. I believe Mr Putin has banned your family from Russia so time to get some stuff to help Zelensky.,Have you made any donations to the people of the Ukraine Sir Rothschild. People like the super rich must put the hand in their pocket big time. I believe Mr Putin has banned your family from Russia so time to get some stuff to help Zelensky.,0.95,1,1,1,True
Ukraine,EN05,False,1507250299026739201,"RT @inosabii: Zelensky Fled to Poland and is 'Hiding in US Embassy', Ukrainian Lawmaker Says https://t.co/CKMJSISAWs","RT : Zelensky Fled to Poland and is 'Hiding in US Embassy', Ukrainian Lawmaker Says",0.95,1,1,1,True
Ukraine,EN09,True,1503096022196756481,"@MarvinMilton2 Okay so he fled Kiev. 
That doesn’t change the fact that the Snake Island “Go fuck yourself” story was a lie, Zelensky being on the front lines was a lie, or the Ghost of Kiev is Sam Hyde.
Wake up, dude. The reason for evacs is to minimize citizen video. Your friend knows nothing","Okay so he fled Kiev. That doesn’t change the fact that the Snake Island “Go fuck yourself” story was a lie, Zelensky being on the front lines was a lie, or the Ghost of Kiev is Sam Hyde. Wake up, dude. The reason for evacs is to minimize citizen video. Your friend knows nothing",0.8977600000000001,1,1,1,True
Ukraine,EN03,False,1510924668152299525,"6/9 Russia wanted to liberate Ukraine from neo-nazis and stop the genocide in the Donbas. Ok, there were others such as NATO expansion but for now, focusing on those, Russia would seek to seize and control #Mariupol ""liberating it of the neo-nazi Azov Bn"".","6/9 Russia wanted to liberate Ukraine from neo-nazis and stop the genocide in the Donbas. Ok, there were others such as NATO expansion but for now, focusing on those, Russia would seek to seize and control Mariupol ""liberating it of the neo-nazi Azov Bn"".",0.95,1,1,1,True
Ukraine,EN02,Other,1511486237458067460,"President Volodymyr Zelensky, in a live video speech to the UN Security Council, called the Russians war criminals who he said killed families, raped women in front of their children, pillaged homes and left his country in ruins, “filled with mass graves.” https://t.co/h9KrhNL7Kr https://t.co/0jvtylPsYY","President Volodymyr Zelensky, in a live video speech to the UN Security Council, called the Russians war criminals who he said killed families, raped women in front of their children, pillaged homes and left his country in ruins, “filled with mass graves.”",0.95,1,1,1,True
Ukraine,EN08,True,1502353116523634689,"A Time cover showing Vladimir Putin with Hitler’s mustache isn’t real. It was created as art. The actual cover for the date on the fake one shows 11-year-old Orion Jean, who the magazine declared “kid of the year.”
https://t.co/5bmfcJUxiz","A Time cover showing Vladimir Putin with Hitler’s mustache isn’t real. It was created as art. The actual cover for the date on the fake one shows 11-year-old Orion Jean, who the magazine declared “kid of the year.”",0.95,1,1,1,True
Ukraine,EN01,Other,1511442312177590285,@marcomendicino @dianemariereid Is there a good reason the Russian Embassy in Canada is still functioning? Why haven't we expelled them?,Is there a good reason the Russian Embassy in Canada is still functioning? Why haven't we expelled them?,0.95,1,1,1,True
Ukraine,EN01,Other,1511072290435305473,@garry_keller The Russian Embassy in Canada is a propaganda hate machine referring to Ukrainians as “nazis”. Russian Ambassadors need to be expelled.,The Russian Embassy in Canada is a propaganda hate machine referring to Ukrainians as “nazis”. Russian Ambassadors need to be expelled.,0.95,1,1,1,True
Ukraine,EN03,True,1510792698776670213,"@ixPraDaJin @Dan_Marchais @mtracey You lied that Ukraine committed genocide in Donbas killing 14K civilians. You saw that somewhere and repeated it uncritically, no research on your part at all. The ""referendums"" were a joke and not even Russia recognized them initially.  https://t.co/ficsrcwVHr","You lied that Ukraine committed genocide in Donbas killing 14K civilians. You saw that somewhere and repeated it uncritically, no research on your part at all. The ""referendums"" were a joke and not even Russia recognized them initially.",0.95,1,1,1,True
Ukraine,EN06,Other,1511492966531096579,"As Ukraine war drags on, Pentagon makes long-term plans for Europe

https://t.co/ojBRaGqSzn","As Ukraine war drags on, Pentagon makes long-term plans for Europe",0.8832800000000001,1,1,1,True
Ukraine,EN01,True,1499442640021966854,@tip_ct @Kelledin @O2Rsystems @SunGolfandBlue @FactsAreBiased @angry_mema @H2Ofountains @Vincent03409491 @Karlton111 @michaeltmcc @JimlikesBB @LentSjaak @BSHerrle @PamelaEdwards @TheCenterStripe @Robb242 @patriot_1776US @LeeGrand18 @over23under18 @janethinde @JonRFleming @LadyBB85125431 @MiguelR630 @AngryFleas @nygpapi2000 @breckgirl4ever @JustinM11151153 @ArcherBM @okumamac73 @lostintheburbs @JohnFloridaMan @NOCwYt @DFred57 @vonninnyhammer @RapeMatters @paulguynj @4danielgibson @OnCableTv @actually_thor @AlmaBona @PootDibou @NickDone8 @teamphil @MarkChesney @commonpatriot @ForrestFernMist @StirredCrazy @Joe__312 @ArtysHouse @Mic5check Karl has a statement from the Russian embassy in Canada posted on his timeline. It’s pure propaganda.,Karl has a statement from the Russian embassy in Canada posted on his timeline. It’s pure propaganda.,0.95,1,1,1,True
Ukraine,EN04,False,1506818566888181762,"#Ukraine Tractor Division scores another Russian Tank.
Check eBay for listings. 
https://t.co/DBjYDK3drq",Ukraine Tractor Division scores another Russian Tank. Check eBay for listings.,0.95,1,1,1,True
Ukraine,EN08,Other,1505767317753368577,Hey Putin! You should be on the cover of Time magazine! As the biggest asshole since Hitler.,Hey Putin! You should be on the cover of Time magazine! As the biggest asshole since Hitler.,0.8428000000000001,1,1,1,True
Ukraine,EN02,True,1499942791522275339,"A TikTok video supposedly shows a missile system successfully gunning down a fighter jet taken in the ongoing Russia-Ukraine war. 

We #VERAfied the video and found it is actually a gameplay of Arma 3, a video game. #UkraineFacts

Read the full story here: https://t.co/7C7RnqfgOF https://t.co/WUDpFy5ESO","A TikTok video supposedly shows a missile system successfully gunning down a fighter jet taken in the ongoing Russia-Ukraine war. We VERAfied the video and found it is actually a gameplay of Arma 3, a video game. UkraineFacts Read the full story here:",0.95,1,1,1,True
Ukraine,EN01,Other,1511134782767443973,@AnitaAnandMP @NATO Remove EVERY war criminal russian diplomat or propagandist from Canada now. Shut down that horrible Russian Embassy in Canada account!,Remove EVERY war criminal russian diplomat or propagandist from Canada now. Shut down that horrible Russian Embassy in Canada account!,0.95,1,1,1,True
Ukraine,EN09,False,1506760346522038277,"@relaxationist @andersostlund The ghost of Kyiv was real, it was a Ukrainian Air Force Colonel who was eventually shot down by a Russian SAM, but not before shooting down 6 Russian aircraft.","The ghost of Kyiv was real, it was a Ukrainian Air Force Colonel who was eventually shot down by a Russian SAM, but not before shooting down 6 Russian aircraft.",0.95,1,1,1,True
Ukraine,EN06,True,1503645038727041024,Well... I'm shocked I tell you... really shocked... well not really. My cooker sister thinks that the war in Ukraine isn't real. That the maternity hospital bombing in Mariupol was staged and that the blogger was a crisis actor.,Well... I'm shocked I tell you... really shocked... well not really. My cooker sister thinks that the war in Ukraine isn't real. That the maternity hospital bombing in Mariupol was staged and that the blogger was a crisis actor.,0.95,1,1,1,True
Ukraine,EN05,Other,1511250285087412224,"@guardian $20,000 for 100,000,000.
Does that make 12 zeros?
Yes.
There are 40 m Ukrainian people. 
President Zelensky should be saying,HEY!!!What about that cash to rebuild Ukraine invest in eco friendly and give people suffering a hard time some cash to go out with in Poland?","$20,000 for 100,000,000. Does that make 12 zeros? Yes. There are 40 m Ukrainian people. President Zelensky should be saying,HEY!!!What about that cash to rebuild Ukraine invest in eco friendly and give people suffering a hard time some cash to go out with in Poland?",0.95,1,1,1,True
Ukraine,EN04,Other,1511037218319740935,Check out Tamiya 1/35 Russian Tank Destroyer SU122 Model Kit. Kit #MM193 Complete Kit Mint #Tamiya https://t.co/giouWxiO9J via @eBay 🔥🛒 Vintage Model Sale Going On Now! Save On All Inventory! Shop Now! New Items Listed Daily.🛒🔥,Check out Tamiya 1/35 Russian Tank Destroyer SU122 Model Kit. Kit MM193 Complete Kit Mint Tamiya via 🔥🛒 Vintage Model Sale Going On Now! Save On All Inventory! Shop Now! New Items Listed Daily.🛒🔥,0.93288,1,1,1,True
Ukraine,EN06,False,1510207869643276290,"@JoeDaActivist When we told them the war is not real they said we're insensitive, lot of shit that's happening is staged they trying to distract y'all. Only few can see behind their bullshit.","When we told them the war is not real they said we're insensitive, lot of shit that's happening is staged they trying to distract y'all. Only few can see behind their bullshit.",0.95,1,1,1,True
Ukraine,EN03,True,1511091673329250304,"@PamJulian8 @BellaWallerstei @GBNEWS Russia has made false claims before. It sought to justify its invasion of Georgia in 2008 and annexation of Crimea in 2014 by framing them as humanitarian interventions.
If Russia truly believed genocide is taking place in Donbas, it could have made a case
https://t.co/yXQzaOFedv","Russia has made false claims before. It sought to justify its invasion of Georgia in 2008 and annexation of Crimea in 2014 by framing them as humanitarian interventions. If Russia truly believed genocide is taking place in Donbas, it could have made a case",0.95,1,1,1,True
Ukraine,EN07,True,1498651118313906177,Did former Miss Ukraine Anastasiia Lenna actually join the military forces to fight Russia? The model explains https://t.co/xQwnPanb0P https://t.co/HZLbmb2cI0,Did former Miss Ukraine Anastasiia Lenna actually join the military forces to fight Russia? The model explains,0.9444,1,1,1,True
Ukraine,EN02,True,1507432715771166723,"Ukraine again apparently following Russian footsteps by posting video game footage as military operations

L: Ukraine MoD clip on shootdown of K-52 helicopters in Kherson (actually from Arma 3)
R: Russia MoD clip on evidence of US support to ISIS (really AC-130 Gunship Simulator) https://t.co/86lFtcp0mD",Ukraine again apparently following Russian footsteps by posting video game footage as military operations L: Ukraine MoD clip on shootdown of K-52 helicopters in Kherson (actually from Arma 3) R: Russia MoD clip on evidence of US support to ISIS (really AC-130 Gunship Simulator),0.95,1,1,1,True
Ukraine,EN04,Other,1506842277339361282,"@Angelo4justice3 Nah!, I want a Russian Tank.
Just missed the one on Ebay.","Nah!, I want a Russian Tank. Just missed the one on Ebay.",0.95,1,1,1,True
Ukraine,EN10,Other,1507034136472690689,"@TacTram_OD @maryman31794828 @FairlyAdept No. Russia banned Open Societies a Soros organization, but there currently no arrest warrant in place. 
https://t.co/JiLvnc6jIN","No. Russia banned Open Societies a Soros organization, but there currently no arrest warrant in place.",0.8256800000000001,1,1,1,True
Ukraine,EN05,False,1506464771482451971,"@Richie3Kelly @rgdran @Reuters Half of Mariupol (key town with most of Azov military) is under Russian control (videos of evacuations from various districts prove some of that), videos of troop movement within town, The Capital Kiev is surrounded and under siege, Zelensky has fled to Poland. It's a catastrophe","Half of Mariupol (key town with most of Azov military) is under Russian control (videos of evacuations from various districts prove some of that), videos of troop movement within town, The Capital Kiev is surrounded and under siege, Zelensky has fled to Poland. It's a catastrophe",0.95,1,1,1,True
Ukraine,EN01,Other,1499198624663748611,"This is a form of #CyberAttack on Canada. 

Both far-left and far-right accounts in Canada have  started to share #RussianDisinformation related to the #UkraineInvasion. This anti-vax group's account RT'd the Russian embassy's gaslighting statement on #Ukraine.

via @jhrnews https://t.co/RrivDyn6j8",This is a form of CyberAttack on Canada. Both far-left and far-right accounts in Canada have started to share RussianDisinformation related to the UkraineInvasion. This anti-vax group's account RT'd the Russian embassy's gaslighting statement on Ukraine. via,0.95,1,1,1,True
Ukraine,EN06,Other,1508127325015093249,"@OSINT_Tactical I think it’s a real video, but since it’s come out people are alleging it’s staged. @ars_faivre seems to have somewhat of a case. Unfortunately not surprising we see war crimes on both sides.","I think it’s a real video, but since it’s come out people are alleging it’s staged. seems to have somewhat of a case. Unfortunately not surprising we see war crimes on both sides.",0.95,1,1,1,True
Ukraine,EN06,Other,1510642985637097478,"I have a real problem with cavalier attitudes about war.

What led us to this point?  The Ukrainian government bombing its own people for 8 years after a CIA coup.

We have seen how these scenes have been staged for over a month.

I want real evidence.  Not propaganda. https://t.co/DtdDxxSsw3",I have a real problem with cavalier attitudes about war. What led us to this point? The Ukrainian government bombing its own people for 8 years after a CIA coup. We have seen how these scenes have been staged for over a month. I want real evidence. Not propaganda.,0.95,1,1,1,True
Ukraine,EN04,Other,1511471786529017865,"98-year-old Oleksii Shcherbo walks past his burnt house and a destroyed Russian tank in the village of Sloboda, outside Chernihiv, on Tuesday. 

https://t.co/voURWMn6DG

📷 Marko Djurica / Reuters https://t.co/O04oT8WR0H","98-year-old Oleksii Shcherbo walks past his burnt house and a destroyed Russian tank in the village of Sloboda, outside Chernihiv, on Tuesday. 📷 Marko Djurica / Reuters",0.93464,1,1,1,True
Ukraine,EN05,False,1507087128651468800,"RT @CiroBrajer: nekam veliko je tega
Ukrainian President Volodymyr Zelensky ""urgently"" left Kiev for Poland following the Russian military…","RT : nekam veliko je tega Ukrainian President Volodymyr Zelensky ""urgently"" left Kiev for Poland following the Russian military…",0.95,1,1,1,True
Ukraine,EN08,Other,1505101281718947842,"""This trend has reached a crescendo in recent weeks as mainstream commentators and politicians whitewash overtly neo-Nazi paramilitary groups in Ukraine and, at the same time, declare Putin to be the new Hitler – or worse.""
https://t.co/00sxJGiroA","""This trend has reached a crescendo in recent weeks as mainstream commentators and politicians whitewash overtly neo-Nazi paramilitary groups in Ukraine and, at the same time, declare Putin to be the new Hitler – or worse.""",0.95,1,1,1,True
Ukraine,EN10,Other,1511463922200625159,"@ryansatin They have it now, but you have to pay for it. It's called Twitter blue or something. There's going to be a lot of changes around here (Twitter). Get ready for free speech again. Ban an American POTUS, but war criminal Putin has an active Twitter. Yes, that's happening in the USA","They have it now, but you have to pay for it. It's called Twitter blue or something. There's going to be a lot of changes around here (Twitter). Get ready for free speech again. Ban an American POTUS, but war criminal Putin has an active Twitter. Yes, that's happening in the USA",0.8564,1,1,1,True
Ukraine,EN01,Other,1499187381949198337,Russian Embassy In Canada Statement https://t.co/JXqur0sutK,Russian Embassy In Canada Statement,0.95,1,1,1,True
Ukraine,EN06,Other,1508422717019631616,"I think its telling of types of ppl, if u believe it was real u probably believe in the vax and msm, if u know it was staged, yr a critical thinker that see's everythg is staged, vax, covid, war, this was a distraction, it worked. Here we are talking bout it. Not Ukraine or covid https://t.co/MIAs3aBWp8","I think its telling of types of ppl, if u believe it was real u probably believe in the vax and msm, if u know it was staged, yr a critical thinker that see's everythg is staged, vax, covid, war, this was a distraction, it worked. Here we are talking bout it. Not Ukraine or covid",0.95,1,1,1,True
Ukraine,EN06,Other,1504221104679829509,"@jobe_bell @HannaLiubakova Think it’s a coup? 🤔 I don’t know. But it could be a false flag. A staged event so Belarus could enter the war… &; blame the Ukrainians. We’d know for sure, as to what was hit &; what was not. No real structural damage or injuries, then could be staged.","Think it’s a coup? 🤔 I don’t know. But it could be a false flag. A staged event so Belarus could enter the war… &; blame the Ukrainians. We’d know for sure, as to what was hit &; what was not. No real structural damage or injuries, then could be staged.",0.95,1,1,1,True
Ukraine,EN01,Other,1511097524244738048,"@CandiceBergenMP Candice Bergen: The horrific images of mass graves coming out of Bucha…

Can the Conservatives ‘encourage’ the Singh/ Turdeau  gov shutting down the Russian embassy in Canada?",Candice Bergen: The horrific images of mass graves coming out of Bucha… Can the Conservatives ‘encourage’ the Singh/ Turdeau gov shutting down the Russian embassy in Canada?,0.95,1,1,1,True
Ukraine,EN04,Other,1511351246485078024,"Mounted and painted model of russian t-34-85 tank... ""no.174."" factory at 1/16... https://t.co/iTjBHlaczT eBay https://t.co/x5BQdnYS5t","Mounted and painted model of russian t-34-85 tank... ""no.174."" factory at 1/16... eBay",0.95,1,1,1,True
Ukraine,EN06,Other,1511492991101423616,"@RALee85 Killing a POW is a crime. 
But there's no war, according to Russia, so there can't be any prisoners of war. 
It could be taken as a criminal act done by affect. I personally can count quite a lot reasons to be more than enough affected in Ukraine these days.","Killing a POW is a crime. But there's no war, according to Russia, so there can't be any prisoners of war. It could be taken as a criminal act done by affect. I personally can count quite a lot reasons to be more than enough affected in Ukraine these days.",0.95,1,1,1,True
Ukraine,EN01,False,1500293086123020289,@KimIversenShow This is a statement from the Russian Embassy in Canada: It came from the exhaustive article on the R/U conflict at t w i t t e r  b a n n e d  i t  s o r r y https://t.co/Z87486BOvF,This is a statement from the Russian Embassy in Canada: It came from the exhaustive article on the R/U conflict at t w i t t e r b a n n e d i t s o r r y,0.95,1,1,1,True
Ukraine,EN05,Other,1511373031263936513,"@Skot69 1) Why should Ukrainians be the sacrificial lambs for the world, if what you say is true?
2) Russia has made it clear that this won't stop w/UA. Baltics and Poland are also in the cross-hairs. 
3) Zelensky didn't invade Russia. Russia invaded Ukraine. In 2014, and again in 2022.","1) Why should Ukrainians be the sacrificial lambs for the world, if what you say is true? 2) Russia has made it clear that this won't stop w/UA. Baltics and Poland are also in the cross-hairs. 3) Zelensky didn't invade Russia. Russia invaded Ukraine. In 2014, and again in 2022.",0.95,1,1,1,True
Ukraine,EN06,False,1511493167908065284,"@TAPSTRIMEDIA @johncusack Russia is no worse than the US, these people love war, straight from COVID to Ukraine. Nothing in this world is left to chance, the pendulum theory does not exist in society, ALL OF THIS IS BY DESIGN. I think Putin is on board but i pray he’s targeting the Deepstate 🤷‍♂️","Russia is no worse than the US, these people love war, straight from COVID to Ukraine. Nothing in this world is left to chance, the pendulum theory does not exist in society, ALL OF THIS IS BY DESIGN. I think Putin is on board but i pray he’s targeting the Deepstate 🤷‍♂️",0.95,1,1,1,True
Ukraine,EN06,Other,1511493866175692802,How many have really died in Russia's Ukraine war? - Asia Times https://t.co/EBmvCZS2MV,How many have really died in Russia's Ukraine war? - Asia Times,0.95,1,1,1,True
Ukraine,EN01,True,1511133190584426497,@SeamusORegan Its time to shut down the hate and lies on Russian Embassy in Canada Twitter. Everyone of these butchers must be removed from this country. Enablers of war crimes and pushing vile propaganda. Please at least remove this channel for their horrible crap.,Its time to shut down the hate and lies on Russian Embassy in Canada Twitter. Everyone of these butchers must be removed from this country. Enablers of war crimes and pushing vile propaganda. Please at least remove this channel for their horrible crap.,0.95,1,1,1,True
Ukraine,EN08,Other,1511490131869511685,How can any government hear and read the horror stories happening in the previously Russian occupied cities like Bucha and Borodianka and continue to stand by. How similar does Putin have to be to Hitler before he’s stopped? How many civilians have to die…how many children…,How can any government hear and read the horror stories happening in the previously Russian occupied cities like Bucha and Borodianka and continue to stand by. How similar does Putin have to be to Hitler before he’s stopped? How many civilians have to die…how many children…,0.95,1,1,1,True
Ukraine,EN05,True,1509812689601802240,"@afshinrattansi After you told us that Zelensky had fled to Poland, and it now appears he did not, surely you can at least give us an explanation? Useless informant, Russian propaganda. what was it?","After you told us that Zelensky had fled to Poland, and it now appears he did not, surely you can at least give us an explanation? Useless informant, Russian propaganda. what was it?",0.95,1,1,1,True
Ukraine,EN01,True,1499157789436006410,"@FO_Coalition @CanadaFP @RightsGAC I’m amazed that you missed this statement issued by the Russian embassy online in Canada! Stop the spread of disinformation, starting at home by adding a red disclaimer sticker warning of disinformation, and fact check inserts to this harmful statement! This is shameful! https://t.co/ltcvfc9n33","I’m amazed that you missed this statement issued by the Russian embassy online in Canada! Stop the spread of disinformation, starting at home by adding a red disclaimer sticker warning of disinformation, and fact check inserts to this harmful statement! This is shameful!",0.95,1,1,1,True
Ukraine,EN05,False,1507612665316847619,"@isionshyproper I turned on the TV and this creature was doing a full fledged propaganda monologue about Zelensky's heroism.

I understand why he fled, I'm saying that western media is carrying water for him. He's most likely in Poland, or maybe far western Ukraine in a bunker somewhere","I turned on the TV and this creature was doing a full fledged propaganda monologue about Zelensky's heroism. I understand why he fled, I'm saying that western media is carrying water for him. He's most likely in Poland, or maybe far western Ukraine in a bunker somewhere",0.95,1,1,1,True
Ukraine,EN03,Other,1511454794573099012,"@HomelessBanker @Lowlander25 @RWApodcast 1. When your area is ruled by dhead warlords like in donbas... you'd move anywhere you could. And going to Ukraine wasn't possible. So they chose to go to the only place they could... Russia.
2. If they couldn't leave after the invasion... why are there so many going to north?",1. When your area is ruled by dhead warlords like in donbas... you'd move anywhere you could. And going to Ukraine wasn't possible. So they chose to go to the only place they could... Russia. 2. If they couldn't leave after the invasion... why are there so many going to north?,0.95,1,1,1,True
Ukraine,EN02,Other,1511464951839399936,Zelenskyy shows UN graphic video highlighting ‘terrible’ Russia war crimes in Ukraine - National | https://t.co/DQ02WWYrkC https://t.co/bkdY8B5EuV,Zelenskyy shows UN graphic video highlighting ‘terrible’ Russia war crimes in Ukraine - National |,0.95,1,1,1,True
Ukraine,EN05,Other,1511327824765984770,#Zelensky is Leading #Ukrainians to Extinction. History has Never Been Kind to #Ukraine. https://t.co/MzYg5JWaVP #msnbc #foxnews #nytimes #cnn #wsj #cnbc #politico #huffpost #newsmax #gop #npr #fox #nyt #wapo #nbc #cbs #NATO #EU #g7 #drudge #germany #lviv #poland #AzovBattalion,Zelensky is Leading Ukrainians to Extinction. History has Never Been Kind to Ukraine. msnbc foxnews nytimes cnn wsj cnbc politico huffpost newsmax gop npr fox nyt wapo nbc cbs NATO EU g7 drudge germany lviv poland AzovBattalion,0.95,1,1,1,True
Ukraine,EN06,Other,1510767199358697475,"Amidst the unrelenting propaganda, it is impossible to determine whether or not Russia is committing war crimes. But accepting that the videos are real and not staged, what has Russia done that the United States did not do in Fallujah? Watch the video.
https://t.co/76LaoT2xsg","Amidst the unrelenting propaganda, it is impossible to determine whether or not Russia is committing war crimes. But accepting that the videos are real and not staged, what has Russia done that the United States did not do in Fallujah? Watch the video.",0.95,1,1,1,True
Ukraine,EN07,Other,1504646228289761291,"🇸🇻 The former Miss Ukraine, Anastasiia Lenna, continues from her trench ""promoting"" that the Ukrainians maintain the defense of their country against the Russian invasion.  #elsalvador #mostliked https://t.co/vdXtR7cuBA","🇸🇻 The former Miss Ukraine, Anastasiia Lenna, continues from her trench ""promoting"" that the Ukrainians maintain the defense of their country against the Russian invasion. elsalvador mostliked",0.95,1,1,1,True
Ukraine,EN06,Other,1511493226489864195,"@PatriotGamesUS4 Yes, I believe it will end once Russia flees.

Ukraine want's peace. Not war.

I dont know how you got the idea into your gead, that Ukraine wants to take Moscow....","Yes, I believe it will end once Russia flees. Ukraine want's peace. Not war. I dont know how you got the idea into your gead, that Ukraine wants to take Moscow....",0.95,1,1,1,True
Ukraine,EN01,False,1499378807492415490,"@RealCandaceO A statement from the Russian embassy in Canada.
https://t.co/11nPWQ7ZX6",A statement from the Russian embassy in Canada.,0.95,1,1,1,True
Ukraine,EN03,Other,1511402138009694208,"More genocide. Different city. Next up? 
—
#Russia appears to be pivoting to try to seize the eastern city of #Sloviansk … an effort that would connect its soldiers with Russia-backed forces in the region of #Donbas. #Ukraine #RussianWarCrimes 

https://t.co/EQz6FMiFXX",More genocide. Different city. Next up? — Russia appears to be pivoting to try to seize the eastern city of Sloviansk … an effort that would connect its soldiers with Russia-backed forces in the region of Donbas. Ukraine RussianWarCrimes,0.95,1,1,1,True
Ukraine,EN07,True,1504606116499660800,"@Aftonbladet Kanske ni ska ta bort denna artikel eftersom den är FAKE…

USA Today:
Based on our research, we rate FALSE the claim that former Miss Grand Ukraine Anastasiia Lenna joined the Ukrainian military. https://t.co/cp0iXQgUzi","Kanske ni ska ta bort denna artikel eftersom den är FAKE… USA Today: Based on our research, we rate FALSE the claim that former Miss Grand Ukraine Anastasiia Lenna joined the Ukrainian military.",0.95,1,1,1,True
Ukraine,EN06,Other,1511493439841443847,Russian opposition leader Aleksei A. Navalny said Russia’s state media bore much of the blame for alleged atrocities by Russian forces in Ukraine because of how much hatred they had sowed. He called for international sanctions against Russian state TV https://t.co/drZzGIubcS,Russian opposition leader Aleksei A. Navalny said Russia’s state media bore much of the blame for alleged atrocities by Russian forces in Ukraine because of how much hatred they had sowed. He called for international sanctions against Russian state TV,0.9184,1,1,1,True
Ukraine,EN02,Other,1498712145688956928,"@Sinokei_ @WulfyWaffle @Shocktrooper262 yeah taking Ls in arma 3 and DCS, bruh if Ukraine had the air superiority and saw that column, they would turn them into dust. the lack of Ukrainian air presence is the reason Russia moved so fast into the country
you underestimate precision missiles and artillery","yeah taking Ls in arma 3 and DCS, bruh if Ukraine had the air superiority and saw that column, they would turn them into dust. the lack of Ukrainian air presence is the reason Russia moved so fast into the country you underestimate precision missiles and artillery",0.95,1,1,1,True
Ukraine,EN01,Other,1511126766567542787,@A__Alimov @RussianEmbassyC Russian Embassy in Canada go back to your miserable country. Stop Putin. Free your people and stop oppressing others. #StopRussianAgression,Russian Embassy in Canada go back to your miserable country. Stop Putin. Free your people and stop oppressing others. StopRussianAgression,0.95,1,1,1,True
Ukraine,EN01,Other,1499380760372985860,Original statement made by the Russian Embassy of Canada. https://t.co/f027kH3MKD,Original statement made by the Russian Embassy of Canada.,0.95,1,1,1,True
Ukraine,EN05,Other,1505995548880359428,"@EricMMatheny Pt 2: Millions of refugees have fled to UK, Poland, Canada, &; other countries. How will they be able to access those donations? Or are these donations going to Zelensky's regime?","Pt 2: Millions of refugees have fled to UK, Poland, Canada, &; other countries. How will they be able to access those donations? Or are these donations going to Zelensky's regime?",0.94496,1,1,1,True
Ukraine,EN05,Other,1507136896811646989,"RT @Holysugar2343: @MaxBlumenthal I'm a Ukrainian from Donbass, I'm not leaving here until I want to, let Zelensky deport his ass from Ukra…","RT : I'm a Ukrainian from Donbass, I'm not leaving here until I want to, let Zelensky deport his ass from Ukra…",0.95,1,1,1,True
Ukraine,EN01,False,1499217574587879427,"This statement is from the Russian Embassy in Canada, issued yesterday.
When are they leaving Canadian soil again? It can't happen soon enough.
#Russia #PutinsWar #UkraineUnderAttack #RussiaGoToHell https://t.co/0XrmYYxPHN","This statement is from the Russian Embassy in Canada, issued yesterday. When are they leaving Canadian soil again? It can't happen soon enough. Russia PutinsWar UkraineUnderAttack RussiaGoToHell",0.95,1,1,1,True
Ukraine,EN02,True,1499275858376544257,"🚨 #FakeNewsAlert -Arma-3 video game visuals shared as a live video of war between Russia and Ukraine✅
#Ukraine 
Read #FactCheck -
https://t.co/jzIH07tF7H",🚨 FakeNewsAlert -Arma-3 video game visuals shared as a live video of war between Russia and Ukraine✅ Ukraine Read FactCheck -,0.95,1,1,1,True
Ukraine,EN04,True,1507456504265379841,"@OleGelo5 Speaking of Russian tanks, our parent company's VERIFY team recently debunked a rumor that a fully-functional Russian T-72 tank was for sale on eBay. Viral social media posts had wrongly claimed the tank was up for auction.","Speaking of Russian tanks, our parent company's VERIFY team recently debunked a rumor that a fully-functional Russian T-72 tank was for sale on eBay. Viral social media posts had wrongly claimed the tank was up for auction.",0.95,1,1,1,True
Ukraine,EN06,Other,1511493318340882434,@NFLiberal @ChrisWithTheW @MySportsUpdate Nah I dislike them both but I'm sure as hell against sending taxpayer money to Ukraine just cuz they are anti Russia. And thr hypocrisy is astounding. Nato protects all anti Russian war crimes it seems.,Nah I dislike them both but I'm sure as hell against sending taxpayer money to Ukraine just cuz they are anti Russia. And thr hypocrisy is astounding. Nato protects all anti Russian war crimes it seems.,0.95,1,1,1,True
Ukraine,EN06,Other,1511492884268150785,"Russia says it received $3.6 billion less than it forecast from March oil and gas sales, suggesting the Ukraine war and Western sanctions hit exports https://t.co/St6aGAOo1Y","Russia says it received $3.6 billion less than it forecast from March oil and gas sales, suggesting the Ukraine war and Western sanctions hit exports",0.95,1,1,1,True
Ukraine,EN03,False,1510900355101609986,"@intars91 @KidamPoputBaste @Eurohoopsnet And in that so called intervention they took legitimate part of Serbia -kosovo,who is always been Serbian land!What Ukraine doing for 8 years in donbas, isn't that genocide and torturing of innocent people who wants to live in own state just like Albanians wanted in Kosovo","And in that so called intervention they took legitimate part of Serbia -kosovo,who is always been Serbian land!What Ukraine doing for 8 years in donbas, isn't that genocide and torturing of innocent people who wants to live in own state just like Albanians wanted in Kosovo",0.95,1,1,1,True
Ukraine,EN03,Other,1511469969892155393,"@BTnewsroom @parisyeros @RaniaKhalek Sounds like Russia should withdraw today, from all of Ukraine, including Crimea and Donbas.","Sounds like Russia should withdraw today, from all of Ukraine, including Crimea and Donbas.",0.95,1,1,1,True
Ukraine,EN03,Other,1511459674029232131,Russian conscripts reveal dire conditions of fighting in Ukraine https://t.co/OqqM0pPvUm via @MailOnline,Russian conscripts reveal dire conditions of fighting in Ukraine via,0.91256,1,1,1,True
Ukraine,EN01,Other,1511397561193701388,"I am glad to see that calls to expel Russian embassy staff from Canada have gathered momentum. Unfortunately, it seems like that is the case because of our inaction. 

I obviously agree that the ambassador should be expelled along with any staff suspected of espionage links. https://t.co/a8BiS0dUWq","I am glad to see that calls to expel Russian embassy staff from Canada have gathered momentum. Unfortunately, it seems like that is the case because of our inaction. I obviously agree that the ambassador should be expelled along with any staff suspected of espionage links.",0.95,1,1,1,True
Ukraine,EN05,False,1508091098341670914,"@WytChocTweets @KevorkAlmassian the fact is Russia already on ukraine land NOW!!!

NATO/USA only watching😂
meanwhile Zelensky already fled ukraine and now on Poland.

I believe you dont educate enough because you dont know the meaning embarassing..😂",the fact is Russia already on ukraine land NOW!!! NATO/USA only watching😂 meanwhile Zelensky already fled ukraine and now on Poland. I believe you dont educate enough because you dont know the meaning embarassing..😂,0.95,1,1,1,True
Ukraine,EN06,Other,1511493220915589120,"Under appreciated consequence of sanctions and reversing decades of globalization. 

How Russia's War In Ukraine Threatens Wheat Shortages, Rising Food Prices - Bloomberg https://t.co/7jBIkxkWAS","Under appreciated consequence of sanctions and reversing decades of globalization. How Russia's War In Ukraine Threatens Wheat Shortages, Rising Food Prices - Bloomberg",0.95,1,1,1,True
Ukraine,EN05,False,1509406124575006723,@BBCNews #Putin is one of the smartest world leaders and he has almost achieved all his strategic objectives in Ukraine. #Zelensky fled to #Poland last night and the #BBC has no journalists in #Ukraine,Putin is one of the smartest world leaders and he has almost achieved all his strategic objectives in Ukraine. Zelensky fled to Poland last night and the BBC has no journalists in Ukraine,0.95,1,1,1,True
Ukraine,EN01,True,1499207566110380036,@cnnbrk this is what the Russian embassy in Canada wanted the citizens of our country to know about the Ukrainian war and what they believe is the reason for them to attack Ukraine. All lies and ridiculous statement that a child would see it as lies! Propaganda only! https://t.co/v8FxX5DSNE,this is what the Russian embassy in Canada wanted the citizens of our country to know about the Ukrainian war and what they believe is the reason for them to attack Ukraine. All lies and ridiculous statement that a child would see it as lies! Propaganda only!,0.95,1,1,1,True
